time_s,gap_m,roi_mean_ppm,roi_std_ppm,roi_volume_m3,minimum_ppm,maximum_ppm,inventory_ppm_m3,deficit_ppm_m3,max_speed_m_s,budget_residual_ppm_m3,budget_fraction,divergence_s_inv,gcl_m3,max_courant,eddy_diffusivity_m2_s,source_umol_s,mouth_inflow_m3_s,mouth_outflow_m3_s,centre_low_ppm,centre_mid_ppm,centre_high_ppm,left_mid_ppm,right_mid_ppm,left_half_mean_ppm,right_half_mean_ppm,shell_volume_m3,shell_mean_ppm,shell_std_ppm,fans_on,fan_force_n,roi_mean_speed_m_s
0,0.0,400.0,0.0,96.0,400.0,400.0,520800.0000000001,0.0,1.5,0.0,0.0,0.0,0.0,0.0,0.0,-44.40047791098563,0.0,0.0,400.0,400.0,400.0,400.0,400.0000000000001,400.0,400.0,96.0,400.0,0.0,1,1.5383767444688012,0.0
0.25,0.0,399.9971711573564,0.017124329475420568,96.0,399.7854850174534,400.0000000000027,520799.72843110614,0.2715688938653704,1.5122013335829052,1.0125121741033638e-08,3.106983650636494e-11,5.523359547510154e-14,1.7139067942650854e-15,1.7898856466919142,0.02183529496232775,-44.40047791098563,0.0,0.0,399.9939472197173,399.9883891321278,399.9999999978471,399.9996489134769,399.9757029948633,399.9976926641036,399.9966496506092,96.0,399.9971711573564,0.017124329475420568,1,1.5383767444688012,0.005286049623374892
0.5,0.0,399.9943423146039,0.03415779041318482,96.0,399.57171561707275,400.0000000000026,520799.4568622019,0.543137798109917,1.5202942274837596,1.0006860451383659e-08,3.070694122189979e-11,1.4340380734741607e-15,4.163336342344337e-17,1.7703181797925776,0.021624345531476477,-44.40047791098563,0.0,0.0,399.98759006823457,399.97652317782246,399.999999936383,399.99922876058713,399.9519339025151,399.9953819361173,399.99330269309036,96.0,399.9943423146039,0.03415779041318482,1,1.5383767444688012,0.010504612405288485
0.75,0.0,399.9915134717822,0.05101126244428986,96.0,399.3596304985832,400.00000000000233,520799.18529329106,0.8147067089812587,1.5257763224399763,3.252755287341813e-09,9.98136887217389e-12,1.8503717077085944e-15,4.163336342344337e-17,1.7542978156082265,0.021441085824719677,-44.40047791098563,0.0,0.0,399.98069448522256,399.96414294916354,399.99999956237014,399.99868718480644,399.9290087755356,399.9930645320357,399.9899624115287,96.0,399.9915134717822,0.05101126244428986,1,1.5383767444688012,0.015601741758837868
1.0,0.0,399.98868462899026,0.06758908189729411,96.0,399.15024682694946,400.0000000000023,520798.913724383,1.0862756170216206,1.5287322488067192,-7.100537935400553e-10,2.1788632117485602e-12,1.8503717077085944e-15,4.163336342344337e-17,1.7412010090861678,0.0212892353443241,-44.40047791098563,0.0,0.0,399.97306651896827,399.9510025373911,399.999998232459,399.99797954387367,399.9067241996281,399.99073697443106,399.98663228354917,96.0,399.98868462899026,0.06758908189729411,1,1.5383767444688012,0.020537244282778307
1.25,0.0,399.98585578606895,0.08365472833628518,96.0,398.9474091619598,400.0000000000021,520798.6421554626,1.3578445374537587,1.5300208612076223,-1.7011352326790075e-08,5.22008474627567e-11,1.4173059888831766e-15,4.163336342344337e-17,1.730475805970411,0.021170931375746067,-44.40047791098563,0.0,0.0,399.9645758857164,399.9365372924343,399.99999472315824,399.99707026827593,399.88509181864003,399.9883963483946,399.9833152237434,96.0,399.98585578606895,0.08365472833628518,1,1.5383767444688012,0.02528590814472922
1.5,0.0,399.98302694333387,0.09916894399675684,96.0,398.7557148949571,400.0000000000019,520798.37058656005,1.6294134400201368,1.533467591977447,-1.5443041068152752e-08,4.7388344893086006e-11,1.4173059888831766e-15,4.163336342344337e-17,1.7216747714730611,0.021089893033282636,-44.40047791098563,0.0,0.0,399.95516482592524,399.92006540570725,399.99998691387674,399.9959338530402,399.86434322617697,399.9860397961,399.98001409056786,96.0,399.98302694333387,0.09916894399675684,1,1.5383767444688012,0.029836125039161002
1.75,0.0,399.98019810061896,0.11412226013453133,96.0,398.57354833624015,400.00000000000176,520798.0990176594,1.9009823406540451,1.5378770778172115,-1.2014642614133209e-08,3.6867999343721054e-11,1.776356839400251e-15,5.551115123125783e-17,1.7144446691723267,0.021026893184223513,-44.40047791098563,0.0,0.0,399.94484427803457,399.90186313056313,399.9999715560407,399.99455505444536,399.8447290251882,399.98366358671564,399.9767326145223,96.0,399.98019810061896,0.11412226013453133,1,1.5383767444688012,0.0341877233616723
2.0,0.0,399.9773692579336,0.12853069683769666,96.0,398.40045771325885,400.0000000000017,520797.8274487616,2.172551238447102,1.5416531700931155,-5.675775849312004e-09,1.741662294984871e-11,1.8503717077085944e-15,4.163336342344337e-17,1.7094524345541993,0.020976640568099548,-44.40047791098563,0.0,0.0,399.93371111257096,399.8820339231511,399.999943693133,399.9929256861868,399.8263941656891,399.98126493719354,399.97347357867375,96.0,399.9773692579336,0.12853069683769666,1,1.5383767444688012,0.03834758466272665
2.25,0.0,399.97454041528226,0.142189226314437,96.0,398.2363730135375,400.00000000000153,520797.55587986705,2.4441201329778655,1.544807709875893,3.86527965190453e-09,1.1860954357650322e-11,1.4173059888831793e-15,4.163336342344337e-17,1.7058017930593021,0.020936189702974367,-44.40047791098563,0.0,0.0,399.92191993621685,399.86060397777135,399.99989683942727,399.9910491219081,399.8094596863038,399.9788415110234,399.9702393195412,96.0,399.97454041528226,0.142189226314437,1,1.5383767444688012,0.04232401287682325
2.5,0.0,399.97171157265956,0.15519135167310896,96.0,398.08158685929425,400.00000000000153,520797.2843109753,2.7156890247631713,1.548269174309002,1.6200729202608954e-08,4.9713378316137335e-11,1.4802973661668755e-15,4.163336342344337e-17,1.7028537067675302,0.020903364819392044,-44.40047791098563,0.0,0.0,399.9097208180884,399.8377676135309,399.99982285770636,399.98893854833125,399.7940198029745,399.97639143854093,399.9670317067782,96.0,399.97171157265956,0.15519135167310896,1,1.5383767444688012,0.046129796660679095
2.75,0.0,399.9688827300479,0.16761742708609706,96.0,397.93636827001706,400.00000000000153,520797.01274208457,2.987257915484707,1.5514911346416365,2.958505351813301e-08,9.078436776865968e-11,1.4802973661668755e-15,4.163336342344337e-17,1.7004670611916992,0.020876515872667725,-44.40047791098563,0.0,0.0,399.8973079111347,399.8136935611558,399.9997119522819,399.986616388465,399.7801296784866,399.9739131038229,399.96385235627287,96.0,399.9688827300479,0.16761742708609706,1,1.5383767444688012,0.049778174163723106
3.0,0.0,399.96605388731683,0.17953398706726698,96.0,397.8004775031185,400.00000000000153,520796.7411731824,3.2588268176649664,1.5541405218059672,3.1500535957462716e-08,9.666219598079846e-11,1.4802973661668755e-15,4.163336342344337e-17,1.6985287060646874,0.020854367359789548,-44.40047791098563,0.0,0.0,399.8849496000959,399.7886334722852,399.9995528735335,399.98410915737634,399.76778433425636,399.9714053794387,399.960702395195,96.0,399.96605388731683,0.17953398706726698,1,1.5383767444688012,0.05328081921341715
3.25,0.0,399.9632250445846,0.19098486433789938,96.0,397.67434621612665,400.00000000000153,520796.4696042801,3.5303957199576486,1.5562689552544609,3.3300626256504984e-08,1.0218593314844927e-10,1.4173059888831793e-15,4.163336342344337e-17,1.6969475726372696,0.020841204773408055,-44.40047791098563,0.0,0.0,399.872875450179,399.76274258211834,399.99933298155537,399.9814525724624,399.7569616004557,399.96886738931033,399.9575826998589,96.0,399.9632250445846,0.19098486433789938,1,1.5383767444688012,0.056648021449979415
3.5,0.0,399.9603962018496,0.20200006768876494,96.0,397.558493183025,400.0000000000015,520796.19803537754,3.8019646225171813,1.5579421281399437,3.486987543155351e-08,1.0700131379803822e-10,1.417305988883182e-15,4.163336342344337e-17,1.6956493996765176,0.02084948157672784,-44.40047791098563,0.0,0.0,399.86128529176176,399.7361450697292,399.99903843223865,399.9786877594608,399.7476133438208,399.9662978573095,399.95449454638964,96.0,399.9603962018496,0.20200006768876494,1,1.5383767444688012,0.059889552721145246
3.75,0.0,399.95756735910976,0.2126184711600429,96.0,397.4533905421422,400.0000000000014,520795.92646647454,4.073533525540501,1.5592303620806778,3.597170117330961e-08,1.1038236407382202e-10,1.780982768669522e-15,4.163336342344337e-17,1.6945741025113636,0.020861336789556758,-44.40047791098563,0.0,0.0,399.8503475721621,399.7089555712519,399.9986543506433,399.9758624873964,399.73967508914234,399.9636953577176,399.951439360502,96.0,399.95756735910976,0.2126184711600429,1,1.5383767444688012,0.06301276889203439
4.0,0.0,399.95473851636206,0.22285176720732905,96.0,397.3594642772432,400.0000000000014,520795.6548975707,4.345102429324685,1.5602015621639476,3.625788114192119e-08,1.1126053275796968e-10,1.417305988883182e-15,4.163336342344337e-17,1.6936730343770923,0.020875595500842847,-44.40047791098563,0.0,0.0,399.8401911551441,399.68127983262343,399.9981650726319,399.9725486953935,399.73304693620844,399.96105848523894,399.9484185474851,96.0,399.95473851636206,0.22285176720732905,1,1.5383767444688012,0.06602543440808381
4.25,0.0,399.95190967360236,0.2327289710198497,96.0,397.2770063582539,400.0000000000014,520795.38332866575,4.616671334254413,1.5614063034966035,3.537911208439937e-08,1.0856395175456259e-10,1.4173059888831766e-15,4.163336342344337e-17,1.6929073139465494,0.020891269367786833,-44.40047791098563,0.0,0.0,399.8309165854718,399.6532131772418,399.9975545142208,399.96877532953033,399.7276200324141,399.9583857064561,399.9454336407485,96.0,399.95190967360236,0.2327289710198497,1,1.5383767444688012,0.06893540617619352
4.5,0.0,399.9490808308271,0.2422937248373929,96.0,397.2060335170165,400.0000000000012,520795.11175975937,4.888240240681749,1.5625477492319388,3.3105234997776734e-08,1.0158635769457034e-10,1.4988010832439613e-15,4.683753385137379e-17,1.6922468674648803,0.02090755887865647,-44.40047791098563,0.0,0.0,399.8225974294292,399.624844586241,399.9968065111688,399.96485306947795,399.7232661731339,399.95567556527226,399.94248609638197,96.0,399.9490808308271,0.2422937248373929,1,1.5383767444688012,0.07174663332675695
4.75,0.0,399.9462519880337,0.2516724094250566,96.0,397.14144397682105,400.000000000001,520794.8401908512,5.159809148848851,1.5634134918171128,2.90247603729199e-08,8.906505842476718e-11,1.4173059888831766e-15,4.163336342344337e-17,1.6916684443274137,0.020923842263600133,-44.40047791098563,0.0,0.0,399.8152751820824,399.5970358073425,399.99590520525555,399.96083081278016,399.7198477244671,399.95292672359665,399.93957725247066,96.0,399.9462519880337,0.2516724094250566,1,1.5383767444688012,0.07446385455405757
5.0,0.0,399.94342314521947,0.26083646688578016,96.0,397.0857299569313,400.00000000000085,520794.568621941,5.431378059006224,1.5640557365389935,2.2967385326921885e-08,7.047746440363293e-11,1.3322676295501878e-15,4.163336342344337e-17,1.6911545424089,0.020939659825192598,-44.40047791098563,0.0,0.0,399.80895160620855,399.56948975282035,399.994830277703,399.95676047928146,399.71722031208424,399.95013813032705,399.936708160112,96.0,399.94342314521947,0.26083646688578016,1,1.5383767444688012,0.07709201701930678
5.25,0.0,399.9405943023826,0.26969888774124484,96.0,397.04313789847794,400.00000000000085,520794.2970530287,5.702946971347691,1.5645198103746716,1.4754394150884309e-08,4.527517058492618e-11,1.8503717077085944e-15,4.163336342344337e-17,1.690692217041668,0.020954693494771384,-44.40047791098563,0.0,0.0,399.8035980315987,399.5413065314777,399.99356689115785,399.9526976443378,399.7152362806239,399.947307970805,399.93388063396014,96.0,399.9405943023826,0.26969888774124484,1,1.5383767444688012,0.07963788608080712
5.5,0.0,399.9377654595208,0.277877118384323,96.0,397.01275617581615,400.00000000000085,520794.02548411395,5.974515886082371,1.5648439771169458,4.0985002058846476e-09,1.2576612368232068e-11,1.4802973661668755e-15,4.163336342344337e-17,1.6902720569016136,0.020968742637647905,-44.40047791098563,0.0,0.0,399.7991789924083,399.5111180067656,399.99210269341825,399.9487006724173,399.7137483852055,399.94443089251223,399.9311000265293,96.0,399.9377654595208,0.277877118384323,1,1.5383767444688012,0.08210595295849953
5.75,0.0,399.9349366166313,0.28573564825561754,96.0,396.9937456535265,400.0000000000008,520793.7539151966,6.246084803476027,1.5650597873864092,-9.177818505179403e-09,2.8162952281885792e-11,1.4173059888831793e-15,4.163336342344337e-17,1.6898872811852943,0.020981700482049746,-44.40047791098563,0.0,0.0,399.7955812772583,399.48117804458025,399.9904274186898,399.94463438126934,399.7126083224099,399.9415086359413,399.92836459732126,96.0,399.9349366166313,0.28573564825561754,1,1.5383767444688012,0.08450234677040384
6.0,0.0,399.9321077737107,0.29309525724794044,96.0,396.9850357076879,400.0000000000008,520793.48234627617,6.517653723852517,1.5651927533680543,-2.548031030613629e-08,7.818859818097175e-11,1.61907524424502e-15,4.163336342344337e-17,1.6895330750253217,0.02099353186123912,-44.40047791098563,0.0,0.0,399.7926945829956,399.4529376203834,399.98853323120494,399.94063032214655,399.7116737686092,399.938534368458,399.9256811789633,96.0,399.9321077737107,0.29309525724794044,1,1.5383767444688012,0.08683267138948021
6.25,0.0,399.929278930751,0.300053495446555,96.0,396.9839860554694,400.0000000000008,520793.2107773521,6.789222647975263,1.5652631486418231,-4.545051002224909e-08,1.3946893199311007e-10,1.4802973661668755e-15,4.163336342344337e-17,1.6892059200090834,0.02100425370035683,-44.40047791098563,0.0,0.0,399.7904225007771,399.4263559894499,399.9864148794826,399.93676574124726,399.7108190600328,399.93551176606115,399.92304609544095,96.0,399.929278930751,0.300053495446555,1,1.5383767444688012,0.08910196795350923
6.5,0.0,399.9264500877395,0.3068993015604116,96.0,396.9884967870244,400.00000000000074,520792.9392084229,7.060791577080563,1.5652868461894844,-7.05423017777207e-08,2.16465326449763e-10,1.4802973661668755e-15,4.163336342344337e-17,1.6889032425324089,0.021013918320404064,-44.40047791098563,0.0,0.0,399.78865798136593,399.4007267565238,399.9840699439135,399.93307672551464,399.70992737886036,399.9324435558911,399.9204566195879,96.0,399.9264500877395,0.3068993015604116,1,1.5383767444688012,0.09131412108147174
6.75,0.0,399.92362124500414,0.31346889014415463,96.0,397.0065870429148,400.00000000000085,520792.66763952037,7.332360479668589,1.565276123675649,-6.89745869308922e-08,2.116546540227676e-10,1.4173059888831793e-15,4.163336342344337e-17,1.688623128832894,0.021022599907051104,-44.40047791098563,0.0,0.0,399.7873154313239,399.37596216989806,399.9814990435976,399.92959777303804,399.70888800432255,399.92932942351416,399.91791306649424,96.0,399.92362124500414,0.31346889014415463,1,1.5383767444688012,0.09347080386979308
7.0,0.0,399.9207924022897,0.3198948642524448,96.0,397.0297381734434,400.00000000000085,520792.3960706198,7.603929380261707,1.565240341969163,-6.542860742086987e-08,2.007735005463782e-10,1.776356839400251e-15,5.551115123125783e-17,1.6883639418729057,0.0210303843782288,-44.40047791098563,0.0,0.0,399.7863123690381,399.3519366006074,399.9787054418488,399.92636225511194,399.70759966418245,399.9261700237355,399.91541478084383,96.0,399.9207924022897,0.3198948642524448,1,1.5383767444688012,0.0955737722257385
7.25,0.0,399.9179635596227,0.32624085746467746,96.0,397.0534010442314,400.00000000000085,520792.12450172374,7.87549827629667,1.5651865528123092,-5.740257069675181e-08,1.7614489308955843e-10,1.4173059888831793e-15,4.163336342344337e-17,1.6881241545644925,0.02103736184783444,-44.40047791098563,0.0,0.0,399.7855703288044,399.3285864836844,399.9756956362768,399.92340088996906,399.7059741972539,399.92296552216334,399.91296159708196,96.0,399.9179635596227,0.32624085746467746,1,1.5383767444688012,0.09762290477691356
7.5,0.0,399.91513471712506,0.3324013218076005,96.0,397.0761209583901,400.00000000000085,520791.85293284396,8.147067156063365,1.5651200245629588,-3.307713924982636e-08,1.0150014339338278e-10,1.4173059888831766e-15,4.163336342344337e-17,1.6879023612957804,0.021043621237304626,-44.40047791098563,0.0,0.0,399.78501846674936,399.3060625732881,399.97247938095273,399.9207419846486,399.7039374689642,399.91971493917555,399.91055449507456,96.0,399.91513471712506,0.3324013218076005,1,1.5383767444688012,0.09961954769700254
7.75,0.0,399.9123058741795,0.33830357779536535,96.0,397.0967912937213,400.00000000000085,520791.58136392117,8.418636078845354,1.5650446500391875,-5.176745254686921e-08,1.5885303190616604e-10,1.4802973661668755e-15,4.163336342344337e-17,1.6876972150112668,0.02104924697301909,-44.40047791098563,0.0,0.0,399.78459415022184,399.2850995180583,399.9690695863859,399.9184120734716,399.70143992268197,399.9164175376393,399.90819421071956,96.0,399.9123058741795,0.33830357779536535,1,1.5383767444688012,0.10156424130877391
8.0,0.0,399.9094770311019,0.34411748481287613,96.0,397.0727731023734,400.00000000000085,520791.3097949858,8.690205014289068,1.5649632766117778,-8.303113219199076e-08,2.5478841322851784e-10,1.4802973661668755e-15,4.163336342344337e-17,1.687507399310293,0.021054316891162394,-44.40047791098563,0.0,0.0,399.78423983140243,399.26488524756945,399.9654815746146,399.91643469566463,399.69845710164884,399.9130735644895,399.9058804977142,96.0,399.9094770311019,0.34411748481287613,1,1.5383767444688012,0.10345813403209199
8.25,0.0,399.9066481881038,0.3498636496109393,96.0,396.99538467813716,400.00000000000085,520791.03822605795,8.961773942101367,1.564877964060031,-1.0678596673585616e-07,3.276822355835172e-10,1.417305988883182e-15,4.401860820291148e-17,1.6873316137043157,0.021058901159246902,-44.40047791098563,0.0,0.0,399.7839143005042,399.24550414521565,399.961732628226,399.9148301925467,399.6949568772249,399.9096840792081,399.9036122969995,96.0,399.9066481881038,0.3498636496109393,1,1.5383767444688012,0.1053013031394925
8.5,0.0,399.90381934511134,0.3555570206245149,96.0,396.9179962539009,400.00000000000085,520790.7666571307,9.233342869375715,1.5647901885102795,-1.2995832676665486e-07,3.9878868309473924e-10,1.4802973661668755e-15,4.163336342344337e-17,1.6871685893289294,0.021063061929077132,-44.40047791098563,0.0,0.0,399.7835863706308,399.2270359509538,399.9578416947405,399.9136158837206,399.69091870125766,399.90624969244055,399.90138899778213,96.0,399.90381934511134,0.3555570206245149,1,1.5383767444688012,0.10709458234940117
8.75,0.0,399.90099050209557,0.3612111415100285,96.0,396.8406078296647,400.00000000000085,520790.49508820113,9.504911798888523,1.5647009956155913,-1.554010697901731e-07,4.768620027280763e-10,1.4173059888831793e-15,4.163336342344337e-17,1.687017096998281,0.02106685356015632,-44.40047791098563,0.0,0.0,399.7832342001143,399.2095575415135,399.95382915072315,399.91280557465046,399.6863225823965,399.9027710497962,399.899209954395,96.0,399.90099050209557,0.3612111415100285,1,1.5383767444688012,0.10883839291972948
9.0,0.0,399.8981616590508,0.3668057060774239,96.0,396.76321940542846,400.0000000000008,520790.2235192689,9.776480731187421,1.5646112175135032,-1.8352079678152222e-07,5.631498857353619e-10,1.4173059888831793e-15,4.163336342344337e-17,1.6868763276941783,0.02107032311572461,-44.40047791098563,0.0,0.0,399.7828449277024,399.19330101833253,399.94971652913273,399.91242614366223,399.68197817182147,399.8992490789001,399.89707423920146,96.0,399.8981616590508,0.3668057060774239,1,1.5383767444688012,0.11053385032894558
9.25,0.0,399.8953328160007,0.3723438897311098,96.0,396.68881995913574,400.0000000000008,520789.95195033605,10.048049664000906,1.5645215443741431,-2.122800690784743e-07,6.514002703887234e-10,1.4297012647842186e-15,4.163336342344337e-17,1.6867458517715506,0.021073512319559444,-44.40047791098563,0.0,0.0,399.7824126912026,399.1781669186663,399.9455265579661,399.91262031840745,399.6771964829515,399.89568494628156,399.89498068571976,96.0,399.8953328160007,0.3723438897311098,1,1.5383767444688012,0.11218223651063293
9.5,0.0,399.89250397299867,0.3777572625780252,96.0,396.6209065888332,400.0000000000008,520789.68038140784,10.31961859219399,1.5644323524471384,-2.3638113688662088e-07,7.253565403062726e-10,1.3322676295501882e-15,4.163336342344337e-17,1.6866248349770883,0.021076458233358082,-44.40047791098563,0.0,0.0,399.78194491513375,399.16488287598986,399.9412776430605,399.91334683371656,399.6717915535541,399.8920752254662,399.892932720531,96.0,399.89250397299867,0.3777572625780252,1,1.5383767444688012,0.11378518714896053
9.75,0.0,399.8896751300493,0.3829800037286657,96.0,396.55940728183504,400.0000000000008,520789.4088124847,10.59118751532668,1.5643439218254127,-2.554188203163221e-07,7.837753649633248e-10,1.4802973661668755e-15,4.163336342344337e-17,1.686512612275025,0.021079191499454183,-44.40047791098563,0.0,0.0,399.78145486989786,399.1547599935981,399.9369759065401,399.9145775309962,399.6657757348198,399.8884151077498,399.89093515234885,96.0,399.8896751300493,0.3829800037286657,1,1.5383767444688012,0.11534459073504803
10.0,0.0,399.88684628713463,0.38796757285230743,96.0,396.504159759255,400.0000000000008,520789.13724356494,10.86275643514048,1.564256409080576,-2.7108136890774404e-07,8.318372882127332e-10,1.4173059888831793e-15,4.163336342344337e-17,1.686408445733939,0.02108173867524052,-44.40047791098563,0.0,0.0,399.7809589450749,399.1441075894668,399.9326652357945,399.9163071124792,399.6591904622068,399.88471386919383,399.88897870507526,96.0,399.88684628713463,0.38796757285230743,1,1.5383767444688012,0.11686209109209784
10.25,0.0,399.88401744424976,0.3927608176313423,96.0,396.454922697283,400.00000000000074,520788.86567464797,11.134325352083462,1.5641698439019556,-2.839514277042099e-07,8.71330208185533e-10,1.4802973661668755e-15,4.163336342344337e-17,1.6863114067064993,0.021084122036195373,-44.40047791098563,0.0,0.0,399.7804680930265,399.13356047044164,399.9285203110693,399.91851930710476,399.65223833629847,399.8809678907837,399.88706699771575,96.0,399.88401744424976,0.3927608176313423,1,1.5383767444688012,0.11833891656004025
10.5,0.0,399.8811886013905,0.3975563744193837,96.0,396.411375186792,400.0000000000007,520788.59410573344,11.405894266564266,1.5640842317074906,-2.943757415607706e-07,9.03318142306048e-10,1.4802973661668755e-15,4.163336342344337e-17,1.6862206671558704,0.02108635962588264,-44.40047791098563,0.0,0.0,399.77999784869576,399.1236197067069,399.92449563276955,399.92120335579426,399.6449093169932,399.8771942430729,399.88518295970806,96.0,399.8811886013905,0.3975563744193837,1,1.5383767444688012,0.11977657530871301
10.75,0.0,399.87835975855063,0.4023162412512085,96.0,396.3731044310961,400.00000000000057,520788.3225368209,11.67746317919146,1.5639997060886603,-3.028191759568699e-07,9.292275716392149e-10,1.3322676295501878e-15,4.163336342344337e-17,1.6861360358806843,0.021088466666234217,-44.40047791098563,0.0,0.0,399.7795643430102,399.11444341714093,399.92052754091253,399.9243444194215,399.6372184342178,399.873392395348,399.8833271217533,96.0,399.87835975855063,0.4023162412512085,1,1.5383767444688012,0.12117739551843625
11.0,0.0,399.87553091572454,0.4070263577098292,96.0,396.3396779437213,400.0000000000006,520788.05096790957,11.949032090492294,1.5639162156402466,-3.1004076106455614e-07,9.513876477697865e-10,1.4802973661668755e-15,4.163336342344337e-17,1.6860567947246272,0.021090458005978575,-44.40047791098563,0.0,0.0,399.77922218097103,399.106008087929,399.9166318320564,399.9279238941689,399.62901533955505,399.8695630821474,399.88149874930167,96.0,399.87553091572454,0.4070263577098292,1,1.5383767444688012,0.12254325697897628
11.25,0.0,399.87270207290686,0.4115762849453032,96.0,396.3106296826528,400.00000000000057,520787.77939899906,12.2206010009915,1.5638337102760997,-3.16448177883899e-07,9.710493761022294e-10,1.776356839400251e-15,5.551115123125783e-17,1.6859823046399374,0.02109234468558193,-44.40047791098563,0.0,0.0,399.7789439714036,399.0983787586584,399.91282248765856,399.9319207820797,399.6202414140728,399.86570655514714,399.8796975906666,96.0,399.87270207290686,0.4115762849453032,1,1.5383767444688012,0.12387482310644916
11.5,0.0,399.8698732300907,0.4158308498681828,96.0,396.28546164201305,400.0000000000006,520787.5078300887,12.492169911345933,1.56375214130623,-3.226809717205015e-07,9.901752582826198e-10,1.4839113734084939e-15,4.163336342344337e-17,1.685911996126599,0.021094136040777582,-44.40047791098563,0.0,0.0,399.7787373596736,399.09161068994786,399.9091112432403,399.93631210330045,399.61093429917446,399.86182349712294,399.8779229630583,96.0,399.8698732300907,0.4158308498681828,1,1.5383767444688012,0.125172598326877
11.75,0.0,399.86704438726616,0.4199719202220507,96.0,396.2636604998521,400.0000000000006,520787.2362611776,12.763738822493199,1.563671464209134,-3.2972696750732666e-07,1.0117965229666774e-09,1.4173059888831766e-15,4.163336342344337e-17,1.6858453735797427,0.021095840005429835,-44.40047791098563,0.0,0.0,399.778596967766,399.085747473718,399.90550793606684,399.9411457595911,399.60113822516104,399.8579157189545,399.87617305557796,96.0,399.86704438726616,0.4199719202220507,1,1.5383767444688012,0.12643686687851016
12.0,0.0,399.86421554441375,0.42403110816404693,96.0,396.2447124027704,400.0000000000006,520786.96469226375,13.035307736326676,1.5635916334046664,-3.3945210731189945e-07,1.04163897932995e-09,1.4173059888831793e-15,4.163336342344337e-17,1.68578198522353,0.02109746340148617,-44.40047791098563,0.0,0.0,399.7785340356488,399.08083007826315,399.902020272245,399.9463788942241,399.5908942649239,399.8539846828241,399.8744464060034,96.0,399.86421554441375,0.42403110816404693,1,1.5383767444688012,0.12766796270590128
12.25,0.0,399.86138670163035,0.4280159588982688,96.0,396.2281118780794,400.0000000000006,520786.69312335656,13.3068766435361,1.5635126024998927,-3.425387316013939e-07,1.051110560460922e-09,1.7139067942650858e-15,5.355958732078392e-17,1.6857214095669102,0.02109901206828948,-44.40047791098563,0.0,0.0,399.7785598466479,399.07696589397784,399.89865198350986,399.9519192805164,399.580244390184,399.85003107365947,399.8727423296011,96.0,399.86138670163035,0.4280159588982688,1,1.5383767444688012,0.12886658992361902
12.5,0.0,399.85855785882677,0.4319323737304074,96.0,396.21337036688965,400.0000000000007,520786.4215544474,13.578445552676694,1.563434330463856,-3.476050984829726e-07,1.0666571577975227e-09,1.4173059888831793e-15,4.163336342344337e-17,1.685663280229615,0.02110049095774029,-44.40047791098563,0.0,0.0,399.77867835639466,399.0741956818784,399.89540561689455,399.95774751952297,399.56923717236043,399.84605577522274,399.87105994243075,96.0,399.85855785882677,0.4319323737304074,1,1.5383767444688012,0.13003351338488045
12.75,0.0,399.855729016014,0.43578366616686004,96.0,396.200025608552,400.0000000000007,520786.1499855374,13.850014462700624,1.5633567830810724,-3.5348677052127186e-07,1.084705591513971e-09,1.7763568394002505e-15,5.551115123125783e-17,1.6856072902368762,0.02110190440589871,-44.40047791098563,0.0,0.0,399.7788871800057,399.0724998594427,399.89228310932026,399.9638370371989,399.5579249403229,399.8420598142343,399.8693982177938,96.0,399.855729016014,0.43578366616686004,1,1.5383767444688012,0.1311693523936086
13.0,0.0,399.8529001732083,0.439385814551533,96.0,396.18764782899643,400.0000000000006,520785.878416628,14.12158337204815,1.5632799961135835,-3.5878619542017987e-07,1.100967348102986e-09,1.4107277267657223e-15,4.163336342344337e-17,1.6855534242312402,0.021103256301657543,-44.40047791098563,0.0,0.0,399.7791816222335,399.07182439358627,399.88928583431334,399.9701596748285,399.543924726878,399.83803600087026,399.8677643455464,96.0,399.8529001732083,0.439385814551533,1,1.5383767444688012,0.13227486838838867
13.25,0.0,399.85007133041046,0.44279289406475647,96.0,396.17584760908943,400.0000000000006,520785.6068477194,14.393152280637253,1.5632039316749482,-3.632695761979221e-07,1.1147250007340357e-09,1.5559430552429996e-15,4.163336342344337e-17,1.6855014251736955,0.0211045510074418,-44.40047791098563,0.0,0.0,399.7795552973642,399.07209638361854,399.88641256748235,399.9729423509352,399.5300930663532,399.83399974869417,399.8661429121269,96.0,399.85007133041046,0.44279289406475647,1,1.5383767444688012,0.13335101115570833
13.5,0.0,399.8472424876233,0.44593839660769413,96.0,396.16485202081844,400.00000000000057,520785.33527881186,14.664721188207787,1.5631285506769725,-3.667066970081123e-07,1.125272111609004e-09,1.4802973661668755e-15,4.163336342344337e-17,1.6854510459904137,0.02110579166641997,-44.40047791098563,0.0,0.0,399.779975343187,399.0732144058394,399.88404067009446,399.97574101455956,399.5165546012291,399.82993944032205,399.8645455349246,96.0,399.8472424876233,0.44593839660769413,1,1.5383767444688012,0.13439853521612177
13.75,0.0,399.8444136448456,0.4490518509598067,96.0,396.15483703285605,400.0000000000006,520785.0637099052,14.936290094874089,1.5630538186079261,-3.6926933866254785e-07,1.133135805425646e-09,2.2482016248659424e-15,7.025630077706069e-17,1.6854020677000763,0.02110698099169378,-44.40047791098563,0.0,0.0,399.7804084674475,399.07506250731717,399.88180342441075,399.9754501484348,399.50334463234327,399.82586553023435,399.86296175945677,96.0,399.8444136448456,0.4490518509598067,1,1.5383767444688012,0.13541817151761557
14.0,0.0,399.84158480168844,0.45221318546297135,96.0,396.14546679570606,400.0000000000006,520784.7921409621,15.207859037959409,1.5629797035222759,-4.082708287000969e-07,1.2528153460735755e-09,1.417305988883182e-15,4.163336342344337e-17,1.6853542941670856,0.021108121437981627,-44.40047791098563,0.0,0.0,399.78082428448266,399.0786900911666,399.8796400992805,399.97519473175174,399.4904915798407,399.821777069927,399.8613925334498,96.0,399.84158480168844,0.45221318546297135,1,1.5383767444688012,0.13641074971280198
14.25,0.0,399.83875595854556,0.45519631508869335,96.0,396.13653254343575,400.0000000000006,520784.5205720204,15.479427979668534,1.5629061795238601,-4.4587533487572273e-07,1.3682081175050833e-09,1.7069679003611786e-15,5.334274688628682e-17,1.6853075760626839,0.021109215089773148,-44.40047791098563,0.0,0.0,399.7812838095069,399.0830905687549,399.87753792630286,399.9749861609903,399.4780280210419,399.81766347664126,399.85984844044987,96.0,399.83875595854556,0.45519631508869335,1,1.5383767444688012,0.1373765090424647
14.5,0.0,399.8359271153965,0.45812960818451604,96.0,396.1278308792724,400.0000000000006,520784.2490030781,15.750996921982892,1.562833222321829,-4.84063225059117e-07,1.4853910546457438e-09,1.4802973661668755e-15,4.163336342344337e-17,1.6852617803154433,0.021110263884680045,-44.40047791098563,0.0,0.0,399.78205039536977,399.08788930060547,399.8754858608127,399.97483022685367,399.4659891038557,399.8135404404015,399.8583137903914,96.0,399.8359271153965,0.45812960818451604,1,1.5383767444688012,0.1383152978719289
14.75,0.0,399.83309827223223,0.4610602967242154,96.0,396.11921426533337,400.0000000000006,520783.9774341343,16.022565865757016,1.562760810992568,-5.237624129961205e-07,1.6072115433455896e-09,1.4119926293002887e-15,4.163336342344337e-17,1.6852168116805826,0.021111269666182503,-44.40047791098563,0.0,0.0,399.78280288104406,399.0929508340593,399.8734914685543,399.9747259447609,399.4544167386854,399.8094099893679,399.85678655509656,96.0,399.83309827223223,0.4610602967242154,1,1.5383767444688012,0.13922739025189096
15.0,0.0,399.83026942904615,0.4639652655706295,96.0,396.1106205711078,400.0000000000007,520783.70586518844,16.294134811621376,1.5626889241467816,-5.654995511861216e-07,1.735285663635082e-09,1.5265566588595902e-15,4.163336342344337e-17,1.6851725789976613,0.021112234211738946,-44.40047791098563,0.0,0.0,399.7835491310343,399.0981155921798,399.87153995653273,399.9746708652483,399.44332699285115,399.80527267986304,399.85526617822933,96.0,399.83026942904615,0.4639652655706295,1,1.5383767444688012,0.14011368201984306
15.25,0.0,399.8274405858315,0.4668397698401281,96.0,396.10202460361705,400.0000000000007,520783.4342962398,16.565703760222355,1.5626175415192072,-6.10029918135524e-07,1.8719310547793004e-09,1.7624790515924364e-15,5.5077470362263625e-17,1.6851289872987985,0.021113159201214187,-44.40047791098563,0.0,0.0,399.78446550864857,399.1031792028946,399.86961217546906,399.9746614904866,399.4327308033257,399.8011283880125,399.85375278365063,96.0,399.8274405858315,0.4668397698401281,1,1.5383767444688012,0.14097511787074413
15.5,0.0,399.8246117425838,0.46973177073227157,96.0,396.0934120898928,400.0000000000007,520783.162727288,16.83727271201311,1.562546643700536,-6.577034419308347e-07,2.018221502231381e-09,1.4802973661668755e-15,3.469446951953614e-17,1.685085941197356,0.02111404617334851,-44.40047791098563,0.0,0.0,399.7853638957138,399.10799293625007,399.8677123354927,399.9746996273997,399.42264123017884,399.7969767126958,399.8522467724717,96.0,399.8246117425838,0.46973177073227157,1,1.5383767444688012,0.1418126248502627
15.75,0.0,399.82178289929516,0.4726368766884992,96.0,396.0847971744518,400.0000000000007,520782.89115833235,17.108841667720874,1.562476211367283,-7.092778453454684e-07,2.1764821457071003e-09,1.4802973661668755e-15,4.336808689942018e-17,1.6850433444960504,0.02111489652683241,-44.40047791098563,0.0,0.0,399.78625784064513,399.112405531075,399.86581308203404,399.97478307926605,399.4130692953029,399.79281811278224,399.8507476858079,96.0,399.82178289929516,0.4726368766884992,1,1.5383767444688012,0.1426269678650881
16.0,0.0,399.8189540559578,0.47554560098508614,96.0,396.07621975642166,400.0000000000007,520782.61958937196,17.380410628100627,1.5624062246566506,-7.655659324257158e-07,2.3492071467065236e-09,1.776356839400251e-15,5.551115123125783e-17,1.6850010993061575,0.02111571153001271,-44.40047791098563,0.0,0.0,399.78716347781943,399.1162803207137,399.86390673713527,399.9749108988723,399.4040246269432,399.7886529693433,399.8492551425723,96.0,399.8189540559578,0.47554560098508614,1,1.5383767444688012,0.1434186749036068
16.25,0.0,399.81612521317766,0.4783061871396987,96.0,396.0677332079693,400.0000000000006,520782.3480204651,17.651979535001562,1.562336664636063,-7.683056431062596e-07,2.3576141925768235e-09,1.5543122344752196e-15,4.85722573273506e-17,1.684959129087631,0.02111649234333444,-44.40047791098563,0.0,0.0,399.7881007607297,399.11949992683935,399.8619910123016,399.975081924871,399.3954875047409,399.7844805261875,399.84776990016775,96.0,399.81612521317766,0.4783061871396987,1,1.5383767444688012,0.14418812874994866
16.5,0.0,399.8132963703968,0.48106254640189244,96.0,396.0594215434085,400.0000000000006,520782.07645155815,17.923548441954487,1.5622675146206026,-7.711588132508496e-07,2.3663693989026884e-09,1.4802973661668755e-15,4.423544863740858e-17,1.6849174055293168,0.021117240026929288,-44.40047791098563,0.0,0.0,399.78908964348403,399.1219764933832,399.86005874809547,399.9752931845597,399.3874662347768,399.78030098385926,399.84629175693453,96.0,399.8132963703968,0.48106254640189244,1,1.5383767444688012,0.14493581955934573
16.75,0.0,399.81046752761523,0.48384407987869765,96.0,396.051397583959,400.0000000000006,520781.8048826511,18.19511734899637,1.5621987570717093,-7.741297061159003e-07,2.375485847865566e-09,1.5820678100908485e-15,4.9439619065339e-17,1.6848759049921624,0.02111795485714002,-44.40047791098563,0.0,0.0,399.79015324746587,399.1236426460369,399.85810317413944,399.975541435249,399.3799979803343,399.7761148313372,399.8448202238931,96.0,399.81046752761523,0.48384407987869765,1,1.5383767444688012,0.14566214971330946
17.0,0.0,399.8076386848317,0.4866452562003823,96.0,396.0437727838073,400.0000000000006,520781.53331374377,18.466686256212107,1.5621303733552772,-7.773343391193066e-07,2.3853195492298883e-09,1.776356839400251e-15,5.551115123125783e-17,1.6848346251011457,0.021118635882828928,-44.40047791098563,0.0,0.0,399.79131462411436,399.12445534885995,399.8561176540153,399.97582315363456,399.37305282303276,399.7719225375096,399.8433548321538,96.0,399.8076386848317,0.4866452562003823,1,1.5383767444688012,0.14636779727796262
17.25,0.0,399.80480984204496,0.48942790846668427,96.0,396.036657845236,400.0000000000006,520781.2617448363,18.73825516374037,1.5620623456021943,-7.807135951054534e-07,2.3956890967462637e-09,1.8596235662471376e-15,5.811323644522304e-17,1.6847934906908855,0.021119284013367545,-44.40047791098563,0.0,0.0,399.7925954547396,399.12438801394217,399.8540961405841,399.9761345086649,399.36662139656676,399.76772456762274,399.84189511646696,96.0,399.80480984204496,0.48942790846668427,1,1.5383767444688012,0.14705342977627303
17.5,0.0,399.80198099925946,0.49216288464039093,96.0,396.03015783775913,400.0000000000006,520780.9901759289,19.009824071143385,1.5619946572259296,-7.839767199868675e-07,2.405702285640034e-09,1.6098233857064774e-15,5.0306980803327406e-17,1.684752420545781,0.02111990102250864,-44.40047791098563,0.0,0.0,399.7940149565757,399.12365903092564,399.85202612435205,399.97647145217894,399.36069323333925,399.7635205470239,399.840441451495,96.0,399.80198099925946,0.49216288464039093,1,1.5383767444688012,0.1477195996445872
17.75,0.0,399.7991521564806,0.4949173633775786,96.0,396.02437070582766,400.0000000000006,520780.71860702214,19.281392977919964,1.5619273504654656,-7.866565745473508e-07,2.4139256576828234e-09,1.5126788710517758e-15,4.7271214720367993e-17,1.6847115579622105,0.02112048861159799,-44.40047791098563,0.0,0.0,399.79558590298853,399.1225254969917,399.8499027862147,399.976829732435,399.3552662089135,399.75931082210536,399.8389934908557,96.0,399.7991521564806,0.4949173633775786,1,1.5383767444688012,0.14836667893727995
18.0,0.0,399.7963233137037,0.4976953165365435,96.0,396.019385511038,400.0000000000006,520780.4470381156,19.55296188448725,1.5618604217410128,-7.891040532115312e-07,2.42143596362223e-09,1.6653345369377348e-15,5.204170427930421e-17,1.6846708943606492,0.02112104897100838,-44.40047791098563,0.0,0.0,399.79731989437727,399.1208751674806,399.8477247013457,399.9772049123222,399.35034773969363,399.7550963091441,399.8375503182635,96.0,399.7963233137037,0.4976953165365435,1,1.5383767444688012,0.14899495917631922
18.25,0.0,399.7934944703059,0.5004822197008678,96.0,396.0152827422596,400.0000000000007,520780.17546914937,19.8245308506814,1.5617938379643201,-8.512152938067175e-07,2.6120298290450204e-09,1.6653345369377352e-15,5.204170427930421e-17,1.6846303197138144,0.021121583558768607,-44.40047791098563,0.0,0.0,399.7992251470323,399.11857013035944,399.8454878926378,399.9775923595963,399.34592301775785,399.75087731720686,399.8361116234051,96.0,399.7934944703059,0.5004822197008678,1,1.5383767444688012,0.14960480217584707
18.5,0.0,399.79066562695397,0.5032799977062817,96.0,396.0121343090156,400.0000000000006,520779.9039001876,20.096099812470392,1.561727569857736,-9.089019563646161e-07,2.789046483275272e-09,1.901256929670581e-15,5.941427905220564e-17,1.6845897333577085,0.021122093235889632,-44.40047791098563,0.0,0.0,399.8014224554961,399.11556890572183,399.843191157262,399.97798722212207,399.3420137593496,399.7466537300209,399.83467752388697,96.0,399.79066562695397,0.5032799977062817,1,1.5383767444688012,0.15019682666132103
18.75,0.0,399.7878367836426,0.5060883502993251,96.0,396.0100013195002,400.0000000000007,520779.63233122975,20.36766877036016,1.5616615934763107,-9.626294747988595e-07,2.953914151668782e-09,1.417305988883182e-15,4.163336342344337e-17,1.6845490560601133,0.021122578645767522,-44.40047791098563,0.0,0.0,399.80387043578924,399.11183247076247,399.84083214352506,399.97838435975683,399.33862176644067,399.7424254303987,399.8332481368864,96.0,399.7878367836426,0.5060883502993251,1,1.5383767444688012,0.15077138834265771
19.0,0.0,399.78500794036955,0.5086427654191351,96.0,396.008932931985,400.0000000000007,520779.3607622755,20.639237724566264,1.5615958869577329,-1.0127492551248451e-06,3.1077111548349217e-09,1.776356839400251e-15,5.551115123125783e-17,1.6845082165481433,0.021123040371336405,-44.40047791098563,0.0,0.0,399.80652658975305,399.10736921626585,399.83840909347407,399.97877510278374,399.33574466100043,399.7381921695649,399.83182371117437,96.0,399.78500794036955,0.5086427654191351,1,1.5383767444688012,0.15132914158162633
19.25,0.0,399.7821790971363,0.5112515000653182,96.0,396.0089654729864,400.0000000000007,520779.0891933251,20.9108066749683,1.5615304311373368,-1.0590853669611988e-06,3.2498976347526614e-09,2.2204460492503135e-15,6.938893903907228e-17,1.684467217920319,0.021123478919294926,-44.40047791098563,0.0,0.0,399.80936392435297,399.10219503357183,399.83592000617307,399.97915273762334,399.33335891454146,399.73395324216244,399.83040495211003,96.0,399.7821790971363,0.5112515000653182,1,1.5383767444688012,0.15187074948163123
19.5,0.0,399.7793502539427,0.513824559253782,96.0,396.0101183599522,400.0000000000006,520778.81762437854,21.182375621545507,1.561465209960678,-1.1015215086729313e-06,3.380116709512138e-09,2.081668171172169e-15,6.505213034913027e-17,1.6844260703018064,0.021123894842014993,-44.40047791098563,0.0,0.0,399.81237200371635,399.09635365380194,399.8333655815658,399.9795146514225,399.33144607101417,399.7297062144817,399.8289942934037,96.0,399.7793502539427,0.513824559253782,1,1.5383767444688012,0.1523965518954431
19.75,0.0,399.77652141078875,0.5164511919866691,96.0,396.0123987384291,400.0000000000007,520778.5460554357,21.4539445643295,1.5614002085064507,-1.1402330422072282e-06,3.498906492843522e-09,1.4802973661668755e-15,4.163336342344337e-17,1.6843847594257833,0.02112428882055387,-44.40047791098563,0.0,0.0,399.81556718257605,399.0898872394457,399.83074765912824,399.97986250559075,399.330000807276,399.7254533941743,399.8275894274032,96.0,399.77652141078875,0.5164511919866691,1,1.5383767444688012,0.15290641688710863
20.0,0.0,399.7736925676733,0.5191153693120028,96.0,396.0157994271544,400.0000000000007,520778.27448649664,21.72551350341623,1.5613354339550642,-1.1752182054181048e-06,3.606261577445148e-09,1.7902346272080653e-15,5.594483210025203e-17,1.684343338773967,0.021124661495757414,-44.40047791098563,0.0,0.0,399.8188478793803,399.0830234361265,399.8280923619626,399.98019510727363,399.3290170836133,399.7211935698717,399.82619156547497,96.0,399.7736925676733,0.5191153693120028,1,1.5383767444688012,0.15340050446953804
20.25,0.0,399.7708637245939,0.5217719374655725,96.0,396.02029892373605,400.0000000000007,520778.00291756104,21.997082439039822,1.5612708931608994,-1.2067124437464827e-06,3.702904448591041e-09,1.8041124150158798e-15,5.637851296924623e-17,1.6843018601474111,0.021125013698814706,-44.40047791098563,0.0,0.0,399.8221751922663,399.07605100073874,399.82541404932124,399.9805083692438,399.3284873651587,399.7169246740361,399.82480277515157,96.0,399.7708637245939,0.5217719374655725,1,1.5383767444688012,0.15387866533939779
20.5,0.0,399.76803488154707,0.5244656054758903,96.0,396.0258629333233,400.0000000000007,520777.7313486285,22.268651371526502,1.561206561645059,-1.2351205391780695e-06,3.790077215802283e-09,1.6375789613221063e-15,5.117434254131581e-17,1.684260265146601,0.02112534623514412,-44.40047791098563,0.0,0.0,399.82546219414854,399.0690764972196,399.82270973909203,399.9807983139242,399.3284256536491,399.71264825959196,399.8234215035023,96.0,399.76803488154707,0.5244656054758903,1,1.5383767444688012,0.15434102280687453
20.75,0.0,399.7652060385298,0.527138080206757,96.0,396.0324456748543,400.0000000000007,520777.45977969887,22.54022030118864,1.56114241825577,-1.260677027659085e-06,3.8684995734875245e-09,2.386979502944087e-15,7.45931094670027e-17,1.6842185009147512,0.02112565949562971,-44.40047791098563,0.0,0.0,399.8286683189118,399.0628440625541,399.8199767644591,399.9810611234652,399.32882256018684,399.70836131492973,399.82205076212995,96.0,399.7652060385298,0.527138080206757,1,1.5383767444688012,0.15478771581914996
21.0,0.0,399.76237719553154,0.5298170871169227,96.0,396.04001256561276,400.0000000000007,520777.188210771,22.811789229024416,1.561078444007229,-1.2844282260005002e-06,3.941382237831932e-09,1.4173059888831793e-15,4.163336342344337e-17,1.684176512803772,0.021125953815616178,-44.40047791098563,0.0,0.0,399.8317147323463,399.0571263904826,399.8172143631881,399.98129314144694,399.3296672757154,399.7040649344044,399.8206894566587,96.0,399.76237719553154,0.5298170871169227,1,1.5383767444688012,0.15521883890978966
21.25,0.0,399.7595483525465,0.532518983109837,96.0,396.04850351934846,400.00000000000074,520776.9166418445,23.083358155585437,1.5610146211554075,-1.3068411028882565e-06,4.010158143776622e-09,2.1279274638648835e-15,3.9898639947466563e-17,1.6841342510333646,0.021126229469990508,-44.40047791098563,0.0,0.0,399.8345151142789,399.05164878456725,399.8144212004912,399.9814911440512,399.3309496659937,399.69976114363135,399.8193355614615,96.0,399.7595483525465,0.532518983109837,1,1.5383767444688012,0.15563469927017734
21.5,0.0,399.7567195097466,0.5352388898686319,96.0,396.05785626186196,400.00000000000074,520776.6450729356,23.35492706437962,1.5609509332264373,-1.3116163763982058e-06,4.024811495214959e-09,1.8503717077085944e-15,4.7704895589362195e-17,1.6840916704173807,0.021126486709089176,-44.40047791098563,0.0,0.0,399.8371577357797,399.0463610929348,399.81159514990173,399.98165184732215,399.3326606851942,399.6954495833896,399.8179894361036,96.0,399.7567195097466,0.5352388898686319,1,1.5383767444688012,0.15603557093492434
21.75,0.0,399.75389066694896,0.5378917829157742,96.0,396.0679908740408,400.0000000000007,520776.3735040271,23.626495972950664,1.5608873646852763,-1.3160418355084857e-06,4.0383914100583295e-09,2.2482016248659424e-15,7.025630077706069e-17,1.6840487293654613,0.02112672576985406,-44.40047791098563,0.0,0.0,399.83959279990506,399.04126909702813,399.8087349783182,399.98177074958153,399.33479017994694,399.69108535110104,399.81669598279694,96.0,399.75389066694896,0.5378917829157742,1,1.5383767444688012,0.15642168328988507
22.0,0.0,399.75106182415317,0.5405379699107792,96.0,396.07881641989786,400.0000000000006,520776.1019351187,23.89806488134542,1.5608239010366523,-1.3202930695399573e-06,4.051436699753249e-09,1.748601263784622e-15,5.4643789493269423e-17,1.6840053907017083,0.021126946880635347,-44.40047791098563,0.0,0.0,399.84177386301434,399.03627203690405,399.80583943781875,399.98184371517135,399.3373250533491,399.6867088548451,399.81541479346134,96.0,399.75106182415317,0.5405379699107792,1,1.5383767444688012,0.15679321821135483
22.25,0.0,399.7482329813599,0.5431278224549908,96.0,396.09023861959776,400.0000000000006,520775.83036621055,24.16963378950483,1.5607605284546273,-1.324370703770228e-06,4.063949283019664e-09,1.5728159515523052e-15,4.2500725161431774e-17,1.6839616205793082,0.021127150269373045,-44.40047791098563,0.0,0.0,399.8436981720791,399.0313101109216,399.80290851450246,399.9818669500188,399.3402506526299,399.6823230336525,399.8141429290672,96.0,399.7482329813599,0.5431278224549908,1,1.5383767444688012,0.1571506312100969
22.5,0.0,399.74540413856994,0.5457256753474242,96.0,396.10216119413957,400.0000000000006,520775.5587973027,24.44120269734081,1.5606972337710106,-1.3280976141061274e-06,4.075385638825738e-09,2.775557561562892e-15,8.673617379884035e-17,1.6839173885995933,0.0211273361633063,-44.40047791098563,0.0,0.0,399.8453735476257,399.02633022226144,399.79994129675345,399.9818370679829,399.34355072036425,399.6779341494045,399.81287412773537,96.0,399.74540413856994,0.5457256753474242,1,1.5383767444688012,0.1574943624989306
22.75,0.0,399.7425752957841,0.5483211512921664,96.0,396.1144869046826,400.0000000000006,520775.2872283953,24.71277160477331,1.5606340059261261,-1.3314184350576852e-06,4.085575873241752e-09,2.1649348980190556e-15,6.765421556309548e-17,1.683872676573488,0.02112750479151925,-44.40047791098563,0.0,0.0,399.84681244326947,399.0211091468655,399.79693671693155,399.981752181622,399.3472085203763,399.6735425770985,399.81160801446975,96.0,399.7425752957841,0.5483211512921664,1,1.5383767444688012,0.1578248686655115
23.0,0.0,399.73974645300274,0.550904762182098,96.0,396.12711906277246,400.0000000000007,520775.0156594883,24.984340511791473,1.5605708337699495,-1.3343307223578904e-06,4.0945124858170096e-09,1.9428902930940243e-15,6.071532165918825e-17,1.6838274703538203,0.0211276564120433,-44.40047791098563,0.0,0.0,399.84803104544335,399.01563834829216,399.7938939903767,399.98161273032287,399.35121018861327,399.66914884070553,399.8103440652999,96.0,399.73974645300274,0.550904762182098,1,1.5383767444688012,0.15814245761584492
23.25,0.0,399.7369176102249,0.5533952347588739,96.0,396.1399618165471,400.0000000000007,520774.74409058155,25.25590941846414,1.5605077072294327,-1.336951687136434e-06,4.10255514932675e-09,1.8503717077085944e-15,5.724587470723463e-17,1.6837817589291941,0.021127791297315856,-44.40047791098563,0.0,0.0,399.8490505572101,399.00999038183556,399.7908069066641,399.9814155506879,399.3555370565311,399.66475367934055,399.8090815411092,96.0,399.7369176102249,0.5533952347588739,1,1.5383767444688012,0.15844745155393558
23.5,0.0,399.7340887674498,0.5558808335459982,96.0,396.1528966547434,400.0000000000007,520774.47252167517,25.527478324873343,1.5604446165862857,-1.3392228375153081e-06,4.1095243762415256e-09,1.9151347174783954e-15,5.984795992119984e-17,1.6837355315793354,0.021127909728685015,-44.40047791098563,0.0,0.0,399.84988754109713,399.00416608684975,399.78766977982923,399.9811578943784,399.3601662427236,399.6603573542243,399.80782018067526,96.0,399.7340887674498,0.5558808335459982,1,1.5383767444688012,0.15874038266284848
23.75,0.0,399.73125992467675,0.55835987448961,96.0,396.1658401143788,400.0000000000007,520774.2009527689,25.79904723108521,1.5603815513839165,-1.3413803010564607e-06,4.116144744984391e-09,1.6098233857064774e-15,5.0306980803327406e-17,1.68368877491526,0.021128011984188882,-44.40047791098563,0.0,0.0,399.85056410968167,398.998183330042,399.78452983714016,399.98083757071237,399.36507707145176,399.6559599863685,399.80655986298507,96.0,399.73125992467675,0.55835987448961,1,1.5383767444688012,0.15902174645077727
24.0,0.0,399.7284310819054,0.5608307031392913,96.0,396.1787121782517,400.0000000000007,520773.9293838629,26.070616137137073,1.5603185011740541,-1.3433040244592576e-06,4.122047861325812e-09,1.9151347174783954e-15,5.984795992119984e-17,1.6836414755617184,0.021128098326361058,-44.40047791098563,0.0,0.0,399.8511074141824,398.9920652159604,399.7813883864137,399.98045388059336,399.370244406302,399.6515614591612,399.80530070464965,96.0,399.7284310819054,0.5608307031392913,1,1.5383767444688012,0.1592920709388244
24.25,0.0,399.7256022391355,0.5632760084181503,96.0,396.1914366219943,400.0000000000006,520773.65781495697,26.342185043052325,1.5602554549756251,-1.3451108209494578e-06,4.127592177037424e-09,1.6930901125533641e-15,5.2909066017292616e-17,1.683593618477419,0.021128169008444303,-44.40047791098563,0.0,0.0,399.85154201089006,398.9858809439781,399.7782386605568,399.98000577868004,399.37551839224705,399.64716056736466,399.80404391090633,96.0,399.7256022391355,0.5632760084181503,1,1.5383767444688012,0.1595518940309203
24.5,0.0,399.72277339636685,0.565618461697843,96.0,396.2039420290031,400.0000000000006,520773.3862460512,26.613753948840117,1.5601924020754083,-1.346802850576978e-06,4.1327843204244935e-09,1.9428902930940243e-15,6.071532165918825e-17,1.6835451879490693,0.021128224268071802,-44.40047791098563,0.0,0.0,399.85188806993295,398.97968506353567,399.7750742472747,399.9794924461112,399.3794676544389,399.6427578270123,399.80278896572145,96.0,399.72277339636685,0.565618461697843,1,1.5383767444688012,0.15980177527905493
24.75,0.0,399.71994455359953,0.5678649651703734,96.0,396.2161622830253,400.0000000000007,520773.11467714555,26.88532285450804,1.5601293306570017,-1.3483187792928675e-06,4.137436082503275e-09,1.5265566588595906e-15,4.7704895589362195e-17,1.6834961605093928,0.021128264341097713,-44.40047791098563,0.0,0.0,399.85218098520636,398.97369856828414,399.77188933975293,399.9789134855285,399.3834103416763,399.6383530920727,399.8015360151264,96.0,399.71994455359953,0.5678649651703734,1,1.5383767444688012,0.16004197423325459
25.0,0.0,399.717115710834,0.5700533167691614,96.0,396.2280365155177,400.0000000000007,520772.84310824005,27.156891759999084,1.5600662315108085,-1.3497192021816318e-06,4.1417334046793965e-09,2.2204460492503135e-15,6.938893903907228e-17,1.6834465324208068,0.021128289442217552,-44.40047791098563,0.0,0.0,399.85291033410783,398.9681015493627,399.76868063796536,399.97826914085033,399.38734795789514,399.63394534992113,399.8002860717468,96.0,399.717115710834,0.5700533167691614,1,1.5383767444688012,0.16027296715040956
25.25,0.0,399.7142868680705,0.5721972533265728,96.0,396.23950896822504,400.00000000000074,520772.5715393347,27.42846066530103,1.5600030953462733,-1.3509442062797916e-06,4.1454924386962625e-09,2.2204460492503135e-15,6.938893903907228e-17,1.6833963601136968,0.021128299794603168,-44.40047791098563,0.0,0.0,399.85358144426397,398.9629653679224,399.7654461708896,399.9775595111323,399.39134177579984,399.62953679307094,399.79903694306995,96.0,399.7142868680705,0.5721972533265728,1,1.5383767444688012,0.16049514722231126
25.5,0.0,399.7114580253088,0.5743394520354956,96.0,396.2505295728096,400.00000000000074,520772.2999704296,27.70002957042046,1.5599399193912253,-1.3519378008197691e-06,4.148541371904207e-09,1.4173059888831793e-15,4.163336342344337e-17,1.683345697143107,0.02112829563504423,-44.40047791098563,0.0,0.0,399.8541966844776,398.95832110539294,399.76218283790627,399.97678514234354,399.3954262071032,399.6251234080449,399.7977926425726,96.0,399.7114580253088,0.5743394520354956,1,1.5383767444688012,0.16070896409486557
25.75,0.0,399.708629182549,0.5764554255179192,96.0,396.2610541855353,400.00000000000074,520772.02840152464,27.971598475354686,1.5598767009537897,-1.3528153779418517e-06,4.151234295347718e-09,2.386979502944087e-15,7.45931094670027e-17,1.6832945628405358,0.021128277303270746,-44.40047791098563,0.0,0.0,399.8547568771277,398.9545619846822,399.7588881227371,399.9759466865555,399.39949879496805,399.6207043184974,399.79655404660065,96.0,399.708629182549,0.5764554255179192,1,1.5383767444688012,0.16091477467203638
26.0,0.0,399.70580033979104,0.5784919862583259,96.0,396.2710442370952,400.00000000000074,520771.7568326199,28.24316738012091,1.5598134354689472,-1.3534583054308769e-06,4.153207175524408e-09,1.942890293094024e-15,5.724587470723463e-17,1.6832429636314705,0.021128245196311724,-44.40047791098563,0.0,0.0,399.85526860066454,398.9513470790836,399.755559856402,399.9750451689739,399.4035605897975,399.61627801791184,399.79532266167007,96.0,399.70580033979104,0.5784919862583259,1,1.5383767444688012,0.1611129540013784
26.25,0.0,399.70297149703464,0.5805005499508409,96.0,396.2804674416282,400.00000000000074,520771.4852637153,28.51473628473169,1.5597501168124321,-1.353928883673916e-06,4.154651186712484e-09,2.1649348980190556e-15,6.765421556309548e-17,1.6831909011647805,0.02112819965345188,-44.40047791098563,0.0,0.0,399.85573456678816,398.94854016018473,399.7521961361338,399.974081941835,399.4076101593457,399.61184676687907,399.79409622719027,96.0,399.70297149703464,0.5805005499508409,1,1.5383767444688012,0.16130380179513557
26.5,0.0,399.7001426542798,0.5825004642343675,96.0,396.2892980078103,400.0000000000007,520771.21369481087,28.786305189198906,1.559686738463769,-1.3542828760648717e-06,4.155737443845267e-09,2.3037127760972002e-15,7.19910242530375e-17,1.6831383777203501,0.02112814095081857,-44.40047791098563,0.0,0.0,399.856152657626,398.9460862863146,399.7487960647733,399.9730586254469,399.4116370541419,399.6074105708708,399.7928747376888,96.0,399.7001426542798,0.5825004642343675,1,1.5383767444688012,0.16148757167137834
26.75,0.0,399.6973138115263,0.5843487625072232,96.0,396.31130193292,400.0000000000007,520770.9421259065,29.057874093526262,1.5596232946054114,-1.3545190888919478e-06,4.156462283911951e-09,1.748601263784622e-15,5.4643789493269423e-17,1.683085402727853,0.021128069324147195,-44.40047791098563,0.0,0.0,399.8565262776175,398.9439435889542,399.7453598396469,399.9719770487789,399.41563451202586,399.6029725821986,399.79165504085404,96.0,399.6973138115263,0.5843487625072232,1,1.5383767444688012,0.16166460669061014
27.0,0.0,399.69448496877436,0.5860976814094391,96.0,396.3407412874183,400.0000000000007,520770.6705570023,29.329442997711837,1.5595597787945021,-1.3546410464471137e-06,4.1568365215158665e-09,1.8596235662471376e-15,5.811323644522304e-17,1.6830319855937268,0.02112798500159799,-44.40047791098563,0.0,0.0,399.85685376703697,398.9420686663004,399.74188837683676,399.97083972187465,399.4196280856924,399.59853185567954,399.7904380818693,96.0,399.69448496877436,0.5860976814094391,1,1.5383767444688012,0.16183522453954283
27.25,0.0,399.6916561260241,0.5878702480478954,96.0,396.3685665931775,400.0000000000007,520770.39898809826,29.60101190173642,1.5594961835614927,-1.3545863346564602e-06,4.1566686335206356e-09,1.6653345369377352e-15,5.204170427930421e-17,1.682978126349669,0.021127888200390382,-44.40047791098563,0.0,0.0,399.8571330748451,398.9404149286137,399.7383830599015,399.9696491383978,399.4236796969004,399.5940862273499,399.7892260246984,96.0,399.6916561260241,0.5878702480478954,1,1.5383767444688012,0.161999451301671
27.5,0.0,399.68882728327617,0.5896666099242985,96.0,396.394725249022,400.0000000000007,520770.1274191945,29.872580805540434,1.5594325017216177,-1.3542400161270507e-06,4.1556059243144565e-09,1.6098233857064774e-15,5.0306980803327406e-17,1.6829238259014423,0.021127779108162024,-44.40047791098563,0.0,0.0,399.857358549077,398.9389387116901,399.73484661813353,399.9684066218719,399.4276620220472,399.589635829977,399.7880187365754,96.0,399.68882728327617,0.5896666099242985,1,1.5383767444688012,0.16215740158519407
27.75,0.0,399.6859984405319,0.5914853156373214,96.0,396.4192098963348,400.0000000000007,520769.8558502911,30.14414970898671,1.5593687261571298,-1.3535453611268622e-06,4.1534743136695474e-09,1.6653345369377352e-15,5.204170427930421e-17,1.6828690835509728,0.021127657908261026,-44.40047791098563,0.0,0.0,399.8575253591789,398.937596630393,399.73128273055727,399.96711540214255,399.431560284169,399.58518073261206,399.7868161484518,96.0,399.6859984405319,0.5914853156373214,1,1.5383767444688012,0.1623092721605095
28.0,0.0,399.68316959779486,0.5933225942011907,96.0,396.4420126537687,400.0000000000007,520769.5842813883,30.4157186117495,1.5593048496669413,-1.352209000771154e-06,4.149373573073297e-09,2.636779683484747e-15,8.239936510889834e-17,1.682813896323238,0.021127524774556098,-44.40047791098563,0.0,0.0,399.8576317621036,398.93634805825604,399.7276956825895,399.965778808811,399.4352888705543,399.5807210875866,399.785618108003,96.0,399.68316959779486,0.5933225942011907,1,1.5383767444688012,0.1624552167547956
28.25,0.0,399.6803407550754,0.5951826280300974,96.0,396.46313457934485,400.0000000000007,520769.31271248724,30.687287512816432,1.5592408657813868,-1.349185584587076e-06,4.140095951634997e-09,1.4173059888831793e-15,4.163336342344337e-17,1.6827582680677393,0.02112737986628798,-44.40047791098563,0.0,0.0,399.8576819683709,398.93515248376923,399.7240902279439,399.9643997936387,399.4389176152596,399.57625711413357,399.78442439601713,96.0,399.6803407550754,0.5951826280300974,1,1.5383767444688012,0.1625954187659584
28.5,0.0,399.67751191232213,0.5970563623619439,96.0,396.48258724479746,400.0000000000007,520769.0411435829,30.95885641713153,1.5591767693590886,-1.3494225363785972e-06,4.1408230592798e-09,2.386979502944087e-15,7.45931094670027e-17,1.6827022105592926,0.021127223352214543,-44.40047791098563,0.0,0.0,399.85766922636947,398.9339728131234,399.7204713254957,399.9629811745764,399.4424501764872,399.5717892442065,399.78323458043764,96.0,399.67751191232213,0.5970563623619439,1,1.5383767444688012,0.16272993420300932
28.75,0.0,399.6746830695686,0.5989490076933562,96.0,396.48540859833696,400.0000000000007,520768.76957467856,31.23042532146753,1.5591125551721579,-1.3496606250384957e-06,4.1415536555063204e-09,1.720845688168993e-15,5.377642775528102e-17,1.6826457373476422,0.021127055436475257,-44.40047791098563,0.0,0.0,399.8575864059201,398.93277573980833,399.7168438450187,399.9615256607392,399.4458813254216,399.56731774986156,399.78204838927564,96.0,399.6746830695686,0.5989490076933562,1,1.5383767444688012,0.16285892860577308
29.0,0.0,399.6718542267419,0.6008636400591375,96.0,396.45230036505336,400.0000000000007,520768.49800576724,31.501994232835088,1.5590482195027042,-1.3568831214172405e-06,4.1637165279531765e-09,1.5820678100908485e-15,4.9439619065339e-17,1.6825888338372508,0.021126876299126452,-44.40047791098563,0.0,0.0,399.85742661406334,398.93153233779395,399.71321251121736,399.96003598548475,399.44920616270156,399.5628429029698,399.78086555051397,96.0,399.6718542267419,0.6008636400591375,1,1.5383767444688012,0.16298255247746984
29.25,0.0,399.66902538393543,0.6027967582312468,96.0,396.4194580350285,400.0000000000006,520768.22643685783,31.77356314224875,1.5589837592676177,-1.3621832302135317e-06,4.1799803831421315e-09,2.2204460492503135e-15,6.938893903907228e-17,1.6825314897655308,0.02112668607946361,-44.40047791098563,0.0,0.0,399.85718324197313,398.9302239661519,399.7095817634149,399.9585148799846,399.45241658387704,399.55836493579494,399.779685832076,96.0,399.66902538393543,0.6027967582312468,1,1.5383767444688012,0.16310094316799748
29.5,0.0,399.6661965411469,0.6047466648773152,96.0,396.38689476315255,400.0000000000006,520767.9548679501,32.04513204994948,1.55891917078499,-1.3657945174827546e-06,4.191061939285556e-09,1.5728159515523052e-15,4.7704895589362195e-17,1.6824736996623284,0.021126484928725854,-44.40047791098563,0.0,0.0,399.8568504123838,398.9288407638465,399.70595576748707,399.9569650165724,399.4555049080387,399.55388403964116,399.7785090426526,96.0,399.6661965411469,0.6047466648773152,1,1.5383767444688012,0.1632142722364616
29.75,0.0,399.66336769837517,0.6067005766098209,96.0,396.3546232967905,400.0000000000006,520767.68329904403,32.31670095603833,1.5588544500981332,-1.367776846450397e-06,4.197144892014595e-09,1.5543122344752196e-15,4.85722573273506e-17,1.6824154635564275,0.021126272996940226,-44.40047791098563,0.0,0.0,399.8564252197962,398.92737188498126,399.7023382833121,399.95538909655346,399.45845403641357,399.5494014123424,399.77733398440796,96.0,399.66336769837517,0.6067005766098209,1,1.5383767444688012,0.16332270197335383
30.0,0.0,399.6605388556092,0.6086324813254702,96.0,396.32265581593623,400.0000000000006,520767.41173013847,32.588269861569295,1.5587895931902571,-1.3692356475303313e-06,4.201621352861993e-09,1.6930901125533641e-15,5.2909066017292616e-17,1.6823567853785215,0.02112605044051043,-44.40047791098563,0.0,0.0,399.8559166133668,398.9257952218905,399.69873273731156,399.9537898405442,399.4612552926818,399.5449218151578,399.7761558960606,96.0,399.6605388556092,0.6086324813254702,1,1.5383767444688012,0.16342643293327108
30.25,0.0,399.6577100128422,0.6105106706308627,96.0,396.2910037959855,400.0000000000006,520767.1401612329,32.85983876720167,1.5587245959457,-1.3706934254287262e-06,4.206094673985843e-09,1.776356839400251e-15,5.551115123125783e-17,1.682297670642635,0.021125817421451185,-44.40047791098563,0.0,0.0,399.85531544629674,398.92412394707185,399.69514198321485,399.9521698817339,399.4639044143718,399.54043990420104,399.77498012148334,96.0,399.6577100128422,0.6105106706308627,1,1.5383767444688012,0.1635256234997823
30.5,0.0,399.65488117007106,0.6123752258798946,96.0,396.2596781271155,400.0000000000006,520766.8685923269,33.13140767323276,1.5586595329367352,-1.3726174898920362e-06,4.21199883690178e-09,1.6653345369377348e-15,4.163336342344337e-17,1.682238127467046,0.021125574102114516,-44.40047791098563,0.0,0.0,399.8546162868985,398.9223529345369,399.69156822493824,399.95053180356734,399.4663999066114,399.53595556715686,399.77380677298515,96.0,399.65488117007106,0.6123752258798946,1,1.5383767444688012,0.16362044102367138
30.75,0.0,399.65205232729477,0.6142596646283748,96.0,396.22868957856485,400.0000000000006,520766.59702342027,33.402976579750785,1.5586359174538826,-1.3751231193737112e-06,4.219687583796118e-09,1.4802973661668755e-15,4.5102810375396984e-17,1.6821781635222388,0.02112532065006788,-44.40047791098563,0.0,0.0,399.85381461864586,398.9204755813774,399.6880131588515,399.9488781386647,399.4687560772858,399.5314689430673,399.77263571152224,96.0,399.65205232729477,0.6142596646283748,1,1.5383767444688012,0.1637110657353966
31.0,0.0,399.64922348451404,0.61614112461733,96.0,396.19804855939753,400.0000000000006,520766.32545451337,33.674545486705185,1.5586118957371011,-1.377920867184912e-06,4.228272721763177e-09,1.776356839400251e-15,5.551115123125783e-17,1.6821177863893193,0.02112505722852163,-44.40047791098563,0.0,0.0,399.8529066233235,398.9184858459421,399.68447791161157,399.9472110180184,399.4710286996146,399.52697740637404,399.771469562654,96.0,399.64922348451404,0.61614112461733,1,1.5383767444688012,0.16379768103965606
31.25,0.0,399.64639464172996,0.6180361552962957,96.0,396.1677650350369,400.0000000000006,520766.05388560606,33.9461143939847,1.5585874647545777,-1.3811249885975485e-06,4.238104853265726e-09,2.081668171172169e-15,6.505213034913027e-17,1.6820570034772029,0.021124783997583253,-44.40047791098563,0.0,0.0,399.85186562978447,398.9163807941263,399.68096304280584,399.9455328010327,399.47319158024897,399.5224846554738,399.7703046279859,96.0,399.64639464172996,0.6180361552962957,1,1.5383767444688012,0.16388046190330086
31.5,0.0,399.6435657989435,0.6199445373021153,96.0,396.1378485597797,400.0000000000006,520765.7823166986,34.21768330148177,1.5585626212024721,-1.3845041877402764e-06,4.248474226353016e-09,1.4173059888831766e-15,4.163336342344337e-17,1.6819958207172596,0.021124501114214416,-44.40047791098563,0.0,0.0,399.85069575795563,398.9141616738275,399.6775754292378,399.9438462083533,399.4752317025449,399.51799105068864,399.7691405471983,96.0,399.6435657989435,0.6199445373021153,1,1.5383767444688012,0.16395957223620616
31.75,0.0,399.6407369561557,0.6218659674188678,96.0,396.10830830646563,400.00000000000057,520765.5107477909,34.489252209108585,1.5585373625082026,-1.388057043527624e-06,4.2593764802978965e-09,1.8503717077085944e-15,5.4643789493269423e-17,1.6819342454743436,0.02112420872743265,-44.40047791098563,0.0,0.0,399.84940730566353,398.9118331860987,399.6742266352988,399.94215369606053,399.4771510839204,399.51349718464417,399.76797672766725,96.0,399.6407369561557,0.6218659674188678,1,1.5383767444688012,0.16403517798935432
32.0,0.0,399.637908113367,0.6237994213487977,96.0,396.0791531728996,400.0000000000006,520765.2391788832,34.7608211168221,1.5585116907693715,-1.3916679932890474e-06,4.270457000768623e-09,2.359223927328458e-15,7.37257477290143e-17,1.6818722973620093,0.021123906988449473,-44.40047791098563,0.0,0.0,399.84801275011733,398.90940226584064,399.67087632061094,399.9404576182259,399.47895196893074,399.5090039817729,399.76681224496116,96.0,399.637908113367,0.6237994213487977,1,1.5383767444688012,0.16410745050007133
32.25,0.0,399.63507927057736,0.6257678441013356,96.0,396.0503915643372,400.0000000000006,520764.9676099755,35.03239002462823,1.558485604923567,-1.3952799662320103e-06,4.2815406609628975e-09,2.2204460492503135e-15,6.938893903907228e-17,1.6818099888010016,0.02112359609002108,-44.40047791098563,0.0,0.0,399.8465094954534,398.9068687248224,399.66752197143137,399.938760231874,399.4806368236498,399.5045119356321,399.7656466055227,96.0,399.63507927057736,0.6257678441013356,1,1.5383767444688012,0.16417652628340085
32.5,0.0,399.63225042778714,0.6277430318365665,96.0,396.0220315828073,400.0000000000007,520764.6960410676,35.30395893248313,1.558459104431621,-1.3990659368801062e-06,4.293158248589278e-09,1.4802973661668755e-15,4.163336342344337e-17,1.6817473327221215,0.021123276206636225,-44.40047791098563,0.0,0.0,399.8448954147583,398.90414679358355,399.66416429703537,399.9370637966697,399.4822090481733,399.5000210307947,399.76447982477976,96.0,399.63225042778714,0.6277430318365665,1,1.5383767444688012,0.1642424547756477
32.75,0.0,399.6294215849957,0.629718374309055,96.0,395.9940810892889,400.0000000000007,520764.42447215965,35.57552784046544,1.5584321900293086,-1.4029098309720212e-06,4.304953579454247e-09,1.5543122344752196e-15,4.85722573273506e-17,1.681684354064272,0.02112294751287632,-44.40047791098563,0.0,0.0,399.843169513059,398.90118157189755,399.66080373021276,399.9353705841411,399.4836739913539,399.49553155537313,399.7633116146183,96.0,399.6294215849957,0.629718374309055,1,1.5383767444688012,0.16430534856938947
33.0,0.0,399.6265927422017,0.6316904224690985,96.0,395.96654798550384,400.0000000000007,520764.15290325135,35.84709674869442,1.5584048623724425,-1.4071042215846319e-06,4.317824440063212e-09,1.4173059888831793e-15,4.163336342344337e-17,1.6816210753170924,0.021122610209436832,-44.40047791098563,0.0,0.0,399.84133013080594,398.8979805032596,399.6574404886339,399.93368282848894,399.4850324789574,399.49104385568876,399.7621416287146,96.0,399.6265927422017,0.6316904224690985,1,1.5383767444688012,0.16436535198215435
33.25,0.0,399.62376389940283,0.63365858804229,96.0,395.9394398606807,400.0000000000007,520763.88133434264,36.118665657379694,1.5583771209350132,-1.4117057247631237e-06,4.331944561785784e-09,2.5257573810222315e-15,7.892991815694472e-17,1.6815575017255968,0.021122264501302047,-44.40047791098563,0.0,0.0,399.8393946647549,398.8945592826619,399.6540745302095,399.9320027084317,399.4862863788549,399.4865582744889,399.760969524317,96.0,399.62376389940283,0.63365858804229,1,1.5383767444688012,0.1644225657012622
33.5,0.0,399.62093505659465,0.6356293623347371,96.0,395.9127640897196,400.0000000000006,520763.6097654331,36.39023456696956,1.5583489651780518,-1.4171218509773098e-06,4.348564426739173e-09,1.6653345369377352e-15,5.204170427930421e-17,1.6814936400774028,0.021121910567411094,-44.40047791098563,0.0,0.0,399.83736445761434,398.8909371180327,399.6507055627935,399.93033235301937,399.4874390264298,399.48207513666574,399.7597949765236,96.0,399.62093505659465,0.6356293623347371,1,1.5383767444688012,0.16447711929140427
33.75,0.0,399.61810621383773,0.6376110727460099,96.0,395.88652637393767,400.0000000000006,520763.33819652844,36.66180347163824,1.5583203946864497,-1.417707196083029e-06,4.350360610251791e-09,1.942890293094024e-15,4.5102810375396984e-17,1.6814294999762367,0.02112154854834312,-44.40047791098563,0.0,0.0,399.835237363089,398.88709826234253,399.64733291136446,399.9286738453068,399.4884935296871,399.4775949211703,399.75861750650506,96.0,399.61810621383773,0.6376110727460099,1,1.5383767444688012,0.16452916355637712
34.0,0.0,399.61527737108037,0.6395684111948149,96.0,395.860731508848,400.0000000000006,520763.0666276237,36.93337237633496,1.5582914090406335,-1.41835182887462e-06,4.35233872330106e-09,1.9151347174783954e-15,5.984795992119984e-17,1.681365090723223,0.02112117855262243,-44.40047791098563,0.0,0.0,399.83301026860534,398.88298465522854,399.6439545475044,399.92702917046773,399.48945268286775,399.47311350178893,399.75744124037186,96.0,399.61527737108037,0.6395684111948149,1,1.5383767444688012,0.164578773760471
34.25,0.0,399.61244852832306,0.6415139612546898,96.0,395.835384462105,400.0000000000007,520762.795058719,37.204941281042956,1.5582620077920732,-1.4189362076422185e-06,4.354131941519217e-09,1.4173059888831793e-15,4.163336342344337e-17,1.6813004209757203,0.021120800687834923,-44.40047791098563,0.0,0.0,399.8306763638191,398.8785763836286,399.64056921684966,399.9254001926107,399.49031890160774,399.46863674476043,399.7562603118857,96.0,399.61244852832306,0.6415139612546898,1,1.5383767444688012,0.16462602054217826
34.5,0.0,399.6096196855508,0.6434402811026623,96.0,395.81049010315076,400.0000000000007,520762.52348981285,37.47651018717694,1.5582321905548195,-1.4209775400786384e-06,4.360395951639478e-09,2.2204460492503135e-15,6.938893903907228e-17,1.681235498853219,0.021120415068675655,-44.40047791098563,0.0,0.0,399.82820340635607,398.87390708035866,399.6371778575808,399.92378892003603,399.4910944445683,399.4641626694165,399.75507670168514,96.0,399.6096196855508,0.6434402811026623,1,1.5383767444688012,0.1646710451000186
34.75,0.0,399.6067908427728,0.6453178394316036,96.0,395.7860531502446,400.0000000000007,520762.25192090624,37.74807909386956,1.5582019572063934,-1.423484590645785e-06,4.368089059260965e-09,2.2204460492503135e-15,6.938893903907228e-17,1.6811703324950575,0.02112002181777973,-44.40047791098563,0.0,0.0,399.82559504409653,398.8690879142706,399.63378130858297,399.9221974277653,399.4917807048403,399.4596885841782,399.75389310136717,96.0,399.6067908427728,0.6453178394316036,1,1.5383767444688012,0.16471398538318924
35.0,0.0,399.6039619999931,0.6471635231207216,96.0,395.7620781163713,400.0000000000007,520761.98035199934,38.019648000713296,1.558171307745297,-1.4262810879017707e-06,4.376670359788133e-09,1.5543122344752196e-15,4.85722573273506e-17,1.6811049297499492,0.021119621064748094,-44.40047791098563,0.0,0.0,399.8228530926265,398.86405649827736,399.6303751913111,399.9206276434776,399.49237459831227,399.45521571705723,399.75270828292895,96.0,399.6039619999931,0.6471635231207216,1,1.5383767444688012,0.16475497640688813
35.25,0.0,399.6011331572117,0.6490066154701436,96.0,395.73856917315175,400.0000000000006,520761.7087830923,38.29121690772894,1.5581402422653192,-1.4291943983835154e-06,4.385610112086939e-09,2.3037127760972002e-15,7.19910242530375e-17,1.6810392981724895,0.021119212941684406,-44.40047791098563,0.0,0.0,399.8199798671833,398.8588390735526,399.6269542786219,399.9190814756678,399.49287840942503,399.45075185157003,399.7515144628533,96.0,399.6011331572117,0.6490066154701436,1,1.5383767444688012,0.16479413143737087
35.5,0.0,399.5983043144309,0.6508451652876287,96.0,395.7155303057553,400.0000000000006,520761.43721418537,38.562785814678485,1.5581087609564375,-1.4320492738306712e-06,4.394370551285383e-09,1.4802973661668755e-15,4.5102810375396984e-17,1.6809734450667666,0.021118797580387025,-44.40047791098563,0.0,0.0,399.81697868602816,398.85345788963707,399.623517117717,399.91756084036126,399.49329443693614,399.4462973914098,399.7503112374522,96.0,399.5983043144309,0.6508451652876287,1,1.5383767444688012,0.16483155023306456
35.75,0.0,399.59547547165266,0.6526796242994835,96.0,395.69296525559855,400.0000000000006,520761.1656452787,38.834354721388806,1.5580768630808388,-1.4346140773113802e-06,4.402240878858199e-09,2.05391259555654e-15,6.418476861114186e-17,1.6809073805494679,0.02111837511053244,-44.40047791098563,0.0,0.0,399.81385303353596,398.8479349647844,399.62006262359375,399.9160676584434,399.4936248771065,399.44185276074995,399.74909818255554,96.0,399.59547547165266,0.6526796242994835,1,1.5383767444688012,0.1648673442235482
36.0,0.0,399.592646628691,0.6544979337572255,96.0,395.6708776234787,400.0000000000006,520760.89407635434,39.10592364571422,1.558044549119237,-1.4548744076137154e-06,4.464411504175959e-09,2.035408878479454e-15,5.204170427930421e-17,1.6808411120635207,0.02111794570113608,-44.40047791098563,0.0,0.0,399.81060672300856,398.8422914913782,399.6165903380466,399.9146038178972,399.49387058326124,399.4374181907506,399.7478750666314,96.0,399.592646628691,0.6544979337572255,1,1.5383767444688012,0.16490162681513407
36.25,0.0,399.5898177857536,0.6563057342282698,96.0,395.6492708833263,400.0000000000006,520760.62250743236,39.37749256770502,1.5580118195622297,-1.4727470869502213e-06,4.51925541016728e-09,2.220446049250313e-15,4.163336342344337e-17,1.6807746461383948,0.02111750948591095,-44.40047791098563,0.0,0.0,399.8072440574584,398.83654827948516,399.6130993469865,399.9131711786181,399.49403296089724,399.432992221082,399.74664335042513,96.0,399.5898177857536,0.6563057342282698,1,1.5383767444688012,0.16493451253441807
36.5,0.0,399.58698894283754,0.6581002561903667,96.0,395.6281483596254,400.0000000000007,520760.3509385124,39.649061487638804,1.5579786748314164,-1.4885835213362952e-06,4.567850917441532e-09,2.1371793224034267e-15,6.678685382510707e-17,1.680707988730219,0.02111706658713395,-44.40047791098563,0.0,0.0,399.80376387790403,398.83073535877315,399.60958867435545,399.9117715815191,399.49411220436633,399.4285749071343,399.7454029785409,96.0,399.58698894283754,0.6581002561903667,1,1.5383767444688012,0.16496611348950999
36.75,0.0,399.58416009994033,0.6598862557398641,96.0,395.60752522747475,400.0000000000007,520760.0793695943,39.92063040577706,1.5579451161060667,-1.5026153477037951e-06,4.6109088245239826e-09,1.4802973661668755e-15,4.2500725161431774e-17,1.6806411481034,0.021116617119798457,-44.40047791098563,0.0,0.0,399.8001542238078,398.82486030171674,399.6060574155366,399.91040681640374,399.49409705170524,399.4241668480404,399.7441533518402,96.0,399.58416009994033,0.6598862557398641,1,1.5383767444688012,0.16499653514370982
37.0,0.0,399.581331257059,0.6616624670401173,96.0,395.5873900010118,400.0000000000007,520759.8078006777,40.19219932237655,1.5579111458940735,-1.5150730661162015e-06,4.649136441358176e-09,1.4173059888831793e-15,4.163336342344337e-17,1.6805741386256121,0.021116161202381634,-44.40047791098563,0.0,0.0,399.79640220168017,398.8189360166546,399.60250472451133,399.90907860861773,399.4939882537111,399.41976793530125,399.7428945788169,96.0,399.581331257059,0.6616624670401173,1,1.5383767444688012,0.1650258791131502
37.25,0.0,399.57850241419146,0.6633815718500109,96.0,395.56774313772445,400.0000000000007,520759.5362317624,40.4637682376674,1.5578767651540766,-1.5263120047848133e-06,4.683624124160416e-09,1.776356839400251e-15,5.551115123125783e-17,1.6805069671505857,0.0211156989699788,-44.40047791098563,0.0,0.0,399.79249453286616,398.8129772979227,399.59892980087193,399.90778867542724,399.4937862631027,399.415378365567,399.74162646281593,96.0,399.57850241419146,0.6633815718500109,1,1.5383767444688012,0.16505423092514993
37.5,0.0,399.5756735713353,0.6650604159920114,96.0,395.54858769934134,400.00000000000074,520759.2646628482,40.73533715186589,1.5578419749082772,-1.5363833227866053e-06,4.714528859108062e-09,1.4802973661668755e-15,4.163336342344337e-17,1.6804396399914854,0.021115230537770185,-44.40047791098563,0.0,0.0,399.7884180539359,398.807000170277,399.59533210309206,399.9065392816878,399.49349065882393,399.4109984796619,399.74034866300855,96.0,399.5756735713353,0.6650604159920114,1,1.5383767444688012,0.16508165933072952
37.75,0.0,399.5728447284882,0.6667323770803608,96.0,395.5299279412352,400.0000000000007,520758.99309393484,41.006906065183344,1.5578067753486242,-1.5456410977776613e-06,4.742937164977524e-09,1.8318679906315087e-15,5.724587470723463e-17,1.6803721607434627,0.021114756014098474,-44.40047791098563,0.0,0.0,399.7841602180818,398.80101351421257,399.59171224,399.90533254769264,399.49309264564795,399.4066286456855,399.7390608112909,96.0,399.5728447284882,0.6667323770803608,1,1.5383767444688012,0.16510825505188537
38.0,0.0,399.57001588564844,0.6683972777288947,96.0,395.51176786034097,400.0000000000007,520758.7215250223,41.278474977792854,1.5577711671527958,-1.5540848750106306e-06,4.768847646336116e-09,1.942890293094024e-15,4.2500725161431774e-17,1.6803045336295257,0.021114275491456256,-44.40047791098563,0.0,0.0,399.7797095268552,398.79502956947437,399.58808339280233,399.9041703842254,399.49260648485364,399.402269210205,399.73776256109204,96.0,399.57001588564844,0.6683972777288947,1,1.5383767444688012,0.1651341075069724
38.25,0.0,399.5671870428143,0.6700543687880096,96.0,395.49410949371793,400.0000000000007,520758.44995611015,41.550043889878076,1.5577351516639681,-1.5621197775317341e-06,4.793503459279435e-09,1.609823385706477e-15,5.0306980803327406e-17,1.6802367643749925,0.021113789058416505,-44.40047791098563,0.0,0.0,399.7750565682511,398.78905531980405,399.5844443732911,399.9030537291454,399.492025004644,399.3979207357676,399.73645334986094,96.0,399.5671870428143,0.6700543687880096,1,1.5383767444688012,0.16515929035096955
38.5,0.0,399.5643581999838,0.6717382330507947,96.0,395.4769591384501,400.0000000000007,520758.1783871984,41.821612801605355,1.5576987302883547,-1.5697481359211451e-06,4.816911755400007e-09,1.8503717077085944e-15,4.336808689942018e-17,1.6801688585948158,0.02111329680903065,-44.40047791098563,0.0,0.0,399.7701945780645,398.78309602403635,399.58079291748027,399.9019852281283,399.4913471690691,399.3935837306788,399.73513266928876,96.0,399.5643581999838,0.6717382330507947,1,1.5383767444688012,0.16518387929003422
38.75,0.0,399.5615293571556,0.6733571547476216,96.0,395.4603143054606,400.0000000000007,520757.906818287,42.09318171311192,1.5576619045217597,-1.5770844896678682e-06,4.83942400930603e-09,1.8503717077085944e-15,4.163336342344337e-17,1.6801008219003821,0.021112798834818768,-44.40047791098563,0.0,0.0,399.76511893190127,398.77714377184986,399.57712675356487,399.90096568819547,399.4905620987481,399.38925864638924,399.73380006792195,96.0,399.5615293571556,0.6733571547476216,1,1.5383767444688012,0.1652079520029735
39.0,0.0,399.5587005143272,0.6749494418759053,96.0,395.44417894662877,400.0000000000006,520757.63524937537,42.364750624639996,1.5576246758661785,-1.584596944326222e-06,4.862476644520341e-09,2.4054832200211726e-15,4.85722573273506e-17,1.6800326596898016,0.021112295225274042,-44.40047791098563,0.0,0.0,399.7598249507197,398.771166645418,399.5734437681765,399.89999649923993,399.48964444416924,399.3849395158932,399.7324615127612,96.0,399.5587005143272,0.6749494418759053,1,1.5383767444688012,0.16523157826001195
39.25,0.0,399.5558716714991,0.6765119533946633,96.0,395.42855705682825,400.0000000000006,520757.3636804639,42.6363195361289,1.5575870459320773,-1.5919340370373902e-06,4.884991166004481e-09,2.4702462297909737e-15,7.719519468096792e-17,1.679964377890885,0.02111178606739589,-44.40047791098563,0.0,0.0,399.7543099653073,398.7652010910632,399.56974202829895,399.8990788608354,399.4886248126264,399.38063325057556,399.73111009242285,96.0,399.5558716714991,0.6765119533946633,1,1.5383767444688012,0.16525480820179325
39.5,0.0,399.5530428286722,0.6780310602447864,96.0,395.41345012767164,400.0000000000007,520757.0921115525,42.90788844752178,1.5575490165050494,-1.5992703907841133e-06,4.907503419910504e-09,1.4432899320127039e-15,4.5102810375396984e-17,1.679895982172494,0.021111271450402105,-44.40047791098563,0.0,0.0,399.74857345933236,398.7592689471138,399.56601991965596,399.89821382071113,399.48750310315836,399.3763404442466,399.72974521309783,96.0,399.5530428286722,0.6780310602447864,1,1.5383767444688012,0.16527766950574502
39.75,0.0,399.5502139858481,0.6795447292411909,96.0,395.3988586044336,400.0000000000007,520756.82054264145,43.179457358633506,1.5575105894714083,-1.606200143555725e-06,4.928767982564693e-09,1.417305988883182e-15,4.163336342344337e-17,1.679827478157947,0.02111075145941176,-44.40047791098563,0.0,0.0,399.7426160738009,398.75337679568054,399.56252840769827,399.89740233906025,399.48627800347026,399.37206192403164,399.72836604766457,96.0,399.5502139858481,0.6795447292411909,1,1.5383767444688012,0.16530019588943978
40.0,0.0,399.5473851430267,0.6810517788905651,96.0,395.3847825540652,400.00000000000074,520756.5489737306,43.45102626948538,1.557471766270004,-1.6129555007182717e-06,4.949497396783174e-09,1.8318679906315087e-15,5.724587470723463e-17,1.6797588722531374,0.02111022617747339,-44.40047791098563,0.0,0.0,399.7364420312492,398.74755467802197,399.559868442602,399.89664544341684,399.4849655494984,399.36779955113343,399.7269707349201,96.0,399.5473851430267,0.6810517788905651,1,1.5383767444688012,0.16532243512325395
40.25,0.0,399.54455630020743,0.6825514200623407,96.0,395.37122178991734,400.0000000000006,520756.27740481996,43.72259518013598,1.557432549030344,-1.6194788798884474e-06,4.969514965901873e-09,1.7578531223231646e-15,4.163336342344337e-17,1.6796901698293054,0.02110969569405249,-44.40047791098563,0.0,0.0,399.7300985212166,398.74181691968516,399.55713617090976,399.8959441780766,399.4835641563994,399.36355516441137,399.7255574360035,96.0,399.54455630020743,0.6825514200623407,1,1.5383767444688012,0.16534445750858087
40.5,0.0,399.54172745739226,0.6840170689890512,96.0,395.3581756766027,400.0000000000007,520756.0058359097,43.99416409038532,1.5573929401918387,-1.6256519899116029e-06,4.98845770299292e-09,1.4802973661668755e-15,4.163336342344337e-17,1.6796213767710721,0.021109160090780066,-44.40047791098563,0.0,0.0,399.7236030742094,398.7361466942535,399.5543710523469,399.8952994218053,399.4820550698083,399.3593303140445,399.72412460074014,96.0,399.54172745739226,0.6840170689890512,1,1.5383767444688012,0.16536630822284473
40.75,0.0,399.53889861457964,0.6854730510943724,96.0,395.3456430274605,400.0000000000006,520755.73426699964,44.265733000406584,1.5573529426700603,-1.6315913597964027e-06,5.006683187682521e-09,2.331468351712829e-15,7.28583859910259e-17,1.6795525275414507,0.02110861944839545,-44.40047791098563,0.0,0.0,399.7169708229449,398.73054405101857,399.55018882842336,399.8947119147783,399.4804338772731,399.3551227011422,399.72267452801697,96.0,399.53889861457964,0.6854730510943724,1,1.5383767444688012,0.1653880421488371
41.0,0.0,399.5360697717709,0.6869310410536276,96.0,395.3336223773998,400.0000000000006,520755.46269809,44.537301910043794,1.5573125617605332,-1.637124981357374e-06,5.023663597556578e-09,1.4173059888831793e-15,4.163336342344337e-17,1.6794836665294721,0.021108073741311687,-44.40047791098563,0.0,0.0,399.71021616595266,398.72501372880055,399.54573405287965,399.89418229670264,399.47869819818743,399.35092992055667,399.7212096229851,96.0,399.5360697717709,0.6869310410536276,1,1.5383767444688012,0.16540971259272272
41.25,0.0,399.53324092896474,0.6883892434237853,96.0,395.3221121444936,400.0000000000006,520755.19112918066,44.80887081942525,1.5572718004025368,-1.6423662003717254e-06,5.039746744212485e-09,1.4173059888831793e-15,4.163336342344337e-17,1.6794148111237606,0.021107522954409767,-44.40047791098563,0.0,0.0,399.70335276565334,398.7195575859702,399.5413192981608,399.8937110887604,399.4768470746008,399.34674971447583,399.71973214345377,96.0,399.53324092896474,0.6883892434237853,1,1.5383767444688012,0.16543133294970383
41.5,0.0,399.5304120861622,0.6898385908306949,96.0,395.311110837056,400.0000000000006,520754.91956027155,45.080439728478744,1.5572306625365928,-1.647373338187208e-06,5.055111591892429e-09,1.3322676295501882e-15,4.163336342344337e-17,1.6793459850722452,0.021106967181568695,-44.40047791098563,0.0,0.0,399.6963939350792,398.71417773868455,399.53696838376146,399.8932988006858,399.4748793941192,399.3425865967856,399.71823757553875,96.0,399.5304120861622,0.6898385908306949,1,1.5383767444688012,0.1654529510004014
41.75,0.0,399.52758324336304,0.6912632655116556,96.0,395.3006168291441,400.0000000000007,520754.64799136284,45.35200863720084,1.5571891512155314,-1.651975182426213e-06,5.069232760189518e-09,1.4432899320127039e-15,4.5102810375396984e-17,1.6792771907906694,0.021106406598419634,-44.40047791098563,0.0,0.0,399.68935012211296,398.70887950081794,399.5326753490656,399.8929458220454,399.4727938945964,399.338440638221,399.71672584850506,96.0,399.52758324336304,0.6912632655116556,1,1.5383767444688012,0.1654746206907147
42.0,0.0,399.52475440056725,0.6926779568441044,96.0,395.29062818177147,400.0000000000007,520754.3764224545,45.62357754559295,1.5571472694583925,-1.6562263027708468e-06,5.082277701026265e-09,1.8503717077085944e-15,4.5102810375396984e-17,1.6792084327492671,0.02110584136461412,-44.40047791098563,0.0,0.0,399.68223248355065,398.70366616851186,399.5284303639421,399.8926525173737,399.47060241302347,399.3343117995585,399.715197001576,96.0,399.52475440056725,0.6926779568441044,1,1.5383767444688012,0.16549639727780038
42.25,0.0,399.52192555777356,0.6940899434279048,96.0,395.281142587541,400.00000000000074,520754.10485354625,45.89514645377953,1.557105020238682,-1.6603618036015177e-06,5.094967853102182e-09,1.942890293094024e-15,4.5102810375396984e-17,1.679139716126091,0.021105271632543353,-44.40047791098563,0.0,0.0,399.6750518357335,398.6985409081483,399.52422395038866,399.8924189774599,399.4682934705155,399.3302016095179,399.71364950602924,96.0,399.52192555777356,0.6940899434279048,1,1.5383767444688012,0.16551829584932973
42.5,0.0,399.519096714982,0.6954931275291796,96.0,395.2721573675002,400.00000000000074,520753.83328463824,46.16671536177039,1.5570624064302958,-1.6642641327280217e-06,5.106942497067512e-09,1.61907524424502e-15,4.163336342344337e-17,1.6790710457731155,0.021104697541056105,-44.40047791098563,0.0,0.0,399.667818315638,398.69350697427126,399.5198500262718,399.89224512519513,399.4658615984407,399.3261106832737,399.71208274669044,96.0,399.519096714982,0.6954931275291796,1,1.5383767444688012,0.16554035212126508
42.75,0.0,399.5162678721926,0.696889757179761,96.0,395.26366948603146,400.0000000000007,520753.56171573047,46.438284269556604,1.5570194303645815,-1.6679338017411283e-06,5.1182032027840295e-09,1.8318679906315087e-15,5.724587470723463e-17,1.6790024552467453,0.02110411921372028,-44.40047791098563,0.0,0.0,399.6605412960075,398.6885676954722,399.51479277636804,399.89213067018534,399.46330543306897,399.32203949925855,399.71049624512665,96.0,399.5162678721926,0.696889757179761,1,1.5383767444688012,0.16556259250406982
43.0,0.0,399.51343902940533,0.6982863936451199,96.0,395.25567556628874,400.0000000000007,520753.2901468229,46.7098531771378,1.5569760941741009,-1.6713699579895547e-06,5.1287473538154455e-09,1.6653345369377348e-15,4.163336342344337e-17,1.678933922673965,0.021103536746427693,-44.40047791098563,0.0,0.0,399.6532293062303,398.683726436055,399.5097918787435,399.8920751802875,399.460620006667,399.31798728889225,399.7088907699183,96.0,399.51343902940533,0.6982863936451199,1,1.5383767444688012,0.16558507241969556
43.25,0.0,399.5106101866204,0.6996919888677614,96.0,395.24817188012605,400.0000000000007,520753.0185779156,46.98142208448493,1.5569323998884361,-1.6745746478363799e-06,5.138581229608854e-09,1.3877787807814457e-15,4.163336342344337e-17,1.6788654333153812,0.02110295021314928,-44.40047791098563,0.0,0.0,399.64589000101915,398.6789883215878,399.50492711178083,399.8920780758453,399.45778412996816,399.31395196431544,399.7072684089255,96.0,399.5106101866204,0.6996919888677614,1,1.5383767444688012,0.16560781990770393
43.5,0.0,399.50778134383876,0.7010866683820428,96.0,395.2411543660556,400.0000000000008,520752.74700900854,47.25299099152357,1.5568883502737112,-1.677546222822457e-06,5.147699771720763e-09,1.8503717077085944e-15,4.163336342344337e-17,1.6787969876524294,0.021102359678633272,-44.40047791098563,0.0,0.0,399.63853024705793,398.6743552047122,399.5001949181565,399.89213863217685,399.45479689336264,399.30993732617236,399.70562536150516,96.0,399.50778134383876,0.7010866683820428,1,1.5383767444688012,0.16563085062164692
43.75,0.0,399.50495250106064,0.7023955304067072,96.0,395.234618607412,400.00000000000074,520752.4754401018,47.524559898225036,1.5568439482249479,-1.6801696318680115e-06,5.1557499356812e-09,1.776356839400251e-15,5.551115123125783e-17,1.678728590445046,0.021101765216078566,-44.40047791098563,0.0,0.0,399.6311557015963,398.66982979207233,399.4955894238046,399.89225429647263,399.4516573077039,399.3059437189034,399.7039612832177,96.0,399.50495250106064,0.7023955304067072,1,1.5383767444688012,0.16565422090564264
44.0,0.0,399.50212365828776,0.7037039220868465,96.0,395.2285664769911,400.00000000000074,520752.20387119567,47.79612880442347,1.556799196654149,-1.682210282183405e-06,5.162011852652429e-09,1.4802973661668755e-15,4.597017211338539e-17,1.678660246918623,0.02110116689860173,-44.40047791098563,0.0,0.0,399.62375390228647,398.6654141172014,399.49109203758,399.89242529845706,399.44836395667244,399.3019718180344,399.702275498541,96.0,399.50212365828776,0.7037039220868465,1,1.5383767444688012,0.16567798576767506
44.25,0.0,399.49929481552016,0.705034649227578,96.0,395.22298957289115,400.0000000000007,520751.93230229,48.06769771010913,1.5567540984445123,-1.6837858964890984e-06,5.166846765271463e-09,1.8503717077085944e-15,4.163336342344337e-17,1.6785919615645983,0.02110056479708417,-44.40047791098563,0.0,0.0,399.61632003270876,398.6611094042953,399.48674854013893,399.8926506206563,399.44576803704365,399.29802213830607,399.70056749273425,96.0,399.49929481552016,0.705034649227578,1,1.5383767444688012,0.1657021987924059
44.5,0.0,399.49646597275836,0.7063713166893894,96.0,395.21788120793894,400.0000000000007,520751.6607333848,48.33926661524497,1.5567086563293686,-1.684895849507484e-06,5.1702527548183565e-09,1.6653345369377348e-15,4.163336342344337e-17,1.678523737577302,0.02109995898000525,-44.40047791098563,0.0,0.0,399.60884925215953,398.6569161550689,399.48314467988746,399.8929288416607,399.44323770957817,399.2940948405983,399.69883710491837,96.0,399.49646597275836,0.7063713166893894,1,1.5383767444688012,0.16572690388092934
44.75,0.0,399.4936371300026,0.7076979847739138,96.0,395.2132351045391,400.00000000000074,520751.38916448026,48.61083551979175,1.5566628726357716,-1.6853062874133684e-06,5.171512220033492e-09,1.4802973661668755e-15,4.163336342344337e-17,1.6784555791882843,0.021099349512140524,-44.40047791098563,0.0,0.0,399.6013416726302,398.65283456679634,399.47958071040637,399.8932584476322,399.4405424073686,399.29019107436443,399.6970831856408,96.0,399.4936371300026,0.7076979847739138,1,1.5383767444688012,0.16575215017248143
45.0,0.0,399.490808287253,0.7090283330323587,96.0,395.2090447541268,400.00000000000074,520751.1175955763,48.882404423758054,1.556616748480052,-1.6851921742500053e-06,5.171162053643439e-09,1.4802973661668755e-15,4.163336342344337e-17,1.678387495811011,0.02109873636777003,-44.40047791098563,0.0,0.0,399.5937989196201,398.64886445601184,399.47608551142,399.8936378255639,399.43766684884736,399.28631151440896,399.69530506009687,96.0,399.490808287253,0.7090283330323587,1,1.5383767444688012,0.1657779686540443
45.25,0.0,399.48797944450894,0.7103648150095392,96.0,395.2053032771159,400.0000000000007,520750.84602667287,49.153973327186335,1.5565702857241484,-1.6844965529116962e-06,5.169027477704068e-09,1.4802973661668755e-15,4.163336342344337e-17,1.6783194839840518,0.02109811921009225,-44.40047791098563,0.0,0.0,399.586222488924,398.64500468937393,399.4727683909606,399.89406526501773,399.43461687406915,399.28245717323233,399.6935017157857,96.0,399.48797944450894,0.7103648150095392,1,1.5383767444688012,0.16580439286019055
45.5,0.0,399.48515060176936,0.7117025360418493,96.0,395.2020033818356,400.0000000000007,520750.57445776986,49.42554223019113,1.556523486684684,-1.6833937053206682e-06,5.1656432917929185e-09,1.4802973661668755e-15,4.163336342344337e-17,1.6782515412152121,0.02109749795789491,-44.40047791098563,0.0,0.0,399.5786120905236,398.6412535790695,399.4693866543778,399.894538949227,399.4314005194445,399.2786277287999,399.69167347473876,96.0,399.48515060176936,0.7117025360418493,1,1.5383767444688012,0.16583143824685076
45.75,0.0,399.4823217590335,0.7130386361006457,96.0,395.1991370905711,400.0000000000007,520750.3028888672,49.6971111328359,1.5564763538861435,-1.681942237041767e-06,5.161189332297609e-09,1.4802973661668755e-15,3.469446951953614e-17,1.6781836666868715,0.021096872716958426,-44.40047791098563,0.0,0.0,399.57096765936717,398.63760758005276,399.46592219338254,399.89505898459595,399.42802451571845,399.27482349511683,399.6898200229501,96.0,399.4823217590335,0.7130386361006457,1,1.5383767444688012,0.16585911269782275
46.0,0.0,399.4794929163008,0.714373028238882,96.0,395.19669493172125,400.0000000000006,520750.03131996485,49.96868003517693,1.5564288900784156,-1.680197797782057e-06,5.15583636529329e-09,1.6653345369377348e-15,4.163336342344337e-17,1.6781158610687974,0.02109624365997515,-44.40047791098563,0.0,0.0,399.563288617631,398.63406300689536,399.46238676828966,399.8956223793056,399.4244963386848,399.2710448712882,399.68794096131325,96.0,399.4794929163008,0.714373028238882,1,1.5383767444688012,0.16588734406767056
46.25,0.0,399.4766640735705,0.7157049800299028,96.0,395.194666547968,400.0000000000007,520749.7597510628,50.240248937280306,1.556381098097421,-1.6781648213282097e-06,5.149597996248665e-09,1.4173059888831793e-15,4.163336342344337e-17,1.6780481257063162,0.02109561096771771,-44.40047791098563,0.0,0.0,399.5555743518986,398.6306157113245,399.45879524642373,399.8962259532232,399.4208224886498,399.267292080644,399.686036066497,96.0,399.4766640735705,0.7157049800299028,1,1.5383767444688012,0.1659161458126543
46.5,0.0,399.4738352308418,0.7170291387103108,96.0,395.19304105817565,400.0000000000007,520749.4881821608,50.51181783923317,1.556332980873038,-1.6760121894776603e-06,5.1429924539781045e-09,1.6653345369377352e-15,5.204170427930421e-17,1.6779804623033112,0.02109497480488505,-44.40047791098563,0.0,0.0,399.5478244238078,398.6272609473232,399.45516236552464,399.8968665852974,399.4170085876805,399.26356615221215,399.6841043094715,96.0,399.4738352308418,0.7170291387103108,1,1.5383767444688012,0.1659455131568893
46.75,0.0,399.47100638811384,0.7183510233144398,96.0,395.1918070309303,400.0000000000007,520749.21661325893,50.783386741124076,1.556284541356506,-1.6738026005214124e-06,5.1362121337634184e-09,1.7578531223231646e-15,4.163336342344337e-17,1.6779128725385473,0.02109433531360903,-44.40047791098563,0.0,0.0,399.5400387911026,398.6239966622411,399.4515010894478,399.89754120857606,399.41306261600903,399.25986789369944,399.6821448825281,96.0,399.47100638811384,0.7183510233144398,1,1.5383767444688012,0.16597540451778217
47.0,0.0,399.468177545385,0.7196601177640322,96.0,395.1909527036303,400.0000000000007,520748.945044357,51.05495564308724,1.5562357824294561,-1.6716526971549683e-06,5.129614964088984e-09,1.5728159515523052e-15,3.8163916471489756e-17,1.677845357696343,0.021093692613468842,-44.40047791098563,0.0,0.0,399.5322178469089,398.62081873181415,399.44782252590284,399.8982468143737,399.40898995340035,399.25619633740695,399.680158753363,96.0,399.468177545385,0.7196601177640322,1,1.5383767444688012,0.16600583885965878
47.25,0.0,399.46534870265515,0.7209626611358445,96.0,395.1904659057963,400.0000000000007,520748.6734754549,51.326524545152935,1.5561867069573179,-1.6696177880248797e-06,5.123370664455437e-09,1.776356839400251e-15,5.551115123125783e-17,1.6777779188304651,0.021093046803879925,-44.40047791098563,0.0,0.0,399.5243625366231,398.6177224872241,399.444134628336,399.8989804317198,399.4047949229832,399.2525514881047,399.67814591720565,96.0,399.46534870265515,0.7209626611358445,1,1.5383767444688012,0.16603683187038018
47.5,0.0,399.46251985992376,0.7222629815467513,96.0,395.19033420120235,400.0000000000007,520748.40190655267,51.598093447375426,1.5561373178059992,-1.6677578429380446e-06,5.1176632575484575e-09,1.4173059888831766e-15,4.163336342344337e-17,1.6777105568401216,0.021092397968401504,-44.40047791098563,0.0,0.0,399.51647467062486,398.61470338061656,399.4404437446647,399.8997390814567,399.4004814146857,399.24893344783294,399.67610627201447,96.0,399.46251985992376,0.7222629815467513,1,1.5383767444688012,0.16606837294517188
47.75,0.0,399.45969101719015,0.7235609774116769,96.0,395.1905450634806,400.0000000000007,520748.1303376503,51.869662349798986,1.5560876178362497,-1.6660143700164554e-06,5.112313255838599e-09,1.9706458687096533e-15,6.158268339717665e-17,1.6776432724752555,0.021091746178523305,-44.40047791098563,0.0,0.0,399.5085569778104,398.61175696853167,399.4367548475374,399.900519830448,399.39605284198024,399.2453423233687,399.67403971101163,96.0,399.45969101719015,0.7235609774116769,1,1.5383767444688012,0.16610045526226644
48.0,0.0,399.4568621744541,0.7248563732271058,96.0,395.1910856354332,400.0000000000007,520747.8587687476,52.14123125245451,1.556037609663135,-1.6646193472524828e-06,5.108032504425643e-09,1.4802973661668755e-15,4.5102810375396984e-17,1.6775760662371257,0.02109109149662078,-44.40047791098563,0.0,0.0,399.5006131870855,398.6088789616872,399.4330727107249,399.90131979409,399.39151225485443,399.24177820362644,399.6719461452817,96.0,399.4568621744541,0.7248563732271058,1,1.5383767444688012,0.16613309559105807
48.25,0.0,399.45403333171544,0.7261505778704086,96.0,395.19194276484217,400.0000000000007,520747.58719984465,52.41280015536542,1.5559872959335561,-1.6634590878084055e-06,5.104472145137679e-09,1.61907524424502e-15,4.163336342344337e-17,1.6775089389880586,0.02109043398024111,-44.40047791098563,0.0,0.0,399.4926480892317,398.6060652843211,399.42940559657615,399.90213613774057,399.3868624151282,399.23824117283067,399.66982549060026,96.0,399.45403333171544,0.7261505778704086,1,1.5383767444688012,0.16616628704216896
48.5,0.0,399.4512044889737,0.7274379519519282,96.0,395.19310302810305,400.0000000000007,520747.31563094154,52.68436905856986,1.5559366796183212,-1.662473678720744e-06,5.101448329718112e-09,1.6653345369377348e-15,5.0306980803327406e-17,1.6774418901028403,0.021089773685947638,-44.40047791098563,0.0,0.0,399.4846675971915,398.603312133542,399.4257531842527,399.9029661129845,399.38210568112635,399.2347311960361,399.66767778191144,96.0,399.4512044889737,0.7274379519519282,1,1.5383767444688012,0.1662000218314719
48.75,0.0,399.44837564622895,0.7287290301559729,96.0,395.19455277037594,400.00000000000074,520747.044062038,52.95593796206211,1.55588576325551,-1.6618945863910994e-06,5.099671333404949e-09,1.3600232051658172e-15,4.2500725161431774e-17,1.6773749159524929,0.021089110657215658,-44.40047791098563,0.0,0.0,399.47667877439187,398.6006160215159,399.4220995884334,399.9038070835136,399.3772440985963,399.2312482521165,399.66550304034155,96.0,399.44837564622895,0.7287290301559729,1,1.5383767444688012,0.16623430389879143
49.0,0.0,399.44554680348114,0.7300114113771485,96.0,395.19627813113044,400.00000000000074,520746.7724931342,53.227506865859255,1.5558345498837607,-1.6616047702200376e-06,5.098782006710209e-09,1.4173059888831793e-15,4.163336342344337e-17,1.6773080191948506,0.021088444915073126,-44.40047791098563,0.0,0.0,399.4686898298728,398.5979666516461,399.4184528161271,399.90465656893275,399.3722719297597,399.2277927433033,399.66330086365883,96.0,399.44554680348114,0.7300114113771485,1,1.5383767444688012,0.16626914582262328
49.25,0.0,399.44271796073036,0.7312798108550803,96.0,395.198265077791,400.00000000000085,520746.50092423015,53.49907576993218,1.5557830425551449,-1.6615495468386143e-06,5.098612548853205e-09,1.417305988883182e-15,4.336808689942018e-17,1.677241202261364,0.02108777650392834,-44.40047791098563,0.0,0.0,399.4607073342563,398.59533224430385,399.41482570163737,399.90551222773644,399.36715910931093,399.2243645045596,399.66107141690117,96.0,399.44271796073036,0.7312798108550803,1,1.5383767444688012,0.1663045592478187
49.5,0.0,399.43988911797743,0.7325400606353705,96.0,395.2004989513317,400.00000000000085,520746.2293553258,53.770644674212036,1.5557312443192304,-1.6617849070144075e-06,5.099334772483599e-09,1.4802973661668755e-15,4.163336342344337e-17,1.6771744673204358,0.021087105469902324,-44.40047791098563,0.0,0.0,399.45273974395445,398.59273982614354,399.41122583920463,399.9063718465357,399.36193813752226,399.220962426989,399.6588158089659,96.0,399.43988911797743,0.7325400606353705,1,1.5383767444688012,0.16634055455659771
49.75,0.0,399.43706027522194,0.7337948065936362,96.0,395.2029646072815,400.0000000000008,520745.95778642135,54.042213578736366,1.5556791581918352,-1.6621366825120276e-06,5.10041422688203e-09,1.4173059888831793e-15,4.163336342344337e-17,1.677107816248458,0.021086431859506285,-44.40047791098563,0.0,0.0,399.4448024396195,398.5901837853709,399.40762473804233,399.9072334112651,399.35661102789703,399.21758643263684,399.6565341178072,96.0,399.43706027522194,0.7337948065936362,1,1.5383767444688012,0.1663771360457969
50.0,0.0,399.4342314324636,0.7350412082095734,96.0,395.2056471352687,400.0000000000008,520745.6862175165,54.313782483536826,1.5556267870516853,-1.6628969348175815e-06,5.102747128692131e-09,1.61907524424502e-15,3.903127820947816e-17,1.677041250413085,0.0210857557184775,-44.40047791098563,0.0,0.0,399.4369073427228,398.58766455331494,399.4040077045678,399.90809504471963,399.35117575853445,399.21423670690984,399.6542261580175,96.0,399.4342314324636,0.7350412082095734,1,1.5383767444688012,0.16641430596484721
50.25,0.0,399.4314025897026,0.7362787277323412,96.0,395.2085312659203,400.00000000000074,520745.41464861145,54.585351388598255,1.5555741338417706,-1.6638311279848494e-06,5.105613783505252e-09,1.3322676295501882e-15,4.163336342344337e-17,1.6769747712240535,0.021085077090423444,-44.40047791098563,0.0,0.0,399.42906701232505,398.5851832229827,399.40037320696325,399.908954914456,399.34562894159177,399.21091257489843,399.6518926045069,96.0,399.4314025897026,0.7362787277323412,1,1.5383767444688012,0.16645207292458616
50.5,0.0,399.42857374693904,0.73751526152383,96.0,395.2116016417133,400.00000000000074,520745.1430797062,54.85692029390094,1.5555212015875726,-1.6649963328063677e-06,5.109189318123694e-09,1.4173059888831793e-15,4.163336342344337e-17,1.676908380257918,0.021084396018239766,-44.40047791098563,0.0,0.0,399.4212945129366,398.5827410181633,399.39672167743674,399.909811239285,399.3399697073402,399.2076140319057,399.6495334619724,96.0,399.42857374693904,0.73751526152383,1,1.5383767444688012,0.1664904382499789
50.75,0.0,399.4257449041731,0.73874434841712,96.0,395.21484286218777,400.0000000000007,520744.8715108006,55.128489199434796,1.5554679932796955,-1.6664530306798042e-06,5.113659325094911e-09,1.3322676295501878e-15,4.163336342344337e-17,1.6768420789710714,0.021083712544633725,-44.40047791098563,0.0,0.0,399.41360326803107,398.5803392797358,399.3930544718109,399.9106623946425,399.33419747027426,399.2043408949609,399.64714891338525,96.0,399.4257449041731,0.73874434841712,1,1.5383767444688012,0.16652940101971161
51.0,0.0,399.4229160614048,0.7399815663522483,96.0,395.21824037430827,400.0000000000007,520744.5999418949,55.400058105180776,1.5554145118911442,-1.6680853178741017e-06,5.118668143512642e-09,1.4173059888831793e-15,4.163336342344337e-17,1.6767758686341243,0.021083026711343166,-44.40047791098563,0.0,0.0,399.4060068825514,398.5779793891719,399.38937372982616,399.9115067846017,399.32831191477266,399.2010928137654,399.6447393090443,96.0,399.4229160614048,0.7399815663522483,1,1.5383767444688012,0.16656896634653495
51.25,0.0,399.42008721863493,0.7412185379876979,96.0,395.2217783072179,400.0000000000007,520744.32837298897,55.67162701109575,1.5553607603732438,-1.6698908069656682e-06,5.1242084473552765e-09,1.4802973661668755e-15,4.163336342344337e-17,1.6767097506364226,0.02108233855950144,-44.40047791098563,0.0,0.0,399.3985189744432,398.57566270942164,399.3856822635043,399.9123428742963,399.3223130016064,399.1978694071206,399.6423050301492,96.0,399.42008721863493,0.7412185379876979,1,1.5383767444688012,0.16660914121212497
51.5,0.0,399.4172583758627,0.7424425722920567,96.0,395.22544127781384,400.0000000000007,520744.0568040828,55.943195917232025,1.5553067415006283,-1.6719315141244806e-06,5.130470538755592e-09,1.4173059888831766e-15,4.163336342344337e-17,1.6766437259035243,0.021081648129313017,-44.40047791098563,0.0,0.0,399.3911527945183,398.57339049788914,399.381983497346,399.9131691709389,399.31620097980095,399.19467023312836,399.6398465185969,96.0,399.4172583758627,0.7424425722920567,1,1.5383767444688012,0.16664993129716907
51.75,0.0,399.4144295330882,0.7436381338213798,96.0,395.22921415424025,400.0000000000006,520743.78523517644,56.21476482358072,1.5552524582106286,-1.6742047108664337e-06,5.137446045117462e-09,1.7578531223231646e-15,4.163336342344337e-17,1.67657779584337,0.021080955458677084,-44.40047791098563,0.0,0.0,399.383792308903,398.5711638749642,399.3782812924411,399.9139842327473,399.3099764184608,399.19149574218,399.6373633239964,96.0,399.4144295330882,0.7436381338213798,1,1.5383767444688012,0.1666913408927472
52.0,0.0,399.41160069031184,0.7447596189547526,96.0,395.23308188483554,400.0000000000006,520743.5136662699,56.486333730107646,1.555197913421992,-1.6766523600608707e-06,5.144956874344126e-09,1.6653345369377348e-15,4.163336342344337e-17,1.6765119618465805,0.02108026058667249,-44.40047791098563,0.0,0.0,399.3745986647162,398.5689837857383,399.37457982216426,399.9147866534736,399.3036402117408,399.1883582219628,399.63484315866094,96.0,399.41160069031184,0.7447596189547526,1,1.5383767444688012,0.1667333651610706
52.25,0.0,399.40877184753646,0.7458742793537715,96.0,395.2370295482666,400.0000000000006,520743.24209736346,56.75790263654301,1.5551431095578445,-1.67898262759536e-06,5.152107507508294e-09,1.4173059888831793e-15,4.163336342344337e-17,1.6764462246899847,0.021079563552001333,-44.40047791098563,0.0,0.0,399.3656148411879,398.56685093477887,399.3708834151394,399.91557485533696,399.2971943400829,399.1852442106663,399.6322994844067,96.0,399.40877184753646,0.7458742793537715,1,1.5383767444688012,0.16677594643641755
52.5,0.0,399.40594300476226,0.746976542675567,96.0,395.24104240335305,400.0000000000006,520742.9705284572,57.02947154287119,1.5550880495032768,-1.6811376468695016e-06,5.158720375800464e-09,1.4173059888831793e-15,4.163336342344337e-17,1.6763805849400726,0.02107886439688807,-44.40047791098563,0.0,0.0,399.3568877775204,398.56476580498384,399.367196988206,399.91634742676985,399.29064096511996,399.182153090977,399.62973291854746,96.0,399.40594300476226,0.746976542675567,1,1.5383767444688012,0.16681909152006033
52.75,0.0,399.40311416198944,0.7480740631533539,96.0,395.2451059168861,400.0000000000006,520742.698959551,57.30104044905929,1.5550327362401704,-1.6832374711839293e-06,5.165163873450172e-09,1.4173059888831793e-15,4.336808689942018e-17,1.676315041497443,0.02107816316242921,-44.40047791098563,0.0,0.0,399.34846200659234,398.56272864180306,399.36352770012985,399.9171029454225,399.28398292039844,399.1790841519325,399.6271441720465,96.0,399.40311416198944,0.7480740631533539,1,1.5383767444688012,0.16686281045775334
53.0,0.0,399.40028531921826,0.749163601525677,96.0,395.2492073722667,400.0000000000006,520742.4273906449,57.5726093550999,1.5549771726936112,-1.6852181516924247e-06,5.17124176773572e-09,1.4173059888831793e-15,4.163336342344337e-17,1.6762495956762389,0.021077459885734076,-44.40047791098563,0.0,0.0,399.3403762540053,398.5607382936542,399.3598824475351,399.91783999600955,399.2772219171905,399.1760356542991,399.62453498413726,96.0,399.40028531921826,0.749163601525677,1,1.5383767444688012,0.16690709812943735
53.25,0.0,399.39745647644855,0.7502408436638521,96.0,395.2533352308534,400.0000000000006,520742.15582173906,57.844178260984556,1.5549213613768125,-1.686966911051968e-06,5.176607991350572e-09,1.4173059888831793e-15,4.163336342344337e-17,1.6761842474023119,0.021076754593871747,-44.40047791098563,0.0,0.0,399.33266263210334,398.55879281451246,399.3562670632528,399.91855721653667,399.2703597268893,399.1730097666895,399.6219031862076,96.0,399.39745647644855,0.7502408436638521,1,1.5383767444688012,0.16695192656181393
53.5,0.0,399.394627633681,0.7513060089940293,96.0,395.2574765294194,400.0000000000006,520741.8842528334,58.1157471666758,1.5548653051611219,-1.6885392852827863e-06,5.181432961511706e-09,1.8503717077085944e-15,4.5102810375396984e-17,1.6761189980778146,0.02107604730464187,-44.40047791098563,0.0,0.0,399.3253463276101,398.55689141756966,399.35268467438897,399.9192532885316,399.26339819018136,399.1700038588272,399.61925140853464,96.0,399.394627633681,0.7513060089940293,1,1.5383767444688012,0.16699729368651406
53.75,0.0,399.39179879091535,0.7523601707833331,96.0,395.26161850210934,400.0000000000006,520741.6126839279,58.38731607217852,1.5548090070566878,-1.6899391965807808e-06,5.185728713826055e-09,2.220446049250313e-15,4.163336342344337e-17,1.6760538498277155,0.02107533803946778,-44.40047791098563,0.0,0.0,399.3184453988192,398.5550333160013,399.34913844454115,399.91992695438626,399.2563392333091,399.1670167045513,399.6165808772794,96.0,399.39179879091535,0.7523601707833331,1,1.5383767444688012,0.16704320926020344
54.0,0.0,399.3889699481518,0.7534082915830608,96.0,395.26574873853633,400.0000000000006,520741.3411150226,58.65888497747163,1.5547524695994397,-1.6911059361746084e-06,5.189308958029817e-09,2.4980018054066022e-15,4.683753385137379e-17,1.6759888030370649,0.021074626824809907,-44.40047791098563,0.0,0.0,399.3119707476623,398.55321755028285,399.3456306930566,399.9205770085334,399.24918489771153,399.16404742232316,399.61389247398046,96.0,399.3889699481518,0.7534082915830608,1,1.5383767444688012,0.16708968183364462
54.25,0.0,399.38614110539055,0.7544501685743307,96.0,395.2698556315863,400.0000000000007,520741.06954611745,58.9304538825548,1.5546956955858215,-1.6921576246886616e-06,5.192536157763607e-09,1.942890293094024e-15,4.163336342344337e-17,1.6759238583990221,0.021073913685943312,-44.40047791098563,0.0,0.0,399.30592664875434,398.551443000469,399.3421632083565,399.9212022930562,399.24193737730695,399.16109522749804,399.611186983283,96.0,399.38614110539055,0.7544501685743307,1,1.5383767444688012,0.16713671868853433
54.5,0.0,399.3833122626323,0.7554848799093329,96.0,395.2739273085175,400.0000000000007,520740.7979772127,59.202022787348966,1.5546386879603609,-1.6928010637684565e-06,5.194510607802071e-09,1.417305988883182e-15,4.163336342344337e-17,1.6758590176487542,0.02107319865103941,-44.40047791098563,0.0,0.0,399.30031214098716,398.54970829206246,399.3387622953154,399.9218017211681,399.23459925043096,399.15815914176216,399.60846538350233,96.0,399.3833122626323,0.7554848799093329,1,1.5383767444688012,0.16718432596562324
54.75,0.0,399.38048341987724,0.7565093504811549,96.0,395.2779521254429,400.0000000000007,520740.5264083082,59.47359169183578,1.5545814496603108,-1.6932124111690428e-06,5.1957728638825815e-09,1.4173059888831793e-15,4.423544863740858e-17,1.675794283020411,0.021072481754483608,-44.40047791098563,0.0,0.0,399.2951802779364,398.5480117094832,399.3354311948629,399.922374260001,399.22717308199424,399.1552385809011,399.6057282588533,96.0,399.38048341987724,0.7565093504811549,1,1.5383767444688012,0.16723248857401418
55.0,0.0,399.3776545771252,0.7575207879494866,96.0,395.28191876780664,400.0000000000006,520740.254839404,59.74516059602758,1.5545239836461382,-1.693273375735771e-06,5.195959939077268e-09,1.4173059888831793e-15,4.163336342344337e-17,1.675729656783888,0.02107176303522556,-44.40047791098563,0.0,0.0,399.29058779238335,398.5463516480704,399.33216464414704,399.92291892662644,399.21966165621023,399.15233274720157,399.60297640704897,96.0,399.3776545771252,0.7575207879494866,1,1.5383767444688012,0.16728117464287826
55.25,0.0,399.37482573437654,0.7585355984373732,96.0,395.285816199597,400.0000000000006,520739.98327050015,60.01672949990041,1.5544662927754405,-1.6930434725281884e-06,5.195254460639125e-09,1.7115938296304498e-15,4.163336342344337e-17,1.675665140915315,0.021071042533990312,-44.40047791098563,0.0,0.0,399.2863665441496,398.5447264373363,399.3289569448848,399.9234347840046,399.2120672364939,399.1494407822672,399.6002106864859,96.0,399.37482573437654,0.7585355984373732,1,1.5383767444688012,0.16733039537388042
55.5,0.0,399.37199689163225,0.759552970982133,96.0,395.2896337112059,400.0000000000007,520739.71170159674,60.28829840334809,1.5544083798552393,-1.6923497270227017e-06,5.193125640859591e-09,1.5265566588595902e-15,4.163336342344337e-17,1.6756007372303325,0.02107032029121867,-44.40047791098563,0.0,0.0,399.2824862082357,398.54313439543876,399.3258033385125,399.92392093847184,399.2043924527536,399.14656181386636,399.59743196939826,96.0,399.37199689163225,0.759552970982133,1,1.5383767444688012,0.16738015974632206
55.75,0.0,399.3691680488916,0.7605591183371135,96.0,395.29336095221583,400.0000000000007,520739.4401326936,60.559867306452006,1.5543502476007283,-1.6913616462943537e-06,5.190093627272984e-09,1.4802973661668755e-15,4.163336342344337e-17,1.6755364471549887,0.0210695963467865,-44.40047791098563,0.0,0.0,399.2789167142693,398.5415736368201,399.3226947454393,399.9243765172726,399.19664154633085,399.143695517411,399.5946405803723,96.0,399.3691680488916,0.7605591183371135,1,1.5383767444688012,0.16743047275855952
56.0,0.0,399.36633920615446,0.7615538751959899,96.0,395.29698814430407,400.00000000000074,520739.16856379085,60.83143620921363,1.5542918984531238,-1.6900260249030907e-06,5.18599515425485e-09,1.4173059888831793e-15,4.163336342344337e-17,1.6754722710039365,0.021068870738927555,-44.40047791098563,0.0,0.0,399.2756259950307,398.5400418894453,399.31961933984724,399.9248007012503,399.18881888463636,399.1408411845577,399.59183722775134,96.0,399.36633920615446,0.7615538751959899,1,1.5383767444688012,0.1674812103619401
56.25,0.0,399.3635103634212,0.7625371669499363,96.0,395.3005058719053,400.00000000000074,520738.8969948884,61.10300511161641,1.5542333353043984,-1.6883994220506793e-06,5.181003778745715e-09,1.4802973661668755e-15,4.163336342344337e-17,1.6754082108194843,0.021068143501598725,-44.40047791098563,0.0,0.0,399.2725806898073,398.53853668569343,399.3165624167856,399.9251924936804,399.18092963414466,399.13799811320365,399.58902261363863,96.0,399.3635103634212,0.7625371669499363,1,1.5383767444688012,0.16753230867083657
56.5,0.0,399.36068152069157,0.7635084911772918,96.0,395.30390381609584,400.00000000000074,520738.6254259864,61.374574013650886,1.5541745609801672,-1.6862487228763712e-06,5.174404167064077e-09,1.3877787807814457e-15,4.163336342344337e-17,1.6753442684452395,0.021067414672819775,-44.40047791098563,0.0,0.0,399.26974705344645,398.53705614155643,399.3135143848382,399.9255503225219,399.1729817140398,399.13516569474024,399.586197346643,96.0,399.36068152069157,0.7635084911772918,1,1.5383767444688012,0.16758355662616597
56.75,0.0,399.35785267796547,0.7644692100875771,96.0,395.3071717229317,400.00000000000074,520738.35385708464,61.6461429153563,1.5541155782468457,-1.6839238554666736e-06,5.167270104663075e-09,1.4173059888831793e-15,4.163336342344337e-17,1.675280445513335,0.021066684289775026,-44.40047791098563,0.0,0.0,399.26709197359446,398.5355986550773,399.31047050313,399.92587240610965,399.16498209264944,399.1323433012288,399.5833620547023,96.0,399.35785267796547,0.7644692100875771,1,1.5383767444688012,0.16763486194177804
57.0,0.0,399.3550238352429,0.7654207607965727,96.0,395.31029991061394,400.0000000000006,520738.0822881833,61.91771181673429,1.5540563898358506,-1.6811913070569062e-06,5.158885036857605e-09,1.4802973661668755e-15,4.163336342344337e-17,1.6752167435815444,0.02106595238898938,-44.40047791098563,0.0,0.0,399.26458293047693,398.5341625869543,399.3074250511299,399.92615705933656,399.1569374482233,399.12953036941735,399.5805173010685,96.0,399.3550238352429,0.7654207607965727,1,1.5383767444688012,0.1676862224104336
57.25,0.0,399.35219499252366,0.7663670693671871,96.0,395.3132792215946,400.00000000000074,520737.81071928225,62.18928071778065,1.5539969984515365,-1.678109171621145e-06,5.1494272301735155e-09,1.4432899320127039e-15,4.5102810375396984e-17,1.675153164125876,0.021065219005507327,-44.40047791098563,0.0,0.0,399.26220291353417,398.53274631087027,399.3043727143763,399.92640273081486,399.1488548849321,399.1267262956347,399.5776636894125,96.0,399.35219499252366,0.7663670693671871,1,1.5383767444688012,0.16773763756499638
57.5,0.0,399.3493661498058,0.7673040379282505,96.0,395.3161010184896,400.0000000000007,520737.53915038134,62.46084961869736,1.5539390167010847,-1.674910905080651e-06,5.1396130648668195e-09,1.1564823173178715e-15,2.949029909160572e-17,1.675089708547931,0.02106448417354934,-44.40047791098563,0.0,0.0,399.2599375746435,398.5313483056625,399.3013090780351,399.9266079959908,399.14074218486746,399.1239305042914,399.57480179532007,96.0,399.3493661498058,0.7673040379282505,1,1.5383767444688012,0.16778910847387649
57.75,0.0,399.3465373070899,0.7682319054775065,96.0,395.31875717735295,400.0000000000007,520737.2675814806,62.732418519418374,1.5539077154016472,-1.6715385271481864e-06,5.1292646232698446e-09,1.1564823173178715e-15,3.122502256758253e-17,1.6750263774285146,0.021063747926553928,-44.40047791098563,0.0,0.0,399.2577600311431,398.52996686242113,399.29823078839127,399.9267731161803,399.1326064875448,399.121142548686,399.5719320654939,96.0,399.3465373070899,0.7682319054775065,1,1.5383767444688012,0.16784063752724102
58.0,0.0,399.3437084643762,0.7691485092085563,96.0,395.32124592052793,400.0000000000006,520736.9960125801,63.00398741992529,1.5538759926913388,-1.6679326364510416e-06,5.118199626987767e-09,1.387778780781446e-15,4.336808689942018e-17,1.6749631720702696,0.021063010299658083,-44.40047791098563,0.0,0.0,399.2556459368714,398.5286004161513,399.29513547297154,399.9268947868286,399.12445564409893,399.11836198185046,399.5690549469021,96.0,399.3437084643762,0.7691485092085563,1,1.5383767444688012,0.16789222544384583
58.25,0.0,399.34087962166524,0.7700527182803302,96.0,395.3235594018872,400.0000000000007,520736.7244436799,63.27555632018202,1.5538438528384209,-1.6640361621966804e-06,5.106242949218291e-09,1.7578531223231646e-15,4.163336342344337e-17,1.674900093872885,0.02106227132499082,-44.40047791098563,0.0,0.0,399.25357375360556,398.52724743902354,399.2920220559352,399.9269708066069,399.11629745421317,399.1155885146914,399.56617072863907,96.0,399.34087962166524,0.7700527182803302,1,1.5383767444688012,0.1679438629654568
58.5,0.0,399.3380507789581,0.7709502556572858,96.0,395.3256902141835,400.0000000000007,520736.45287478005,63.547125220066846,1.553811300087003,-1.6597912946281212e-06,5.093217195580998e-09,1.6653345369377348e-15,4.163336342344337e-17,1.674837144317651,0.02106153103385975,-44.40047791098563,0.0,0.0,399.2515249317041,398.5259064441937,399.28889025820024,399.9270014748728,399.10814028585224,399.11282125982484,399.56328029809146,96.0,399.3380507789581,0.7709502556572858,1,1.5383767444688012,0.16799555133405145
58.75,0.0,399.33522193625305,0.7718348435337598,96.0,395.32763144854863,400.0000000000007,520736.1813058803,63.81869411975845,1.5537783386153607,-1.6554295001469654e-06,5.0798326413138966e-09,1.417305988883182e-15,4.163336342344337e-17,1.6747743247884899,0.021060789459298936,-44.40047791098563,0.0,0.0,399.2494419026685,398.5245760054211,399.28574046867817,399.92698595549405,399.09999241530693,399.11005697999536,399.5603868925107,96.0,399.33522193625305,0.7718348435337598,1,1.5383767444688012,0.16804727451156984
59.0,0.0,399.3323930935383,0.7727092649457227,96.0,395.3293766870276,400.0000000000006,520735.90973697975,64.09026302036295,1.553744972534512,-1.6518828402922736e-06,5.068949400139384e-09,1.4802973661668755e-15,4.163336342344337e-17,1.6747116365362067,0.021060046632794458,-44.40047791098563,0.0,0.0,399.2472708613599,398.52325480344507,399.28257326249036,399.9265783719011,399.0918624077774,399.1072997345984,399.5574864524783,96.0,399.3323930935383,0.7727092649457227,1,1.5383767444688012,0.1680990267264307
59.25,0.0,399.32956425081403,0.773574934769319,96.0,395.3309245145379,400.0000000000006,520735.63816807815,64.36183192190374,1.55371120591214,-1.6493838046471865e-06,5.061280887019017e-09,1.4173059888831793e-15,4.163336342344337e-17,1.6746490807318308,0.021059302584135704,-44.40047791098563,0.0,0.0,399.24509162216157,398.5219412208266,399.27938947128797,399.9258899774436,399.0837584534099,399.10454834337423,399.55458015825394,96.0,399.32956425081403,0.773574934769319,1,1.5383767444688012,0.16815081528326328
59.5,0.0,399.3267354080812,0.7744331760067505,96.0,395.33227306702463,400.0000000000006,520735.36659917585,64.63340082425432,1.5536770427716426,-1.6475815556304951e-06,5.0557505256342815e-09,1.4173059888831793e-15,4.163336342344337e-17,1.674586658461674,0.021058557342494313,-44.40047791098563,0.0,0.0,399.2429035001924,398.5206336308974,399.27619016972216,399.92517859189377,399.07568854892065,399.1018023881308,399.5516684280317,96.0,399.3267354080812,0.7744331760067505,1,1.5383767444688012,0.16820264759458622
59.75,0.0,399.32390656534125,0.7752842515320015,96.0,395.33341818789717,400.0000000000006,520735.0950302727,64.90496972728899,1.5536424870930767,-1.6465950665178752e-06,5.052723396062081e-09,1.4802973661668755e-15,4.163336342344337e-17,1.6745243707149946,0.021057810936427793,-44.40047791098563,0.0,0.0,399.240704374095,398.5193306514632,399.272978320528,399.92444464086014,399.0676604786501,399.09906150096396,399.54875162971854,96.0,399.32390656534125,0.7752842515320015,1,1.5383767444688012,0.1682545135110152
60.0,0.0,399.3210777225954,0.7761297795709986,96.0,395.3343559932057,400.0000000000006,520734.82346136915,65.17653863089859,1.553607543000295,-1.6460748639701706e-06,5.051127108281967e-09,1.4173059888831793e-15,4.163336342344337e-17,1.6744622259338646,0.021057063394050366,-44.40047791098563,0.0,0.0,399.2384939360075,398.51803107879306,399.2697572651422,399.9236883190889,399.05968121179535,399.0963253200369,399.54583012515377,96.0,399.3210777225954,0.7761297795709986,1,1.5383767444688012,0.16830638644419224
60.25,0.0,399.3182488798445,0.7769707276426021,96.0,395.33508278886274,400.0000000000006,520734.5518924651,65.44810753498473,1.5535722143950799,-1.6460187879374644e-06,5.050955033988673e-09,1.6653345369377348e-15,4.163336342344337e-17,1.674400230277903,0.02105631475574003,-44.40047791098563,0.0,0.0,399.23627329233244,398.5167338344521,399.2665303684323,399.92290983543023,399.0517557316104,399.0935929036444,399.5429048560445,96.0,399.3182488798445,0.7769707276426021,1,1.5383767444688012,0.1683582736361565
60.5,0.0,399.3154200370888,0.7778087782496336,96.0,395.33559506475723,400.0000000000006,520734.2803235605,65.71967643952581,1.5535365057258639,-1.646488001938451e-06,5.052394858878686e-09,1.6653345369377348e-15,4.163336342344337e-17,1.6743383848314497,0.021055565064925976,-44.40047791098563,0.0,0.0,399.23404493458116,398.51543801240075,399.2633009310247,399.92210928342297,399.0438906829519,399.0908645320157,399.53997554216204,96.0,399.3154200370888,0.7778087782496336,1,1.5383767444688012,0.16841018432210694
60.75,0.0,399.3125911943286,0.7786425978567839,96.0,395.33588948715607,400.00000000000057,520734.0087546555,65.99124534450735,1.553500421710243,-1.6474219677320434e-06,5.055260815975463e-09,1.4802973661668755e-15,4.163336342344337e-17,1.6742766925126848,0.021054814365964715,-44.40047791098563,0.0,0.0,399.2318125896396,398.5141428003596,399.2600721369705,399.9212865913164,399.03609230959,399.0881398279898,399.5370425606675,96.0,399.3125911943286,0.7786425978567839,1,1.5383767444688012,0.16846211443047499
61.0,0.0,399.3097623515644,0.7794732925212409,96.0,395.3359627226199,400.00000000000057,520733.7371857502,66.26281424986539,1.5534639661365481,-1.6485899578810859e-06,5.058844897619117e-09,1.4173059888831793e-15,4.163336342344337e-17,1.6742151523891746,0.021054062687679297,-44.40047791098563,0.0,0.0,399.2295790673107,398.5128476817967,399.25684651216005,399.920441998485,399.02839511832775,399.08541843524057,399.5341062678884,96.0,399.3097623515644,0.7794732925212409,1,1.5383767444688012,0.16851397320204706
61.25,0.0,399.3069335087973,0.7803008546668703,96.0,395.33581163115224,400.00000000000057,520733.46561684454,66.53438315551753,1.553427142609009,-1.6501635258237002e-06,5.063673530791056e-09,1.5728159515523052e-15,4.163336342344337e-17,1.6741537635709711,0.021053310057163415,-44.40047791098563,0.0,0.0,399.2273506912471,398.5115511326766,399.25362622210343,399.91957565896087,399.02094002883007,399.0827000282852,399.53116698930927,96.0,399.3069335087973,0.7803008546668703,1,1.5383767444688012,0.16856577199267217
61.5,0.0,399.3041046660269,0.7811318584070794,96.0,395.33543325604154,400.00000000000057,520733.19404793857,66.80595206146955,1.5533899547939687,-1.6520291552524213e-06,5.069398380606632e-09,1.8318679906315087e-15,5.724587470723463e-17,1.6740925258759536,0.021052556502065774,-44.40047791098563,0.0,0.0,399.2251330981187,398.51025095878845,399.25041348483865,399.9186858547288,399.01358611466077,399.0799888651605,399.52822046689334,96.0,399.3041046660269,0.7811318584070794,1,1.5383767444688012,0.16861752420736895
61.75,0.0,399.30127582325855,0.7819630534532943,96.0,395.3348248405176,400.0000000000006,520732.9224790328,67.07752096723489,1.553352406299824,-1.6537183427089985e-06,5.074581802539403e-09,1.4802973661668755e-15,4.163336342344337e-17,1.6740314393000275,0.02105180204889122,-44.40047791098563,0.0,0.0,399.22293120791437,398.5089470249503,399.2472094130911,399.91777290476904,399.0063356197737,399.07728274178845,399.52526890472865,96.0,399.30127582325855,0.7819630534532943,1,1.5383767444688012,0.16866922730575262
62.0,0.0,399.29844698049095,0.7827914775189263,96.0,395.3339838184935,400.0000000000006,520732.6509101271,67.3490898729282,1.5533145006945464,-1.655294298075205e-06,5.079417761732953e-09,1.4802973661668755e-15,4.163336342344337e-17,1.6739705038958894,0.021051046721933125,-44.40047791098563,0.0,0.0,399.2207496869518,398.50763915042785,399.24401487551796,399.9168371580641,398.9991910234029,399.07457838556144,399.52231557542046,96.0,399.29844698049095,0.7827914775189263,1,1.5383767444688012,0.1687208679396073
62.25,0.0,399.29561813772443,0.7836128968531297,96.0,395.3329078199267,400.0000000000006,520732.37934122153,67.62065877850556,1.5532762416061368,-1.656753610745909e-06,5.083895792442124e-09,1.3322676295501878e-15,4.163336342344337e-17,1.673909719972027,0.021050290543611707,-44.40047791098563,0.0,0.0,399.21859267059034,398.5063271674498,399.2408305332825,399.9158606529213,398.9921543318742,399.0718750824385,399.5193611930105,96.0,399.29561813772443,0.7836128968531297,1,1.5383767444688012,0.16877245824156914
62.5,0.0,399.2927892949595,0.7844297733028415,96.0,395.331594663573,400.0000000000006,520732.1077723161,67.89222768394725,1.553237632677536,-1.6580952575395713e-06,5.088012754943368e-09,1.4802973661668755e-15,4.163336342344337e-17,1.6738490879266132,0.021049533535923894,-44.40047791098563,0.0,0.0,399.2164633821355,398.5050108970161,399.23765689768817,399.91480503962225,398.9852270907387,399.0691725594502,399.5164060304688,96.0,399.2927892949595,0.7844297733028415,1,1.5383767444688012,0.1688240107744157
62.75,0.0,399.2899604521963,0.7852409514743645,96.0,395.33004240091896,400.0000000000006,520731.8362034108,68.16379658921616,1.55319867741657,-1.6592621108202366e-06,5.091593348005303e-09,1.4173059888831793e-15,4.163336342344337e-17,1.673788607730252,0.02104877572049842,-44.40047791098563,0.0,0.0,399.2143664522231,398.5036901064515,399.23449433458006,399.9136720356074,398.9784102748632,399.0664705456467,399.51345035874584,96.0,399.2899604521963,0.7852409514743645,1,1.5383767444688012,0.16887553734611807
63.0,0.0,399.28713160943533,0.7860425366484876,96.0,395.32824953671576,400.0000000000007,520731.5646345058,68.43536549426399,1.5531593793291598,-1.6601963608309234e-06,5.094460177247511e-09,1.4173059888831793e-15,4.163336342344337e-17,1.6737282793369472,0.021048017116943124,-44.40047791098563,0.0,0.0,399.2123031864744,398.5023643895577,399.2313430396331,399.9118305807974,398.97170447160704,399.06376891562354,399.5104943032472,96.0,399.28713160943533,0.7860425366484876,1,1.5383767444688012,0.16892705064741262
63.25,0.0,399.2843027666774,0.7868333400339851,96.0,395.32621469891393,400.0000000000007,520731.293065601,68.7069343990271,1.5531197420003977,-1.6608393451633674e-06,5.096433231853287e-09,1.4173059888831793e-15,4.163336342344337e-17,1.6736681028584386,0.02104725774437893,-44.40047791098563,0.0,0.0,399.21027474736627,398.50103223919206,399.2282212835148,399.9097042013499,398.9651099671775,399.0610672530338,399.50753828032106,96.0,399.2843027666774,0.7868333400339851,1,1.5383767444688012,0.16897853737323273
63.5,0.0,399.28147392392276,0.78761947833676,96.0,395.3239365681041,400.0000000000007,520731.0214966965,68.97850330347353,1.5530797689089761,-1.6612494988521576e-06,5.097691824922993e-09,1.4173059888831793e-15,4.163336342344337e-17,1.6736080782123262,0.021046497622223246,-44.40047791098563,0.0,0.0,399.2082817970129,398.49969309895346,399.22512743889024,399.9075381582644,398.95862678295606,399.0583652538046,399.50458259404087,96.0,399.28147392392276,0.78761947833676,1,1.5383767444688012,0.16902999881383926
63.75,0.0,399.27864508117165,0.788403427674099,96.0,395.32141393902646,400.0000000000007,520730.74992779247,69.25007220757826,1.5530394635081295,-1.6611941049404777e-06,5.09752184377873e-09,1.942890293094024e-15,4.163336342344337e-17,1.6735482052782813,0.021045736769175573,-44.40047791098563,0.0,0.0,399.2063242420349,398.49834633050096,399.2220592410795,399.90533525565735,398.9522546586585,399.0556626283763,399.501627533967,96.0,399.27864508117165,0.788403427674099,1,1.5383767444688012,0.16908144610676104
64.0,0.0,399.27581623842434,0.7891856981161656,96.0,395.31864572860883,400.0000000000007,520730.47835888877,69.5216411113202,1.552998829219671,-1.6607907724619508e-06,5.096284182199339e-09,1.4173059888831766e-15,4.163336342344337e-17,1.6734884838919626,0.021044975203675712,-44.40047791098563,0.0,0.0,399.2044013004003,398.4969910511551,399.21901379442295,399.9030978544539,398.9459931306237,399.052959096179,399.4986733806697,96.0,399.27581623842434,0.7891856981161656,1,1.5383767444688012,0.16913288672330232
64.25,0.0,399.2729873956811,0.7899595685809404,96.0,395.31563100589545,400.0000000000007,520730.20678998536,69.79321001467196,1.552957869430662,-1.6600956627144114e-06,5.094151176121742e-09,1.4173059888831793e-15,4.163336342344337e-17,1.6734289138449654,0.021044212943955476,-44.40047791098563,0.0,0.0,399.2025109668117,398.4956262546955,399.21591628077505,399.90082823575847,398.93984149798865,399.05025435726947,399.4957204340929,96.0,399.2729873956811,0.7899595685809404,1,1.5383767444688012,0.1691843296169885
64.5,0.0,399.2701585529431,0.7907287444566197,96.0,395.31236896069225,400.0000000000007,520729.93522108253,70.06477891752408,1.5529165876099975,-1.6588191584787637e-06,5.090234109353001e-09,1.6653345369377348e-15,4.163336342344337e-17,1.6733694951755071,0.021043450008086443,-44.40047791098563,0.0,0.0,399.2006505893005,398.49425076753744,399.2128488140827,399.8985381177648,398.9337989041291,399.0475483610879,399.4927687447983,96.0,399.2701585529431,0.7907287444566197,1,1.5383767444688012,0.16923578444857315
64.75,0.0,399.2673297102108,0.7914942666692706,96.0,395.3088584577228,400.0000000000007,520729.6636521802,70.33634781982252,1.5528749871783203,-1.657017477896261e-06,5.084705492259126e-09,1.4173059888831766e-15,4.163336342344337e-17,1.6733102278616672,0.021042686414683737,-44.40047791098563,0.0,0.0,399.1988174463286,398.4928629363886,399.2098287034106,399.8962089264528,398.9278643420568,399.04484058431666,399.4898188361051,96.0,399.2673297102108,0.7914942666692706,1,1.5383767444688012,0.16928726019071316
65.0,0.0,399.26450086748446,0.7922566390111273,96.0,395.3050995533724,400.0000000000007,520729.3920832785,70.60791672155658,1.5528330715827918,-1.654635141790095e-06,5.077395082052223e-09,1.4173059888831793e-15,4.163336342344337e-17,1.6732511119795561,0.021041922182108697,-44.40047791098563,0.0,0.0,399.1970086621175,398.4914615313082,399.2068578599048,399.893841438957,398.92203556919117,399.04213225913463,399.4868694758343,96.0,399.26450086748446,0.7922566390111273,1,1.5383767444688012,0.16933875231001339
65.25,0.0,399.26167202476427,0.7930168022726376,96.0,395.30109562007647,400.0000000000007,520729.12051437737,70.87948562269739,1.5527908443366365,-1.6516706722313756e-06,5.0682983435760586e-09,1.4802973661668755e-15,4.336808689942018e-17,1.6731921479033323,0.021041157329006636,-44.40047791098563,0.0,0.0,399.1952208749701,398.4900459271199,399.2039276448728,399.89143799021036,398.916312386714,399.03942202447587,399.48392202505266,96.0,399.26167202476427,0.7930168022726376,1,1.5383767444688012,0.16939026118793057
65.5,0.0,399.25884318205027,0.7937748627265696,96.0,395.2968452876228,400.0000000000007,520728.8489454768,71.15105452323809,1.5527483087022227,-1.6481220797004426e-06,5.0574091718126245e-09,1.7578531223231646e-15,4.163336342344337e-17,1.673133335401685,0.02104039187517578,-44.40047791098563,0.0,0.0,399.19345082643355,398.4886151221613,399.20102942070275,399.88900073246174,398.91069379144506,399.03670937608877,399.4809769880117,96.0,399.25884318205027,0.7937748627265696,1,1.5383767444688012,0.16944176646458886
65.75,0.0,399.25601433934236,0.7945294184497723,96.0,395.29234744275396,400.0000000000007,520728.57737657684,71.42262342319793,1.5527054679376988,-1.6439936274537104e-06,5.044740648943366e-09,1.4802973661668755e-15,4.163336342344337e-17,1.6730746742776559,0.021039625838233027,-44.40047791098563,0.0,0.0,399.1916954395163,398.4871679444945,399.1981546600635,399.8865151291179,398.90517865836426,399.03399411856594,399.4780345601187,96.0,399.25601433934236,0.7945294184497723,1,1.5383767444688012,0.16949327547340173
66.0,0.0,399.25318549664024,0.795267976919493,96.0,395.28760124751807,400.0000000000007,520728.30580767745,71.69419232260925,1.552662325273866,-1.639282928067587e-06,5.030285448946675e-09,1.4173059888831793e-15,4.163336342344337e-17,1.6730161643214936,0.021038859235628087,-44.40047791098563,0.0,0.0,399.1899524844801,398.48570311142953,399.1952951965518,399.8839631460592,398.8997660024988,399.0312760693251,399.4750949239553,96.0,399.25318549664024,0.795267976919493,1,1.5383767444688012,0.1695447967333402
66.25,0.0,399.2503566539442,0.7959765271171848,96.0,395.2826061549246,400.0000000000007,520728.03423877864,71.96576122142477,1.5526188837812842,-1.6339903794460042e-06,5.014044792826152e-09,1.4173059888831766e-15,4.163336342344337e-17,1.672957805103964,0.02103809208452138,-44.40047791098563,0.0,0.0,399.188225485189,398.48443465621875,399.19244345499663,399.8813463244869,398.89445595302834,399.0285550452198,399.47215826266864,96.0,399.2503566539442,0.7959765271171848,1,1.5383767444688012,0.16959633463777504
66.5,0.0,399.24752781124886,0.7966860144692857,96.0,395.27736200366815,400.0000000000007,520727.7626698799,72.23733012017392,1.5525751462921398,-1.6286380883911988e-06,4.99762081173629e-09,1.4802973661668755e-15,4.163336342344337e-17,1.6728995958339996,0.021037324402221027,-44.40047791098563,0.0,0.0,399.18651109383325,398.48313457608367,399.1895932122224,399.8786700523038,398.8892388278257,399.02583050499334,399.46922511750444,96.0,399.24752781124886,0.7966860144692857,1,1.5383767444688012,0.1696478837417663
66.75,0.0,399.24469896854936,0.797398748579562,96.0,395.27186881036084,400.0000000000007,520727.49110098067,72.50889901932624,1.5525311169112013,-1.6237500375382297e-06,4.98262139299142e-09,1.4802973661668755e-15,3.642919299551295e-17,1.672841536076721,0.021036556206038188,-44.40047791098563,0.0,0.0,399.18480660206745,398.4817960322794,399.18673855110944,399.8759444991613,398.884119128469,399.0231061335914,399.4662918035074,96.0,399.24469896854936,0.797398748579562,1,1.5383767444688012,0.16969944791596045
67.0,0.0,399.24187012583644,0.7981050576467815,96.0,395.26612683277654,400.0000000000007,520727.2195320803,72.78046791976455,1.5524867987911601,-1.6200269925548128e-06,4.971196898363191e-09,1.3322676295501878e-15,4.163336342344337e-17,1.6727836252053827,0.021035787516623813,-44.40047791098563,0.0,0.0,399.18310999573964,398.48041761300675,399.18384659720095,399.8731703952064,398.8790975694791,399.0203782171022,399.46336203457076,96.0,399.24187012583644,0.7981050576467815,1,1.5383767444688012,0.16975103594423854
67.25,0.0,399.239041283111,0.7988140090593635,96.0,395.26013782860605,400.0000000000006,520726.9479631786,73.05203682140692,1.5524421953214205,-1.6175858803535448e-06,4.963706128481411e-09,1.4802973661668755e-15,3.859759734048396e-17,1.672725864115352,0.021035018349584954,-44.40047791098563,0.0,0.0,399.1814201056205,398.4789935121376,399.1809368261785,399.8703621170202,398.87417349739604,399.0176463701309,399.4604361960913,96.0,399.239041283111,0.7988140090593635,1,1.5383767444688012,0.16980264359994676
67.5,0.0,399.2362124403723,0.7995251135585221,96.0,395.25390669152705,400.0000000000006,520726.6763942757,73.32360572432961,1.5523973105480735,-1.6164243135108336e-06,4.960141757324471e-09,1.6653345369377352e-15,5.204170427930421e-17,1.672668255232052,0.02103424872309312,-44.40047791098563,0.0,0.0,399.1797366902688,398.4775095996998,399.1779956269188,399.86751569153887,398.86934625591965,399.0149105882154,399.45751429252914,96.0,399.2362124403723,0.7995251135585221,1,1.5383767444688012,0.1698542559044344
67.75,0.0,399.2333835976212,0.8002362413491239,96.0,395.2474386300994,400.0000000000006,520726.40482537163,73.59517462842854,1.5523521477268065,-1.6163693175030858e-06,4.95997299718381e-09,1.4802973661668755e-15,4.163336342344337e-17,1.6726107989326966,0.021033478659455193,-44.40047791098563,0.0,0.0,399.178060373222,398.4759570344181,399.1750026635462,399.86462694256204,398.8646152056558,399.0121707262633,399.4545964689791,96.0,399.2333835976212,0.8002362413491239,1,1.5383767444688012,0.16990588179639046
68.0,0.0,399.23055475485944,0.8009480055782973,96.0,395.2407392221587,400.0000000000006,520726.1332564665,73.86674353355582,1.5523067103513468,-1.6174207786434636e-06,4.963199499201256e-09,1.4802973661668755e-15,4.163336342344337e-17,1.672553496263933,0.021032708173724265,-44.40047791098563,0.0,0.0,399.17639227584516,398.47433521584236,399.1719853116185,399.8616960460208,398.8599796539445,399.009426590603,399.45168291911597,96.0,399.23055475485944,0.8009480055782973,1,1.5383767444688012,0.16995750876024773
68.25,0.0,399.2277259120888,0.8016605340800732,96.0,395.2338142120679,400.0000000000006,520725.8616875605,74.13831243955087,1.5522610018609126,-1.6192872038800488e-06,4.968926791024034e-09,1.417305988883182e-15,4.163336342344337e-17,1.6724963482104613,0.021031937282896474,-44.40047791098563,0.0,0.0,399.174734392742,398.472644866525,399.1689669219272,399.858723184665,398.8554388332504,399.00667795964137,399.448773864536,96.0,399.2277259120888,0.8016605340800732,1,1.5383767444688012,0.17000914572966144
68.5,0.0,399.2248970693104,0.8023729265419579,96.0,395.2266698610706,400.0000000000007,520725.5901186538,74.40988134627398,1.5522150255893765,-1.6219094760572261e-06,4.976973466402751e-09,1.4802973661668755e-15,4.597017211338539e-17,1.672439355534307,0.021031166004584115,-44.40047791098563,0.0,0.0,399.17308949364735,398.47088755503694,399.1659512494249,399.8557086106212,398.85099193285885,399.0039247461037,399.44586939251695,96.0,399.2248970693104,0.8023729265419579,1,1.5383767444688012,0.1700607969574706
68.75,0.0,399.2220682265259,0.8030852341363959,96.0,395.21931270438057,400.00000000000074,520725.3185497465,74.68145025358069,1.5521687847303218,-1.6251129721922553e-06,4.986803679185355e-09,1.4173059888831793e-15,4.163336342344337e-17,1.6723825186892405,0.02103039435681319,-44.40047791098563,0.0,0.0,399.17146064668464,398.4690663962566,399.1629405165172,399.85265270012144,398.8466381229237,399.0011669304293,399.4429695226225,96.0,399.2220682265259,0.8030852341363959,1,1.5383767444688012,0.17011246961997897
69.0,0.0,399.21923938373646,0.8037919574559439,96.0,395.21174948300404,400.0000000000006,520725.0469808387,74.95301916136407,1.5521222824055836,-1.6287823001448487e-06,4.998063338327357e-09,1.4173059888831793e-15,4.163336342344337e-17,1.6723258379171746,0.02102962235771619,-44.40047791098563,0.0,0.0,399.1698513142598,398.4671859512399,399.1599352296904,399.8495559277534,398.8423765437377,398.9984043654972,399.44007440197566,96.0,399.21923938373646,0.8037919574559439,1,1.5383767444688012,0.1701641730277307
69.25,0.0,399.2164105409425,0.8044948690267887,96.0,395.203987133329,400.0000000000007,520724.77541193046,75.22458806958721,1.5520755219809073,-1.6329187104702214e-06,5.010756281268648e-09,2.590520390792032e-15,4.85722573273506e-17,1.6722693141164873,0.021028850025807743,-44.40047791098563,0.0,0.0,399.1682652437451,398.46525119747304,399.15693471452215,399.84641587820624,398.8382063180678,398.99563701979645,399.43718406208853,96.0,399.2164105409425,0.8044948690267887,1,1.5383767444688012,0.17021591565626715
69.5,0.0,399.21358169814476,0.8051970981966764,96.0,395.19603271807114,400.0000000000007,520724.50384302187,75.49615697816589,1.5520285067682698,-1.6374032867361166e-06,5.0245176023614125e-09,2.035408878479454e-15,4.683753385137379e-17,1.6722129481154733,0.02102807738189466,-44.40047791098563,0.0,0.0,399.166706339509,398.4632673614731,399.15393805272987,399.8432292545236,398.83412657135386,398.9928647409838,399.4342986553058,96.0,399.21358169814476,0.8051970981966764,1,1.5383767444688012,0.170267706588503
69.75,0.0,399.210752855344,0.8058989313709299,96.0,395.18790726308515,400.0000000000007,520724.232274113,75.76772588703795,1.551981239961877,-1.6421790718368356e-06,5.039172523661521e-09,1.942890293094024e-15,4.163336342344337e-17,1.6721567405214466,0.02102730444709584,-44.40047791098563,0.0,0.0,399.1651785470138,398.4612399014048,399.1509439485594,399.84000003279374,398.83012986886644,398.99008737403216,399.43141833665595,96.0,399.210752855344,0.8058989313709299,1,1.5383767444688012,0.1703195549336155
70.0,0.0,399.2079240125407,0.8065940779695389,96.0,395.1796024247576,400.0000000000007,520723.9607052039,76.03929479615954,1.551933724725587,-1.647187914954884e-06,5.054542604214045e-09,1.6098233857064778e-15,5.0306980803327406e-17,1.6721006918997476,0.02102653124196997,-44.40047791098563,0.0,0.0,399.16368713174154,398.45917439275854,399.147950770422,399.8367334647892,398.82622391678854,398.9873048546806,399.4285431704008,96.0,399.2079240125407,0.8065940779695389,1,1.5383767444688012,0.17037142642083794
70.25,0.0,399.205095169735,0.8072835734498595,96.0,395.1711096607727,400.0000000000007,520723.68913629453,76.31086370550753,1.5518859641452671,-1.6524289634389788e-06,5.070625227582694e-09,1.8503717077085944e-15,4.5102810375396984e-17,1.6720448026696821,0.0210257577869436,-44.40047791098563,0.0,0.0,399.16223708955374,398.45707619759764,399.1449566048923,399.8334267507443,398.82241288055184,398.9845174444802,399.42567289498976,96.0,399.205095169735,0.8072835734498595,1,1.5383767444688012,0.1704233124463442
70.5,0.0,399.2022663269269,0.8079831645213699,96.0,395.1624570116682,400.0000000000007,520723.41756738495,76.58243261507894,1.551837961232998,-1.6579020467588634e-06,5.087419870480209e-09,1.8503717077085944e-15,4.163336342344337e-17,1.6719890731209528,0.02102498410173854,-44.40047791098563,0.0,0.0,399.160831259534,398.45495046352886,399.1419593288616,399.8300827120239,398.81947974301636,398.9817244938508,399.42280816000317,96.0,399.2022663269269,0.8079831645213699,1,1.5383767444688012,0.17047521310284874
70.75,0.0,399.19943748411697,0.8086866703122667,96.0,395.1536509083869,400.0000000000007,520723.14599847526,76.85400152483635,1.5517897189694547,-1.6634941601978426e-06,5.104579767883714e-09,1.4802973661668755e-15,4.163336342344337e-17,1.6719335032538578,0.021024210205257927,-44.40047791098563,0.0,0.0,399.1594726005859,398.4528021869612,399.13896111137,399.8267025320961,398.81685379094586,398.9789258493252,399.41994911890873,96.0,399.19943748411697,0.8086866703122667,1,1.5383767444688012,0.17052710546702454
71.0,0.0,399.196608641305,0.8093910202263251,96.0,395.1446956825255,400.0000000000007,520722.8744295653,77.12557043478688,1.551741240303391,-1.6693774824716456e-06,5.122633265494563e-09,1.4988010832439617e-15,4.683753385137379e-17,1.6718780931646153,0.021023436116419065,-44.40047791098563,0.0,0.0,399.15816613321454,398.45063602769994,399.1359542920665,399.8232865046066,398.81430419340614,398.97612138146286,399.4170959011473,96.0,399.196608641305,0.8093910202263251,1,1.5383767444688012,0.17057899792673314
71.25,0.0,399.19377979849077,0.8100957115328028,96.0,395.13559820346006,400.0000000000007,520722.6028606551,77.3971393449491,1.5516925280685732,-1.6754351435110948e-06,5.141221737112036e-09,1.4173059888831793e-15,4.163336342344337e-17,1.6718228428806925,0.021022661853215326,-44.40047791098563,0.0,0.0,399.1569170737904,398.4484561779699,399.1329953410168,399.8197610908595,398.8118219448784,398.9733108698165,399.41424872716516,96.0,399.19377979849077,0.8100957115328028,1,1.5383767444688012,0.17063089998170544
71.5,0.0,399.19095095567405,0.8108008541731044,96.0,395.12636530829207,400.0000000000006,520722.3312917447,77.668708255354,1.5516435850778234,-1.6817242141087263e-06,5.1605203095384305e-09,1.4173059888831793e-15,4.163336342344337e-17,1.6717677523869567,0.02102188743212623,-44.40047791098563,0.0,0.0,399.155729890296,398.4462659868694,399.13004742225553,399.81617040113895,398.80940735926293,398.97049467171263,399.41140723963554,96.0,399.19095095567405,0.8108008541731044,1,1.5383767444688012,0.1706828140796929
71.75,0.0,399.1881221128546,0.8115050935116475,96.0,395.1170037117415,400.0000000000006,520722.05972283403,77.94027716602807,1.5515944142254878,-1.6883053461924646e-06,5.18071509860846e-09,1.3877787807814457e-15,4.163336342344337e-17,1.6717128225057258,0.02102111286906399,-44.40047791098563,0.0,0.0,399.1546081023842,398.44406835363793,399.12711834266145,399.81255921507324,398.8070603204054,398.96767543045115,399.4085687952581,96.0,399.1881221128546,0.8115050935116475,1,1.5383767444688012,0.17073470967239102
72.0,0.0,399.185293270032,0.8122099415796225,96.0,395.1075200234984,400.0000000000007,520721.78815392306,78.21184607699865,1.5515450184134738,-1.6951758681216234e-06,5.201797906155084e-09,1.4173059888831793e-15,4.163336342344337e-17,1.6716580548491715,0.02102033818216298,-44.40047791098563,0.0,0.0,399.1535544242409,398.44186572486063,399.12414792900546,399.8089288634178,398.8047546618077,398.9648502253296,399.40573631473444,96.0,399.185293270032,0.8122099415796225,1,1.5383767444688012,0.1707865971719147
72.25,0.0,399.18246442720596,0.8129154765485134,96.0,395.0979207407796,400.0000000000007,520721.51658501173,78.48341498829845,1.551495400312904,-1.7023962612938703e-06,5.22395432472576e-09,1.4802973661668755e-15,4.163336342344337e-17,1.6716034489141829,0.02101956339247968,-44.40047791098563,0.0,0.0,399.1525703713913,398.4396599056263,399.12113095246497,399.805279654489,398.8025116055731,398.96201883049025,399.4029100239217,96.0,399.18246442720596,0.8129154765485134,1,1.5383767444688012,0.17083848488469297
72.5,0.0,399.17963558437623,0.8136221562604076,96.0,395.08821223876953,400.0000000000006,520721.2450161001,78.75498389995484,1.5514455625475554,-1.7099093412298316e-06,5.247008878660016e-09,1.4173059888831793e-15,4.163336342344337e-17,1.671549004241246,0.021018788515827006,-44.40047791098563,0.0,0.0,399.151656072502,398.4374522395527,399.1180637498362,399.80161211653274,398.8003400379833,398.95918111794435,399.4000900508081,96.0,399.17963558437623,0.8136221562604076,1,1.5383767444688012,0.17089038284451422
72.75,0.0,399.1768067415425,0.8143296546422373,96.0,395.07840076162125,400.0000000000006,520720.97344718804,79.02655281199239,1.551395510275952,-1.7178877982360063e-06,5.271491483520982e-09,1.4173059888831793e-15,4.163336342344337e-17,1.6714947201331884,0.02101801356669792,-44.40047791098563,0.0,0.0,399.15081025275475,398.43524380483905,399.11494410790624,399.7979273280144,398.7982375052042,398.9563369698487,399.39727651323636,96.0,399.1768067415425,0.8143296546422373,1,1.5383767444688012,0.17094229982799083
73.0,0.0,399.17397789870455,0.8150365509701335,96.0,395.0684924164382,400.0000000000006,520720.7018782756,79.29812172442787,1.5513452456582373,-1.726215899111594e-06,5.2970470016896565e-09,1.4173059888831766e-15,4.163336342344337e-17,1.6714405959807388,0.021017238559696515,-44.40047791098563,0.0,0.0,399.1500302224596,398.4330344445671,399.111778790981,399.7941774563759,398.7962015598932,398.9534862770518,399.3944695203573,96.0,399.17397789870455,0.8150365509701335,1,1.5383767444688012,0.1709942428577714
73.25,0.0,399.1711490558623,0.8157274671145117,96.0,395.05849316905454,400.0000000000006,520720.43030936277,79.56969063728087,1.5512947704944677,-1.7349520220477643e-06,5.323854571837313e-09,1.4173059888831793e-15,4.163336342344337e-17,1.6713866310440373,0.02101646350757956,-44.40047791098563,0.0,0.0,399.1493119373104,398.4308233831569,399.108601305804,399.790348650599,398.79422975349127,398.95062881414395,399.3916692975808,96.0,399.1711490558623,0.8157274671145117,1,1.5383767444688012,0.17104622035485825
73.5,0.0,399.1683202130157,0.8164244264612773,96.0,395.048409031016,400.0000000000006,520720.15874044946,79.84125955055558,1.551244086536465,-1.7441529536199596e-06,5.352088448620821e-09,1.4173059888831793e-15,4.163336342344337e-17,1.6713328241846042,0.021015688421304822,-44.40047791098563,0.0,0.0,399.1486469262533,398.42860926195533,399.1053512239921,399.7864993207667,398.79231964245923,398.9477646347594,399.38887579127214,96.0,399.1683202130157,0.8164244264612773,1,1.5383767444688012,0.17109822965333196
73.75,0.0,399.16549137016483,0.8171300025648973,96.0,395.03824769813446,400.0000000000006,520719.88717153575,80.11282846424366,1.5511931957448122,-1.753760543010685e-06,5.381570191085248e-09,1.4802973661668755e-15,4.163336342344337e-17,1.6712791747477456,0.021014913309564214,-44.40047791098563,0.0,0.0,399.14802944184004,398.42639014152394,399.1020316976925,399.7826458171653,398.7904687987658,398.94489366889457,399.3860890714352,96.0,399.16549137016483,0.8171300025648973,1,1.5383767444688012,0.17115026347637188
74.0,0.0,399.16266252730975,0.8178423900847325,96.0,395.02801473376945,400.0000000000007,520719.6156026217,80.38439737833346,1.5511420996943195,-1.763718742608944e-06,5.412127812151843e-09,1.4802973661668755e-15,4.163336342344337e-17,1.6712256818830626,0.02101413818092227,-44.40047791098563,0.0,0.0,399.14745357993075,398.4241636107921,399.09864939335347,399.77879892584696,398.78867479268905,398.94201583164914,399.38330922297035,96.0,399.16266252730975,0.8178423900847325,1,1.5383767444688012,0.17120229539674625
74.25,0.0,399.1598336844507,0.8185645269078777,96.0,395.01771543402464,400.0000000000006,520719.3440337073,80.6559662927985,1.55109079657156,-1.774025278677982e-06,5.4437543346571695e-09,1.4340380734741607e-15,4.163336342344337e-17,1.6711723446862368,0.021013363043618546,-44.40047791098563,0.0,0.0,399.14691235650656,398.42192688628495,399.09521146453795,399.77501760723806,398.7869358069094,398.9391311002426,399.3805362686589,96.0,399.1598336844507,0.8185645269078777,1,1.5383767444688012,0.17125432990281717
74.5,0.0,399.1570048415881,0.8192654503225445,96.0,395.00735489156864,400.0000000000006,520719.07246479247,80.92753520760783,1.5510392859907345,-1.7847383588787125e-06,5.476628373985242e-09,1.4173059888831793e-15,4.163336342344337e-17,1.671119162204281,0.021012587905009195,-44.40047791098563,0.0,0.0,399.1463961402135,398.41967697619634,399.09172519557455,399.77123975318136,398.7852500501598,398.9362394323068,399.37777025086945,96.0,399.1570048415881,0.8192654503225445,1,1.5383767444688012,0.17130637693161055
74.75,0.0,399.15417599872245,0.8199594465529555,96.0,394.99693800800304,400.0000000000006,520718.80089587736,81.19910412271147,1.5509875695140452,-1.7957438984694818e-06,5.510399850960553e-09,1.4173059888831793e-15,4.163336342344337e-17,1.6710661335015895,0.02101181277188535,-44.40047791098563,0.0,0.0,399.1458943304529,398.4174106694836,399.0881965059765,399.76745655672744,398.78361707423824,398.9333408994539,399.37501109799103,96.0,399.15417599872245,0.8199594465529555,1,1.5383767444688012,0.17135844611587817
75.0,0.0,399.15134715585435,0.8206538315318288,96.0,394.98646935712003,400.0000000000006,520718.52932696196,81.47067303805429,1.5509356496113849,-1.8070405332082373e-06,5.545064579285037e-09,1.4802973661668755e-15,4.163336342344337e-17,1.6710132575602659,0.021011037650959456,-44.40047791098563,0.0,0.0,399.1454218847672,398.4151245818802,399.08463189661154,399.763667449551,398.78203591784643,398.93043524725425,399.37225906445445,96.0,399.15134715585435,0.8206538315318288,1,1.5383767444688012,0.17141054173832856
75.25,0.0,399.1485183129844,0.8213497417241747,96.0,394.9759534139039,400.0000000000006,520718.2577580465,81.74224195356976,1.5508835291462397,-1.8183952619210686e-06,5.579907574135366e-09,1.4802973661668755e-15,3.2959746043559335e-17,1.6709605333241055,0.02101026254870844,-44.40047791098563,0.0,0.0,399.1450498394609,398.4128150966493,399.08103851611736,399.7598703574497,398.7804840189672,398.92752154715936,399.3695150788094,96.0,399.1485183129844,0.8213497417241747,1,1.5383767444688012,0.17146267302835447
75.5,0.0,399.1456894701134,0.8220500914759905,96.0,394.9653946016352,400.0000000000006,520717.9861891309,82.01381086917911,1.5508312110998772,-1.8298670312333343e-06,5.6151097184736765e-09,1.4340380734741607e-15,4.163336342344337e-17,1.6709079596899357,0.021009487471565412,-44.40047791098563,0.0,0.0,399.1446619803255,398.410477821296,399.0774236323179,399.7560651187904,398.77897242940446,398.9246009676217,399.366777972605,96.0,399.1456894701134,0.8220500914759905,1,1.5383767444688012,0.17151484589542296
75.75,0.0,399.1428606272423,0.8227535093417117,96.0,394.95479717941816,400.0000000000006,520717.71462021524,82.28537978479397,1.5507786984346146,-1.8414532263477668e-06,5.650662988562013e-09,1.6653345369377348e-15,4.163336342344337e-17,1.6708555355099846,0.021008712425946634,-44.40047791098563,0.0,0.0,399.1442480436372,398.4080970386764,399.07379502146847,399.75224773264017,398.7775055451361,398.9216737787885,399.3640474756962,96.0,399.1428606272423,0.8227535093417117,1,1.5383767444688012,0.17156706290336066
76.0,0.0,399.1400317843725,0.8234625334340064,96.0,394.9441652388973,400.00000000000057,520717.4430512998,82.55694870030682,1.5507259940350724,-1.8528091487723941e-06,5.685509646423148e-09,1.5728159515523052e-15,4.683753385137379e-17,1.6708032596524736,0.02100793741826261,-44.40047791098563,0.0,0.0,399.14379729589604,398.40564929205016,399.07015928785614,399.7483761617071,398.7760820589236,398.9187389590538,399.3613246096911,96.0,399.1400317843725,0.8234625334340064,1,1.5383767444688012,0.17161932419285306
76.25,0.0,399.13720294150085,0.8241710614164984,96.0,394.9335028389428,400.0000000000006,520717.17148238403,82.82851761598644,1.550673100681166,-1.864455654754238e-06,5.721247985771683e-09,1.8318679906315087e-15,5.724587470723463e-17,1.6707511309783312,0.02100716245502422,-44.40047791098563,0.0,0.0,399.1432978989037,398.40311894806416,399.0665222652684,399.74450805983275,398.77469967139933,398.91579695488946,399.3586089281121,96.0,399.13720294150085,0.8241710614164984,1,1.5383767444688012,0.1716715745056283
76.5,0.0,399.13437409862655,0.8248822594345562,96.0,394.9228139713046,400.0000000000006,520716.8999134682,83.10008653190741,1.5506200210571708,-1.8761583220339162e-06,5.757158661057141e-09,1.5728159515523052e-15,4.163336342344337e-17,1.6706991483797204,0.02100638754280257,-44.40047791098563,0.0,0.0,399.1427388786246,398.40049637511476,399.0628898894242,399.7406263460117,398.77335619397417,398.9128447492378,399.35590344801534,96.0,399.13437409862655,0.8248822594345562,1,1.5383767444688012,0.17172378504350724
76.75,0.0,399.13154525575027,0.8255917304897242,96.0,394.912102204241,400.0000000000006,520716.628344552,83.37165544804006,1.550566757524934,-1.8882689545307585e-06,5.794321213892495e-09,1.776356839400251e-15,5.551115123125783e-17,1.6706473105049962,0.021005612688334285,-44.40047791098563,0.0,0.0,399.1421103437062,398.3977635499925,399.0592689352271,399.73673436481846,398.7720493986149,398.90988652093455,399.3532039905658,96.0,399.13154525575027,0.8255917304897242,1,1.5383767444688012,0.17177595375269475
77.0,0.0,399.1287164128724,0.8262994833710895,96.0,394.9013709189199,400.0000000000006,520716.35677563574,83.64322436430582,1.5505133125115746,-1.9004385336529594e-06,5.8316646496899855e-09,1.7578531223231646e-15,3.9898639947466563e-17,1.6705956161455264,0.021004837897751212,-44.40047791098563,0.0,0.0,399.14140391429873,398.39489756365936,399.05566139454214,399.7328338262376,398.77077666182845,398.90692242424757,399.35051040149733,96.0,399.1287164128724,0.8262994833710895,1,1.5383767444688012,0.17182808709532024
77.25,0.0,399.12588756999435,0.8270058890687904,96.0,394.8906232767484,400.0000000000006,520716.08520671946,83.91479328060075,1.5504596884261863,-1.912607885401485e-06,5.8690073877711316e-09,1.4173059888831793e-15,4.163336342344337e-17,1.670544064217114,0.021004063177606613,-44.40047791098563,0.0,0.0,399.14061182124135,398.391908762801,399.05207054912813,399.7289263008387,398.76953523268327,398.9039521502396,399.34782298974915,96.0,399.12588756999435,0.8270058890687904,1,1.5383767444688012,0.17188019259472861
77.5,0.0,399.12305872711704,0.8277111022558543,96.0,394.8798622423064,400.0000000000006,520715.8136378032,84.18636219683148,1.5504058876322446,-1.924776611872403e-06,5.906348207132331e-09,1.8503717077085944e-15,4.163336342344337e-17,1.6704926536905405,0.021003288535296503,-44.40047791098563,0.0,0.0,399.13972746168974,398.38881164207095,399.0484989859059,399.72501332564013,398.76832226902764,398.90097601513565,399.3451414390983,96.0,399.12305872711704,0.8277111022558543,1,1.5383767444688012,0.17193227843081096
77.75,0.0,399.12022988424104,0.8284154333063173,96.0,394.86909060281306,400.0000000000006,520715.5420688871,84.45793111291482,1.5503519124403065,-1.9367696353356223e-06,5.943149866188846e-09,1.8503717077085944e-15,4.163336342344337e-17,1.6704413835967746,0.021002513977473054,-44.40047791098563,0.0,0.0,399.1387454718532,398.385621616403,399.0449485193675,399.72109639201756,398.7671348644185,398.8979937930266,399.3424659754555,96.0,399.12022988424104,0.8284154333063173,1,1.5383767444688012,0.1719843466079042
78.0,0.0,399.1174010413674,0.8291197188020508,96.0,394.8583109850615,400.0000000000006,520715.2704999713,84.72950002879128,1.5502977650880312,-1.9484723594587194e-06,5.97906071590339e-09,1.4173059888831766e-15,4.163336342344337e-17,1.6703902529581687,0.02100173951091411,-44.40047791098563,0.0,0.0,399.137661757703,398.38235409551737,399.04142020075403,399.7171769156721,398.76597007162775,398.8950061030163,399.3397959797183,96.0,399.1174010413674,0.8291197188020508,1,1.5383767444688012,0.17203640667227696
78.25,0.0,399.11457219849626,0.8298245198397947,96.0,394.8475259932579,400.0000000000006,520714.99893105566,85.00106894441592,1.550243447865092,-1.95999977847805e-06,6.01443362631685e-09,1.7115938296304498e-15,4.163336342344337e-17,1.6703392613260135,0.021000965142298548,-44.40047791098563,0.0,0.0,399.13647342859355,398.37902404998096,399.03791436630405,399.71325627136633,398.7648249237895,398.8920131164795,399.3371312805131,96.0,399.11457219849626,0.8298245198397947,1,1.5383767444688012,0.17208846438584624
78.5,0.0,399.1117433556281,0.8305266781592563,96.0,394.8367379564266,400.0000000000006,520714.72736214026,85.27263785976002,1.5501889630334638,-1.9712940257932132e-06,6.049091028619724e-09,1.776356839400251e-15,5.551115123125783e-17,1.6702884083403118,0.021000190879679043,-44.40047791098563,0.0,0.0,399.1351787686365,398.37564571586574,399.0344306995111,399.70933601548575,398.7636964542814,398.8890149896192,399.33447172163693,96.0,399.1117433556281,0.8305266781592563,1,1.5383767444688012,0.17214052255008602
78.75,0.0,399.10891451276285,0.8312233846328068,96.0,394.82594906940403,400.0000000000007,520714.4557932252,85.54420677481542,1.5501343126565985,-1.9822406756020428e-06,6.0826817970619844e-09,1.387778780781446e-15,4.336808689942018e-17,1.6702376927967908,0.02099941673144116,-44.40047791098563,0.0,0.0,399.1337771011944,398.3722321759829,399.030968318636,399.70541802489737,398.7625817111958,398.88601192704647,399.3318170984794,96.0,399.10891451276285,0.8312233846328068,1,1.5383767444688012,0.17219258772103432
79.0,0.0,399.1060856699007,0.8319164281125341,96.0,394.8151614585487,400.0000000000007,520714.18422431045,85.81577568958626,1.5500794987099,-1.992894638647158e-06,6.115374430140666e-09,1.4173059888831766e-15,4.163336342344337e-17,1.6701871135056472,0.02099864270373614,-44.40047791098563,0.0,0.0,399.1322678382146,398.3687948543819,399.02752576163186,399.701517344296,398.761477765801,398.8830041453205,399.32916719448093,96.0,399.1060856699007,0.8319164281125341,1,1.5383767444688012,0.17224465279081747
79.25,0.0,399.1032568270413,0.8325927810275733,96.0,394.8043772324427,400.0000000000007,520713.9126553959,86.08734460409016,1.5500245231546779,-2.0033187269064e-06,6.147361671995746e-09,1.4802973661668755e-15,4.163336342344337e-17,1.6701366693385709,0.020997868803375036,-44.40047791098563,0.0,0.0,399.1306512508401,398.3653439061455,399.02410209442803,399.6976226338244,398.7600129857089,398.87999186921957,399.32652178486313,96.0,399.1032568270413,0.8325927810275733,1,1.5383767444688012,0.1722966821166764
79.5,0.0,399.10042798418436,0.83325229871223,96.0,394.79359835936003,400.0000000000007,520713.64108648174,86.35891351835366,1.5499693880759033,-2.013393284983067e-06,6.17827634940129e-09,1.4173059888831793e-15,4.336808689942018e-17,1.670086359457783,0.020997095037241932,-44.40047791098563,0.0,0.0,399.12892989782256,398.3618890950956,399.02069919438793,399.69372339108253,398.7579127651255,398.8769752887917,399.3238806795771,96.0,399.10042798418436,0.83325229871223,1,1.5383767444688012,0.17234867768010123
79.75,0.0,399.0975991413292,0.8339176744977057,96.0,394.782826744342,400.0000000000007,520713.36951756757,86.63048243245188,1.5499140955420143,-2.0234673314689644e-06,6.209189456945061e-09,1.417305988883182e-15,4.163336342344337e-17,1.6700361830904447,0.020996321411677142,-44.40047791098563,0.0,0.0,399.12710569474496,398.3584386290504,399.01730623277103,399.68982132905734,398.75584565362135,398.87395463030026,399.32124365235796,96.0,399.0975991413292,0.8339176744977057,1,1.5383767444688012,0.17240065431369853
80.0,0.0,399.0947702984752,0.8345886175961713,96.0,394.77206423664074,400.0000000000006,520713.0979486536,86.90205134643517,1.549858647599358,-2.0333090020585587e-06,6.23938949838545e-09,1.4173059888831766e-15,4.163336342344337e-17,1.6699861394560638,0.020995547933110245,-44.40047791098563,0.0,0.0,399.125176961613,398.3549986293022,399.01392061297986,399.6859171542753,398.7538150706885,398.8709301070037,399.3186104899467,96.0,399.0947702984752,0.8345886175961713,1,1.5383767444688012,0.17245261567962253
80.25,0.0,399.0919414556218,0.8352484904360395,96.0,394.7613126298565,400.0000000000006,520712.82637973974,87.17362026035586,1.5498030462930241,-2.0430928628911715e-06,6.269412145445422e-09,1.3322676295501882e-15,4.163336342344337e-17,1.6699362278388246,0.020994774607847908,-44.40047791098563,0.0,0.0,399.1231425255812,398.35157382448625,399.0105408352941,399.6820121256409,398.7518176674835,398.8679019365142,399.3159809747296,96.0,399.0919414556218,0.8352484904360395,1,1.5383767444688012,0.17250455383493088
80.5,0.0,399.0891126127686,0.8359080528601588,96.0,394.7505736706242,400.0000000000006,520712.5548108258,87.44518917426795,1.5497472936269814,-2.0529334534558075e-06,6.299608872733178e-09,1.4173059888831793e-15,4.163336342344337e-17,1.669886447549209,0.020994001442294612,-44.40047791098563,0.0,0.0,399.1210011934901,398.3481677436575,399.00716532956073,399.6781074618878,398.74985015740793,398.8648703415417,399.31335488399554,96.0,399.0891126127686,0.8359080528601588,1,1.5383767444688012,0.17255648013270108
80.75,0.0,399.0862837699149,0.8365720092130701,96.0,394.7398491058226,400.0000000000006,520712.2832419118,87.71675808821684,1.549691391597231,-2.062832535898451e-06,6.3299850875503805e-09,1.4173059888831766e-15,4.163336342344337e-17,1.669836798643186,0.02099322844281949,-44.40047791098563,0.0,0.0,399.11875260796586,398.344782813758,399.0037924429498,399.67420432844654,398.7479094039669,398.8618355468591,399.3107319929707,96.0,399.0862837699149,0.8365720092130701,1,1.5383767444688012,0.17260840523638066
81.0,0.0,399.0834549270603,0.8372394864423383,96.0,394.729140728532,400.0000000000006,520712.01167299785,87.98832700225624,1.5496353421449545,-2.0726745475485586e-06,6.360186175565285e-09,1.3322676295501878e-15,4.163336342344337e-17,1.6697872804360796,0.020992455619715997,-44.40047791098563,0.0,0.0,399.1163970395618,398.34142076417834,399.00042106995653,399.67030371503967,398.74606976922104,398.85879777637547,399.3081120777452,96.0,399.0834549270603,0.8372394864423383,1,1.5383767444688012,0.17266033937586456
81.25,0.0,399.0806260842044,0.8379109806559162,96.0,394.71845052727866,400.0000000000006,520711.74010408367,88.25989591642062,1.5495791471786922,-2.08274688873189e-06,6.391094050236477e-09,1.4802973661668755e-15,4.163336342344337e-17,1.6697378920948112,0.020991682979944352,-44.40047791098563,0.0,0.0,399.1139353597656,398.3380849261297,398.99704950350616,399.6664060162945,398.74430100766955,398.8557572503512,399.3054949180578,96.0,399.0806260842044,0.8379109806559162,1,1.5383767444688012,0.1727122907228574
81.5,0.0,399.07779724134707,0.8385832891147356,96.0,394.7077807243502,400.0000000000006,520711.4685351694,88.53146483073512,1.5495228085956563,-2.0929357020804673e-06,6.422359330104791e-09,1.3877787807814457e-15,2.7755575615628914e-17,1.6696886328716303,0.02099091052921047,-44.40047791098563,0.0,0.0,399.11136905757115,398.3347751132837,398.9936752695392,399.66251186783256,398.7425544230255,398.85271418943995,399.302880293254,96.0,399.07779724134707,0.8385832891147356,1,1.5383767444688012,0.17276426589659769
81.75,0.0,399.0749683984877,0.8392592217184094,96.0,394.69713355215714,400.0000000000006,520711.19696625485,88.80303374522425,1.5494663282688126,-2.1033569481687664e-06,6.454337850505573e-09,1.6653345369377348e-15,5.204170427930421e-17,1.6696395020546944,0.020990138273157845,-44.40047791098563,0.0,0.0,399.10870017176654,398.33148988865287,398.9902970880679,399.65862229635195,398.7408258095717,398.849668810036,399.30026798693945,96.0,399.0749683984877,0.8392592217184094,1,1.5383767444688012,0.17281627205785174
82.0,0.0,399.07213955562656,0.8399398370401959,96.0,394.68651116026655,400.0000000000006,520710.92539734015,89.07460265990458,1.5494097080719162,-2.1139545793857906e-06,6.4868576243600725e-09,1.6653345369377348e-15,5.0306980803327406e-17,1.669590498991532,0.020989366217378055,-44.40047791098563,0.0,0.0,399.10593129588494,398.32822698280864,398.9869138725927,399.6547383087201,398.73910802092166,398.8466213241448,399.2976577871082,96.0,399.07213955562656,0.8399398370401959,1,1.5383767444688012,0.17286831371896397
82.25,0.0,399.0693107127632,0.8406230943447655,96.0,394.6759155242717,400.0000000000006,520710.6538284253,89.34617157478674,1.5493529498686331,-2.1247250714395705e-06,6.51990783706496e-09,1.3415194880887309e-15,4.163336342344337e-17,1.6695416230601823,0.020988594367560707,-44.40047791098563,0.0,0.0,399.1030757463065,398.32498313691747,398.9835247614673,399.6508608355543,398.73738998827804,398.8435719384479,399.29504948707853,96.0,399.0693107127632,0.8406230943447655,1,1.5383767444688012,0.17292038880311048
82.5,0.0,399.0664818698977,0.8413081030390369,96.0,394.66534856994787,400.0000000000007,520710.38225951017,89.61774048986987,1.5492960555226654,-2.1357287920409362e-06,6.55367373230952e-09,1.417305988883182e-15,4.163336342344337e-17,1.669492873683856,0.02098782272944762,-44.40047791098563,0.0,0.0,399.1001388016669,398.3217550842282,398.9801290625654,399.64699072207213,398.7356798968137,398.8405208419675,399.2924428978279,96.0,399.0664818698977,0.8413081030390369,1,1.5383767444688012,0.17297250375741482
82.75,0.0,399.0636530270303,0.841995641684716,96.0,394.6548121734346,400.0000000000007,520710.11069059494,89.88930940514345,1.5492390268852891,-2.1468487005904535e-06,6.587796160605771e-09,1.4173059888831766e-15,4.163336342344337e-17,1.6694442503079063,0.02098705130890763,-44.40047791098563,0.0,0.0,399.09712283425506,398.31853968321116,398.9767262684496,399.6431287334665,398.734025543145,398.83746821522294,399.2898378388377,96.0,399.0636530270303,0.841995641684716,1,1.5383767444688012,0.1730246642627793
83.0,0.0,399.060824184161,0.8426884216101802,96.0,394.64430816901415,400.0000000000007,520709.8391216795,90.16087832059964,1.5491818657731071,-2.1582014397836247e-06,6.622633050438092e-09,1.5728159515523052e-15,4.163336342344337e-17,1.6693957523421503,0.02098628011186374,-44.40047791098563,0.0,0.0,399.09403017930094,398.31533377580223,398.97331610824546,399.63927555941484,398.7324186399405,398.83441401222416,399.28723435609777,96.0,399.060824184161,0.8426884216101802,1,1.5383767444688012,0.17307687450143683
83.25,0.0,399.0579953412899,0.8433832644052999,96.0,394.6338387008723,400.0000000000006,520709.56755276385,90.43244723622773,1.54912457400042,-2.1697303935752643e-06,6.658010670436873e-09,1.4802973661668755e-15,4.163336342344337e-17,1.6693473792315237,0.020985509144095058,-44.40047791098563,0.0,0.0,399.0908635145126,398.31213477335814,398.96989738727973,399.635430865461,398.73082597858416,398.83135851054766,399.284632172032,96.0,399.0579953412899,0.8433832644052999,1,1.5383767444688012,0.17312913647317604
83.5,0.0,399.0551664984171,0.8440773696079873,96.0,394.62340604759305,400.0000000000006,520709.29598384805,90.70401615200659,1.5490671533705287,-2.1814331176983615e-06,6.693921520151417e-09,1.4802973661668755e-15,3.5561831257524545e-17,1.6692991304361093,0.02098473841145617,-44.40047791098563,0.0,0.0,399.0876258059385,398.30893949609947,398.9664694630074,399.6315950500739,398.72924426654157,398.82830202019227,399.28203097664203,96.0,399.0551664984171,0.8440773696079873,1,1.5383767444688012,0.1731814529561763
83.75,0.0,399.0523376555431,0.8447711737410476,96.0,394.6130124429545,400.0000000000006,520709.0244149322,90.97558506791796,1.5490096056723806,-2.193195300037587e-06,6.73001482268987e-09,1.4802973661668755e-15,4.163336342344337e-17,1.669251005430017,0.02098396791983127,-44.40047791098563,0.0,0.0,399.0843200581793,398.3057446490003,398.9630320071486,399.62776878149776,398.72767232150653,398.82524470439404,399.27943060669213,96.0,399.0523376555431,0.8447711737410476,1,1.5383767444688012,0.1732338266490696
84.0,0.0,399.04950881266785,0.8454655715010465,96.0,394.60266003885533,400.0000000000006,520708.75284601614,91.24715398394281,1.5489519326825822,-2.2051299453096362e-06,6.766637343075108e-09,1.3322676295501878e-15,4.163336342344337e-17,1.6692030036940861,0.020983197675082537,-44.40047791098563,0.0,0.0,399.0809470503937,398.3025471346714,398.95958511441484,399.62395265020945,398.72610892144303,398.82218671260176,399.2768309127339,96.0,399.04950881266785,0.8454655715010465,1,1.5383767444688012,0.17328625777661735
84.25,0.0,399.0466799697915,0.846160463904595,96.0,394.59235091837877,400.0000000000006,520708.4812771,91.51872290006368,1.5488941408995858,-2.217180835373256e-06,6.803616570941125e-09,1.4173059888831793e-15,4.163336342344337e-17,1.6691551366034363,0.02098242768306904,-44.40047791098563,0.0,0.0,399.0775026271015,398.2993441067294,398.95612907114605,399.62014716659814,398.72455218131944,398.81912819108356,399.27423174849963,96.0,399.0466799697915,0.846160463904595,1,1.5383767444688012,0.1733387213025699
84.5,0.0,399.0438511269145,0.846854775606322,96.0,394.5820906156546,400.0000000000006,520708.20970818383,91.79029181626359,1.548836236712681,-2.2292325212447395e-06,6.8405982408143446e-09,1.3322676295501878e-15,4.163336342344337e-17,1.669107414758608,0.020981657980978063,-44.40047791098563,0.0,0.0,399.0739901829332,398.2961330096548,398.9526642834128,399.61635278227754,398.7230002262133,398.8160692882525,399.27163296557654,96.0,399.0438511269145,0.846854775606322,1,1.5383767444688012,0.17339121544042993
84.75,0.0,399.04102228403684,0.8475536800128537,96.0,394.57143487020335,400.0000000000006,520707.9381392675,92.06186073252468,1.5487782201312208,-2.2414585458818692e-06,6.878114884694187e-09,1.4802973661668755e-15,4.163336342344337e-17,1.669059832463499,0.020980888610008866,-44.40047791098563,0.0,0.0,399.07041294451165,398.29291160191514,398.94919129446936,399.6125696905791,398.72145109916056,398.81301014944955,399.269034418624,96.0,399.04102228403684,0.8475536800128537,1,1.5383767444688012,0.1734437442267224
85.0,0.0,399.0381934411585,0.8482559532297375,96.0,394.5605873338864,400.0000000000006,520707.6665703512,92.33342964883444,1.5487200912025336,-2.253626533388342e-06,6.9154534364772695e-09,1.4802973661668755e-15,4.163336342344337e-17,1.6690123847398008,0.020980119572714718,-44.40047791098563,0.0,0.0,399.06677398920533,398.2896778338164,398.9457106144057,399.6087988618473,398.71990283034256,398.80995091657314,399.26643596574394,96.0,399.0381934411585,0.8482559532297375,1,1.5383767444688012,0.17349631141807445
85.25,0.0,399.03536459828,0.8489590955130448,96.0,394.5497804075574,400.0000000000006,520707.39500143484,92.60499856518175,1.5486618503325342,-2.265911277277155e-06,6.953150265602904e-09,1.4173059888831793e-15,4.163336342344337e-17,1.6689650677251566,0.020979350868228348,-44.40047791098563,0.0,0.0,399.06307600999196,398.28643002089785,398.94222287289887,399.6050407924821,398.7183534587482,398.8068917279652,399.2638374685948,96.0,399.03536459828,0.8489590955130448,1,1.5383767444688012,0.17354891638756667
85.5,0.0,399.03253575540094,0.8496628522737817,96.0,394.5390434173533,400.0000000000006,520707.1234325185,92.87656748155916,1.5486034980507861,-2.278138438782662e-06,6.9906703980644655e-09,1.776356839400251e-15,5.551115123125783e-17,1.6689178780838192,0.020978582495108703,-44.40047791098563,0.0,0.0,399.05932135444647,398.28316697146,398.9387288369412,399.60129552702637,398.71680104563075,398.8038327177103,399.2612387930917,96.0,399.03253575540094,0.8496628522737817,1,1.5383767444688012,0.1736015618691785
85.75,0.0,399.02970691252176,0.8503669584088582,96.0,394.528382169689,400.0000000000006,520706.85186360206,93.14813639796108,1.5485450351110817,-2.2904817313929016e-06,7.028546889148632e-09,1.4340380734741607e-15,4.163336342344337e-17,1.6688708131209795,0.020977814451772103,-44.40047791098563,0.0,0.0,399.05551200508114,398.27988779925533,398.93522934503846,399.59756314962965,398.7152436924137,398.80077403394006,399.25863979110346,96.0,399.02970691252176,0.8503669584088582,1,1.5383767444688012,0.17365424499103052
86.0,0.0,399.0268780696424,0.8510712821347628,96.0,394.5177985770348,400.0000000000006,520706.5802946857,93.41970531438339,1.5484864625475652,-2.3027684079579558e-06,7.066249648863189e-09,1.4802973661668755e-15,4.163336342344337e-17,1.6688238708724128,0.020977046736907826,-44.40047791098563,0.0,0.0,399.0516495403852,398.2765919573446,398.93172530313353,399.59384375354716,398.7136794885557,398.7977157936294,399.25604034565544,96.0,399.0268780696424,0.8510712821347628,1,1.5383767444688012,0.1737069595459603
86.25,0.0,399.0240492267629,0.8517764199855624,96.0,394.50729424498644,400.0000000000006,520706.3087257693,93.69127423081358,1.548427781509884,-2.315052299195486e-06,7.103943861552533e-09,1.417305988883182e-15,4.163336342344337e-17,1.668777049693985,0.020976279350079802,-44.40047791098563,0.0,0.0,399.04773513870646,398.27327923182366,398.9282176779184,399.59013734150267,398.7121064524776,398.7946581208774,399.25344033264855,96.0,399.0240492267629,0.8517764199855624,1,1.5383767444688012,0.1737597029842255
86.5,0.0,399.02122038388364,0.8524824689159975,96.0,394.4968706893501,400.0000000000007,520706.03715685284,93.96284314723243,1.5483689932463138,-2.327396103396495e-06,7.141821922498474e-09,1.4802973661668755e-15,4.163336342344337e-17,1.6687303482011604,0.02097551229142816,-44.40047791098563,0.0,0.0,399.04376958611476,398.26994971125487,398.92470755724304,399.586444313992,398.7105227329599,398.79160114540576,399.2508396223614,96.0,399.02122038388364,0.8524824689159975,1,1.5383767444688012,0.17381247906043754
86.75,0.0,399.0183915410045,0.8531907287411105,96.0,394.4865293598482,400.0000000000007,520705.7655879365,94.23441206362156,1.5483100982998794,-2.3396217869731117e-06,7.1793375198038e-09,1.417305988883182e-15,4.163336342344337e-17,1.6686837622544115,0.02097474556174067,-44.40047791098563,0.0,0.0,399.0397532922929,398.26660376346064,398.9211960283063,399.5827650450855,398.70892652326233,398.78854499606695,399.2482380859421,96.0,399.0183915410045,0.8531907287411105,1,1.5383767444688012,0.1738652912934793
87.0,0.0,399.0155626981261,0.853899708519759,96.0,394.47627164868936,400.0000000000007,520705.4940190201,94.50598097995311,1.5482510978955883,-2.3519057350540606e-06,7.217031906922231e-09,1.4173059888831793e-15,4.163336342344337e-17,1.6686372907347522,0.020973979154047327,-44.40047791098563,0.0,0.0,399.03568631896724,398.2632420031619,398.91768406003985,399.57909952017724,398.70731600738225,398.78548981968703,399.24563557656506,96.0,399.0155626981261,0.853899708519759,1,1.5383767444688012,0.1739181429545312
87.25,0.0,399.01273385524854,0.8546095043902648,96.0,394.46609890602093,400.0000000000007,520705.22245010384,94.77754989619507,1.548191993458069,-2.364073040439507e-06,7.254368365556282e-09,1.417305988883182e-15,4.163336342344337e-17,1.6685909331462023,0.020973213069113913,-44.40047791098563,0.0,0.0,399.0315684204777,398.25986525648995,398.91417265728666,399.57544767268786,398.7056893647972,398.78243576648214,399.243031944015,96.0,399.01273385524854,0.8546095043902648,1,1.5383767444688012,0.17397102972578182
87.5,0.0,399.00990501237226,0.85533142973608,96.0,394.4560124383969,400.0000000000007,520704.95088118775,95.04911881231254,1.5481327864979135,-2.3760663481198208e-06,7.291170896758227e-09,1.8503717077085944e-15,4.163336342344337e-17,1.668544689158055,0.020972447309777886,-44.40047791098563,0.0,0.0,399.0282378788015,398.256474526972,398.91066135873484,399.5718094131678,398.7040447887245,398.7793808927254,399.24042913201924,96.0,399.00990501237226,0.85533142973608,1,1.5383767444688012,0.174023950058636
87.75,0.0,399.00707616949506,0.8560650916049087,96.0,394.4460135122046,400.00000000000074,520704.67931227153,95.32068772853515,1.548073478222948,-2.3881764121824745e-06,7.328331705302722e-09,2.4980018054066022e-15,4.683753385137379e-17,1.6684985572253552,0.020971681879753134,-44.40047791098563,0.0,0.0,399.02569132290427,398.2530709703259,398.90715340726535,399.56818461853845,398.7023805821028,398.7763248607541,399.23782747823594,96.0,399.00707616949506,0.8560650916049087,1,1.5383767444688012,0.17407690675238105
88.0,0.0,399.00424732661503,0.8568003863339434,96.0,394.43610335790805,400.00000000000074,520704.407743355,95.59225664502243,1.548014069242166,-2.400576832428669e-06,7.3663834976182735e-09,3.0531133177191805e-15,5.724587470723463e-17,1.668452533592003,0.020970916776815604,-44.40047791098563,0.0,0.0,399.02313526057225,398.2496558602632,398.90364947680354,399.5645731412663,398.7006947715787,398.7732692814886,399.2352253717413,96.0,399.00424732661503,0.8568003863339434,1,1.5383767444688012,0.1741299024041348
88.25,0.0,399.0014184837332,0.8575367196606816,96.0,394.4262831739239,400.00000000000074,520704.1361744384,95.8638255616764,1.547954561387938,-2.413093497466434e-06,7.404791997414602e-09,1.3415194880887309e-15,4.163336342344337e-17,1.668406619078746,0.020970151987157567,-44.40047791098563,0.0,0.0,399.02050669240674,398.24623055104644,398.90015009689967,399.5609748114451,398.6990064913691,398.7702144055131,399.2326225619532,96.0,399.0014184837332,0.8575367196606816,1,1.5383767444688012,0.1741829394784029
88.5,0.0,398.9985896408504,0.8582692029951665,96.0,394.41655413040877,400.0000000000007,520703.86460552167,96.13539447842253,1.547894956503339,-2.425728737875943e-06,7.443564356284232e-09,1.4340380734741607e-15,4.163336342344337e-17,1.6683608145699147,0.02096938751850326,-44.40047791098563,0.0,0.0,399.01777672355007,398.24279645679746,398.8966556827491,399.55738943942475,398.6973054103322,398.76716044299445,399.23001883870637,96.0,398.9985896408504,0.8582692029951665,1,1.5383767444688012,0.17423602018791393
88.75,0.0,398.9957607979671,0.8589984618532045,96.0,394.40691737262296,400.0000000000006,520703.5930366048,96.40696339521992,1.5478352565267994,-2.4384779493402675e-06,7.482686445471201e-09,2.312964634635743e-15,4.336808689942018e-17,1.668315121236768,0.02096862338093113,-44.40047791098563,0.0,0.0,399.01492061341315,398.23935509982766,398.8931665218083,399.5538168182628,398.69557746189264,398.7641074357093,399.2274141602248,96.0,398.9957607979671,0.8589984618532045,1,1.5383767444688012,0.17428914658848896
89.0,0.0,398.99293195508363,0.8597236404073133,96.0,394.397374025011,400.0000000000006,520703.32146768796,96.67853231202393,1.5477754632285774,-2.4512270471177544e-06,7.521808185799998e-09,2.590520390792032e-15,4.85722573273506e-17,1.6682695395507667,0.02096785958521997,-44.40047791098563,0.0,0.0,399.0119167856088,398.23590881728506,398.88968304518227,399.5502567259964,398.693873463096,398.7610555805771,399.2248083295902,96.0,398.99293195508363,0.8597236404073133,1,1.5383767444688012,0.1743423198392878
89.25,0.0,398.9901031122004,0.8604453214551878,96.0,394.3879252108209,400.0000000000006,520703.0498987712,96.95010122881371,1.547715578292578,-2.4638620601535877e-06,7.560579846953285e-09,1.4173059888831793e-15,4.163336342344337e-17,1.6682240697211779,0.020967096140711676,-44.40047791098563,0.0,0.0,399.0087471517693,398.23246138588144,398.8861841749213,399.5467089324104,398.6921461949714,398.7580053495465,399.2222008748543,96.0,398.9901031122004,0.8604453214551878,1,1.5383767444688012,0.17439553785219564
89.5,0.0,398.98727426931765,0.8611658820047224,96.0,394.3785719545925,400.0000000000007,520702.7783298545,97.22167014555902,1.5476556033702615,-2.476495424730274e-06,7.599346449663079e-09,1.4432899320127035e-15,4.5102810375396984e-17,1.6681787118885565,0.020966333055860265,-44.40047791098563,0.0,0.0,399.0053972265247,398.22901445248556,398.88265961267336,399.5431732033353,398.6903803262298,398.75495708286485,399.21959145577057,96.0,398.98727426931765,0.8611658820047224,1,1.5383767444688012,0.17444880274527308
89.75,0.0,398.98444542643574,0.8618858669517349,96.0,394.36931972946127,400.0000000000007,520702.50676093774,97.49323906223003,1.5475955400706318,-2.489128959837217e-06,7.63811357566013e-09,1.776356839400251e-15,5.551115123125783e-17,1.668133466129953,0.0209655703386432,-44.40047791098563,0.0,0.0,399.0018562119852,398.2255694368097,398.8791112509448,399.5396492765086,398.68857396118,398.75191104638105,399.21697980649043,96.0,398.98444542643574,0.8618858669517349,1,1.5383767444688012,0.1745021166213193
90.0,0.0,398.98161658355457,0.8626065723925418,96.0,394.3601394778383,400.0000000000007,520702.23519202124,97.76480797881155,1.547535389981413,-2.501530005361019e-06,7.676167286695628e-09,1.3322676295501878e-15,4.163336342344337e-17,1.6680883324587925,0.020964807996635224,-44.40047791098563,0.0,0.0,398.9981240945226,398.22212759620214,398.87554193011454,399.536136867969,398.68672607616844,398.74886749305625,399.214365674053,96.0,398.98161658355457,0.8626065723925418,1,1.5383767444688012,0.17455547186678802
90.25,0.0,398.9787877406747,0.8633273646835055,96.0,394.35103663032527,400.0000000000007,520701.9636231048,98.03637689528526,1.5474751546634813,-2.5138733548146774e-06,7.71404395220888e-09,1.4173059888831793e-15,4.163336342344337e-17,1.66804331082139,0.020964046044640836,-44.40047791098563,0.0,0.0,398.99419821483593,398.21869002341015,398.87195511767806,399.53263571695675,398.6848368229855,398.74582666969127,399.21174881165825,96.0,398.9787877406747,0.8633273646835055,1,1.5383767444688012,0.17460886010852375
90.5,0.0,398.97595889779626,0.8640471120411854,96.0,394.3420132263015,400.0000000000007,520701.69205418846,98.30794581162115,1.5474148356539805,-2.5260993226083883e-06,7.751560421659636e-09,1.3322676295501884e-15,4.163336342344337e-17,1.6679984011293856,0.02096328449113302,-44.40047791098563,0.0,0.0,398.9900793024833,398.2152579613172,398.86835492572754,399.529145589412,398.68291260263584,398.74278881912414,399.2091289764683,96.0,398.97595889779626,0.8640471120411854,1,1.5383767444688012,0.17466228376155604
90.75,0.0,398.9731300549194,0.8647610707542533,96.0,394.33307060185854,400.0000000000007,520701.4204852723,98.57951472779995,1.5473544345069874,-2.538150212672008e-06,7.788539649525652e-09,1.7578531223231646e-15,4.683753385137379e-17,1.667953603383896,0.020962523342687653,-44.40047791098563,0.0,0.0,398.98577149614965,398.21183239920146,398.8647440189031,399.525666218971,398.6809587978454,398.7397541861529,399.2065059236858,96.0,398.9731300549194,0.8647610707542533,1,1.5383767444688012,0.17471574545923196
91.0,0.0,398.97030121204426,0.8654714839555512,96.0,394.3242097325912,400.0000000000007,520701.14891635627,98.85108364379997,1.547293952710514,-2.55008622218611e-06,7.825166356208955e-09,1.4173059888831793e-15,4.163336342344337e-17,1.6679089174668915,0.020961762604903067,-44.40047791098563,0.0,0.0,398.98128207042186,398.20841403206816,398.86112628826857,399.52219732881974,398.67897399242736,398.7367229988945,399.2038794251942,96.0,398.97030121204426,0.8654714839555512,1,1.5383767444688012,0.17476924779687342
91.25,0.0,398.96747236917105,0.8661611958306225,96.0,394.31543147678497,400.0000000000007,520700.87734744046,99.12265255963595,1.5472333916574252,-2.5617891168394635e-06,7.861077729210757e-09,1.4173059888831793e-15,4.163336342344337e-17,1.6678643429739686,0.020961002282357446,-44.40047791098563,0.0,0.0,398.9766208888868,398.205046946182,398.8575057011884,399.51876928070413,398.6769566789398,398.733695472396,399.20124926594605,96.0,398.96747236917105,0.8661611958306225,1,1.5383767444688012,0.1748227923639014
91.5,0.0,398.96464352629914,0.8668487087300054,96.0,394.3067409869512,400.0000000000006,520700.60577852465,99.39422147533904,1.5471727526611811,-2.573492182023074e-06,7.896989625499817e-09,1.417305988883182e-15,4.163336342344337e-17,1.6678198793836294,0.020960242379193778,-44.40047791098563,0.0,0.0,398.97206724311417,398.2017111186341,398.8538860894283,399.515373448667,398.6749053513607,398.730669139746,399.1986179128523,96.0,398.96464352629914,0.8668487087300054,1,1.5383767444688012,0.17487638078795018
91.75,0.0,398.9618146834279,0.8675367339899053,96.0,394.2981412019157,400.0000000000006,520700.3342096091,99.66579039097473,1.5471120370875135,-2.584963723961664e-06,7.932191072121782e-09,1.4173059888831766e-15,4.163336342344337e-17,1.66777552632884,0.020959482898439442,-44.40047791098563,0.0,0.0,398.96741255548403,398.19838583576416,398.85027102800586,399.5119976721354,398.67281853883685,398.72764626834777,399.19598309850807,96.0,398.9618146834279,0.8675367339899053,1,1.5383767444688012,0.17493001576218314
92.0,0.0,398.9589858405571,0.8682234738160016,96.0,394.2896329757959,400.0000000000006,520700.0626406935,99.93735930657175,1.547051246373366,-2.5964334469108508e-06,7.967386937013e-09,1.417305988883182e-15,4.163336342344337e-17,1.6677312837125846,0.020958723843447286,-44.40047791098563,0.0,0.0,398.96262945429163,398.1950674107111,398.84666361342295,399.50863929629116,398.67069480318366,398.72462745702575,399.19334422408843,96.0,398.9589858405571,0.8682234738160016,1,1.5383767444688012,0.17498369986629073
92.25,0.0,398.9561569976865,0.8689102796843977,96.0,394.2812167899382,400.0000000000006,520699.79107177793,100.20892822215114,1.5469903819301527,-2.607903795137645e-06,8.002584720624161e-09,1.6098233857064774e-15,5.0306980803327406e-17,1.667687151400386,0.02095796521869928,-44.40047791098563,0.0,0.0,398.9577281476158,398.19175529389116,398.843065350831,399.5052974040095,398.668532725735,398.7216128851857,399.19070111018726,96.0,398.9561569976865,0.8689102796843977,1,1.5383767444688012,0.1750374279520129
92.5,0.0,398.9533281548158,0.8695980045704117,96.0,394.27289305032775,400.0000000000006,520699.51950286236,100.48049713774496,1.546929445152395,-2.6193748254854654e-06,8.037784597384354e-09,1.3415194880887309e-15,4.163336342344337e-17,1.667643129236751,0.02095720702876183,-44.40047791098563,0.0,0.0,398.95272163516404,398.18844954478277,398.8394785885265,399.5019713149411,398.66633090309864,398.7186026973074,399.188053612324,96.0,398.9533281548158,0.8695980045704117,1,1.5383767444688012,0.1750911705400051
92.75,0.0,398.9504993119446,0.8702880606341842,96.0,394.2646621272922,400.0000000000006,520699.2479339467,100.7520660533717,1.5468684374150514,-2.6309034950600108e-06,8.073161345237704e-09,1.4802973661668755e-15,4.163336342344337e-17,1.6675992170401819,0.020956449278255566,-44.40047791098563,0.0,0.0,398.94764040961974,398.18515038747256,398.8359033506489,399.49866042529345,398.66408794790095,398.7155969246981,399.18540169919106,96.0,398.9504993119446,0.8702880606341842,1,1.5383767444688012,0.17514493109184293
93.0,0.0,398.9476704690729,0.870951339041005,96.0,394.2565243689522,400.0000000000006,520698.976365031,101.02363496905822,1.5468073600724799,-2.64254823889587e-06,8.108894277284574e-09,1.3877787807814457e-15,3.382710778154774e-17,1.6675554146023142,0.020955691971782705,-44.40047791098563,0.0,0.0,398.9424959845747,398.1818581408704,398.83232845597973,399.49536415845034,398.6618024896246,398.71259577477684,399.18274516336896,96.0,398.9476704690729,0.870951339041005,1,1.5383767444688012,0.1751987126284477
93.25,0.0,398.9448416262,0.8716013308887955,96.0,394.2484801089258,400.0000000000007,520698.70479611517,101.29520388485912,1.546746214464209,-2.65425431678068e-06,8.14481541831519e-09,1.4173059888831766e-15,4.163336342344337e-17,1.6675117217002449,0.020954935113877592,-44.40047791098563,0.0,0.0,398.9361794156511,398.17857325642245,398.8287499357948,399.4921038794747,398.6594731621803,398.7096029291193,399.1800803232806,96.0,398.9448416262,0.8716013308887955,1,1.5383767444688012,0.17525252042175973
93.5,0.0,398.9420127833262,0.8722554565240589,96.0,394.24052966963006,400.0000000000007,520698.43322719936,101.56677280073225,1.5466850019158644,-2.6659589167365993e-06,8.18073202418957e-09,1.417305988883182e-15,4.163336342344337e-17,1.6674681380997474,0.020954178709017165,-44.40047791098563,0.0,0.0,398.9298021940289,398.17529618153196,398.8251678490638,399.48887669571275,398.6570985012631,398.70661545284366,399.17741011380895,96.0,398.9420127833262,0.8722554565240589,1,1.5383767444688012,0.17530635978306844
93.75,0.0,398.93918394045176,0.8729066708517048,96.0,394.2326733592055,400.0000000000007,520698.16165828344,101.83834171668101,1.5466237240464868,-2.677778965676225e-06,8.217002895537525e-09,1.4173059888831766e-15,4.163336342344337e-17,1.6674246642306183,0.020953422761615232,-44.40047791098563,0.0,0.0,398.923399100483,398.17202738472326,398.8215830175852,399.4856595610608,398.65467702424024,398.7036333645965,399.17473451630707,96.0,398.93918394045176,0.8729066708517048,1,1.5383767444688012,0.17536023617423932
94.0,0.0,398.9363550975765,0.8735541775301464,96.0,394.2249114666248,400.0000000000007,520697.89008936734,102.10991063270801,1.5465623834795437,-2.6897728417907274e-06,8.253807171030329e-09,1.4173059888831793e-15,4.163336342344337e-17,1.6673813027710587,0.020952667278432025,-44.40047791098563,0.0,0.0,398.9170027675117,398.1687674013582,398.8179967223736,399.4824520477088,398.65220739097276,398.70065663672193,399.17205355843106,96.0,398.9363550975765,0.8735541775301464,1,1.5383767444688012,0.17541415526523232
94.25,0.0,398.9335262547003,0.8742055860286418,96.0,394.21724424336367,400.0000000000006,520697.61852045124,102.38147954881735,1.5465009817753723,-2.7017662631578787e-06,8.290610051090444e-09,1.4802973661668755e-15,4.163336342344337e-17,1.6673380541854896,0.020951912274595988,-44.40047791098563,0.0,0.0,398.91064387765374,398.16551676830534,398.814407634404,399.47925378410844,398.6496881975737,398.6976852370858,399.1693672723148,96.0,398.9335262547003,0.8742055860286418,1,1.5383767444688012,0.1754681211018936
94.5,0.0,398.9306974118233,0.8748600531124637,96.0,394.20967193596863,400.0000000000006,520697.3469515351,102.65304846500868,1.546439520440888,-2.713816812160985e-06,8.327588232381945e-09,1.4173059888831766e-15,4.163336342344337e-17,1.667294918848231,0.020951157758685054,-44.40047791098563,0.0,0.0,398.9043505775443,398.1622760165452,398.8108145247952,399.4760644874056,398.647118037803,398.6947191003316,399.166675723315,96.0,398.9306974118233,0.8748600531124637,1,1.5383767444688012,0.1755221373826589
94.75,0.0,398.92786856894537,0.8755140290871691,96.0,394.20219477196423,400.0000000000007,520697.0753826188,102.92461738128503,1.5463780009254127,-2.725984060703013e-06,8.36492451658691e-09,1.295260195396016e-15,3.8163916471489756e-17,1.667251897018038,0.02095040373881956,-44.40047791098563,0.0,0.0,398.89814803882626,398.1590456849232,398.8072163348494,399.47288372180975,398.6445115175093,398.6917581169752,399.16397902091575,96.0,398.92786856894537,0.8755140290871691,1,1.5383767444688012,0.17557620982548663
95.0,0.0,398.92503972606664,0.876167135251012,96.0,394.1948129595975,400.0000000000006,520696.8038137024,103.19618629764209,1.546316424632257,-2.738269486712852e-06,8.402623438861575e-09,1.4173059888831766e-15,4.163336342344337e-17,1.6672089888682355,0.0209496502225452,-44.40047791098563,0.0,0.0,398.8920581255261,398.15582581170827,398.803612229055,399.4697108143607,398.6418512921715,398.6888021575814,399.16127729455206,96.0,398.92503972606664,0.876167135251012,1,1.5383767444688012,0.17563034564488333
95.25,0.0,398.9222108831871,0.8768182206111086,96.0,394.18752666475154,400.0000000000006,520696.53224478604,103.46775521408468,1.5462547929230854,-2.7505527526727747e-06,8.440315732830975e-09,1.3322676295501882e-15,4.163336342344337e-17,1.6671661944950382,0.0209488972169294,-44.40047791098563,0.0,0.0,398.88609922273815,398.15261575944385,398.8000014538085,399.46654471440064,398.6391355683245,398.68585101695527,399.15857074941886,96.0,398.9222108831871,0.8768182206111086,1,1.5383767444688012,0.17568455113135192
95.5,0.0,398.91938204030663,0.8774671965311953,96.0,394.180335981629,400.0000000000007,520696.2606758694,103.73932413060982,1.54619308825976,-2.763068053468487e-06,8.47872004632924e-09,1.4173059888831793e-15,4.163336342344337e-17,1.6671235137804152,0.020948144728587057,-44.40047791098563,0.0,0.0,398.8802861454499,398.14941624053773,398.79638328782977,399.46338493024814,398.6364182937116,398.68290465820866,399.1558594224046,96.0,398.91938204030663,0.8774671965311953,1,1.5383767444688012,0.175738832081875
95.75,0.0,398.91655319742523,0.8781148948847145,96.0,394.1732415337576,400.00000000000074,520695.9891069529,104.01089304721489,1.5461312770604876,-2.7754689284620326e-06,8.51677323407748e-09,1.942890293094024e-15,4.163336342344337e-17,1.6670809480993447,0.020947392763378224,-44.40047791098563,0.0,0.0,398.87463009618745,398.14622865389885,398.79275738811845,399.4602310686606,398.63361190666296,398.6799629279324,399.1531434669184,96.0,398.91655319742523,0.8781148948847145,1,1.5383767444688012,0.1757931195638949
96.0,0.0,398.91372435454315,0.8787609415386142,96.0,394.16624400732246,400.00000000000074,520695.7175380362,104.28246196389983,1.5460693436393869,-2.7881021225084623e-06,8.555539313500015e-09,1.7578531223231646e-15,4.163336342344337e-17,1.6670385039333866,0.02094664132695478,-44.40047791098563,0.0,0.0,398.86913998289884,398.14305314089574,398.7891234951677,399.4570827461318,398.6307308267069,398.67702565874305,399.15042305034336,96.0,398.91372435454315,0.8787609415386142,1,1.5383767444688012,0.1758474056557584
96.25,0.0,398.9108955116603,0.8794055279217302,96.0,394.15934399807844,400.0000000000008,520695.44596911944,104.55403088066338,1.5460072812067498,-2.8007356576154052e-06,8.594306439497068e-09,1.4173059888831793e-15,4.163336342344337e-17,1.666996177881065,0.020945890426435333,-44.40047791098563,0.0,0.0,398.86382673166435,398.1398900254747,398.78548142964934,399.45393959496977,398.6277848669348,398.6740926581033,399.14769836521714,96.0,398.9108955116603,0.8794055279217302,1,1.5383767444688012,0.1759016766297686
96.5,0.0,398.9080666687766,0.8800485512452866,96.0,394.15254197727086,400.00000000000074,520695.1744002026,104.82559979750312,1.5459450922769489,-2.8134862333217825e-06,8.6334327149821e-09,1.4173059888831793e-15,4.163336342344337e-17,1.666953972812609,0.0209451400748071,-44.40047791098563,0.0,0.0,398.85869247243494,398.1367396659894,398.7818311515845,399.45080119845693,398.6247766247451,398.67116374455986,399.1449695929932,96.0,398.9080666687766,0.8800485512452866,1,1.5383767444688012,0.17595590265592817
96.75,0.0,398.905237825892,0.8806894007549096,96.0,394.14583844388227,400.00000000000074,520694.9028312856,105.09716871441678,1.545882784157539,-2.8263529969763113e-06,8.672915523518823e-09,1.4802973661668755e-15,4.163336342344337e-17,1.6669118882119203,0.02094439030139098,-44.40047791098563,0.0,0.0,398.85373624043683,398.1336024097205,398.77817268305523,399.44766715656897,398.62170620942106,398.66823873559883,399.14223691618525,96.0,398.905237825892,0.8806894007549096,1,1.5383767444688012,0.1760100781606404
97.0,0.0,398.90240898300664,0.881328709369731,96.0,394.13923392492535,400.00000000000074,520694.63126236864,105.36873763140305,1.5458203668392476,-2.8392194764137457e-06,8.712397459910116e-09,1.3877787807814457e-15,4.163336342344337e-17,1.6668699227874926,0.020943641117540886,-44.40047791098563,0.0,0.0,398.8489474335032,398.1304785754678,398.7745061063784,399.4445370860576,398.6185731750903,398.6653174722348,399.1395004937786,96.0,398.90240898300664,0.881328709369731,1,1.5383767444688012,0.17606420134702772
97.25,0.0,398.89958014012063,0.8819658579222154,96.0,394.13272901495645,400.00000000000074,520694.35969345167,105.64030654846633,1.5457578512821912,-2.852085557947248e-06,8.751878175297808e-09,1.5728159515523052e-15,4.163336342344337e-17,1.6668280756412357,0.02094289252657263,-44.40047791098563,0.0,0.0,398.8443173975402,398.12736844383386,398.77083155532216,399.44141062780784,398.61537706030504,398.66239979036345,399.1367604898778,96.0,398.89958014012063,0.8819658579222154,1,1.5383767444688012,0.17611827040641326
97.5,0.0,398.89675129723383,0.8826169658034639,96.0,394.1263249249763,400.0000000000007,520694.0881245344,105.91187546560383,1.545695248157994,-2.865243530436601e-06,8.792254584041878e-09,1.417305988883182e-15,4.163336342344337e-17,1.6667863460626642,0.020942144530036164,-44.40047791098563,0.0,0.0,398.8407289052872,398.1242722522933,398.76714920525706,399.4382874700799,398.6121175297122,398.65948274489165,399.1340198495759,96.0,398.89675129723383,0.8826169658034639,1,1.5383767444688012,0.1761722878473023
97.75,0.0,398.89392245434584,0.883286839525292,96.0,394.1200227923956,400.0000000000007,520693.81655561726,106.18344438283955,1.5456325667348791,-2.8782846328567757e-06,8.832272366585224e-09,1.4173059888831766e-15,4.163336342344337e-17,1.6667447317623256,0.020941397128510977,-44.40047791098563,0.0,0.0,398.8374060483171,398.12119019902264,398.76345944557073,399.4351673062447,398.6087945083792,398.65656810295997,399.13127680573194,96.0,398.89392245434584,0.883286839525292,1,1.5383767444688012,0.17622625613040607
98.0,0.0,398.89109361145717,0.8839572232639511,96.0,394.11382341466646,400.0000000000007,520693.54498669994,106.4550133001557,1.5455698142777385,-2.8915001308860155e-06,8.872825297564279e-09,1.7578531223231646e-15,4.163336342344337e-17,1.6667032277330394,0.02094065031447872,-44.40047791098563,0.0,0.0,398.8342237836655,398.1181224314826,398.7597625615734,399.43204980543317,398.60540815498723,398.6536560908664,399.1285311320482,96.0,398.89109361145717,0.8839572232639511,1,1.5383767444688012,0.17628017753157585
98.25,0.0,398.88826476856775,0.8846215765536348,96.0,394.10772755891196,400.00000000000074,520693.2734177825,106.72658221754665,1.5455069981996616,-2.9048335221659727e-06,8.913739994467605e-09,1.942890293094024e-15,4.163336342344337e-17,1.6666618345321393,0.020939904066847124,-44.40047791098563,0.0,0.0,398.83116688333024,398.1150690459937,398.7560588726869,399.4289346489941,398.60195231588995,398.650746762828,399.1257827743073,96.0,398.88826476856775,0.8846215765536348,1,1.5383767444688012,0.17633405415876036
98.5,0.0,398.8854359256775,0.8852830810229203,96.0,394.1017359773325,400.00000000000074,520693.00184886507,106.99815113501188,1.5454441246589894,-2.9181675387235373e-06,8.954656610090875e-09,1.417305988883182e-15,4.163336342344337e-17,1.6666205523817945,0.02093915838821765,-44.40047791098563,0.0,0.0,398.8282086530825,398.11203015705087,398.75234872809216,399.4258218787735,398.5984195489929,398.6478397951052,399.12303205624977,96.0,398.8854359256775,0.8852830810229203,1,1.5383767444688012,0.1763878879629445
98.75,0.0,398.88260708278636,0.8859420486065427,96.0,394.09584940222203,400.00000000000074,520692.7302799475,107.269720052554,1.5453811987207808,-2.931615128431986e-06,8.995921735027884e-09,2.590520390792032e-15,4.85722573273506e-17,1.6665793812646643,0.020938413281640506,-44.40047791098563,0.0,0.0,398.8253205335527,398.10900590861473,398.7486325049841,399.422711274081,398.594809826254,398.6449351144056,399.12027905116724,96.0,398.88260708278636,0.8859420486065427,1,1.5383767444688012,0.1764416807446109
99.0,0.0,398.8797782398947,0.8865986085230224,96.0,394.0900685392617,400.0000000000008,520692.45871102985,107.54128897016857,1.5453182245696941,-2.94517970189645e-06,9.037545835023787e-09,2.960594732333751e-15,5.551115123125783e-17,1.666538321055224,0.02093766875023958,-44.40047791098563,0.0,0.0,398.82247581867597,398.10599639487333,398.7449106538563,399.41960317967573,398.5911234355197,398.6420326751913,399.11752380459785,96.0,398.8797782398947,0.8865986085230224,1,1.5383767444688012,0.17649543415703692
99.25,0.0,398.87694939700197,0.887252700677126,96.0,394.0843940606209,400.0000000000008,520692.1871421122,107.81285788786091,1.5452552054814754,-2.958746719627925e-06,9.079177435470385e-09,1.4173059888831793e-15,4.163336342344337e-17,1.6664973711147324,0.02093692479729993,-44.40047791098563,0.0,0.0,398.81965007239046,398.10300165961564,398.7411836625167,399.4164969558798,398.58736096065354,398.6391324606727,399.11476633333115,96.0,398.87694939700197,0.887252700677126,1,1.5383767444688012,0.17654914968106936
99.5,0.0,398.8741205541085,0.8879040637375947,96.0,394.0788265891585,400.0000000000007,520691.9155731944,108.0844268056257,1.5451921441316772,-2.9724291294996874e-06,9.121163126961472e-09,1.4173059888831793e-15,4.163336342344337e-17,1.6664565307325838,0.020936181424722745,-44.40047791098563,0.0,0.0,398.81682150013137,398.1000216412824,398.73745204280175,399.4133920622785,398.5835232597271,398.6362345405353,399.1120065676819,96.0,398.8741205541085,0.8879040637375947,1,1.5383767444688012,0.1766028286349198
99.75,0.0,398.8712917112145,0.888553935288882,96.0,394.0733666848941,400.0000000000007,520691.6440042766,108.35599572346199,1.5451290427902566,-2.986110345659654e-06,9.163145155441755e-09,1.5728159515523052e-15,4.163336342344337e-17,1.666415799235079,0.020935438634005158,-44.40047791098563,0.0,0.0,398.8139712924,398.09705546231896,398.7337159383529,399.41028817350036,398.57961146805656,398.63333909119564,399.10924433123336,96.0,398.8712917112145,0.888553935288882,1,1.5383767444688012,0.1766564722127871
100.0,0.0,398.8684628683195,0.8892006086227001,96.0,394.06801483238235,400.0000000000007,520691.3724353587,108.6275646413821,1.545065903405427,-2.999908090828285e-06,9.205484763548243e-09,1.3415194880887309e-15,3.469446951953614e-17,1.6663751759717302,0.020934696426721165,-44.40047791098563,0.0,0.0,398.8110838710883,398.0941012889222,398.7299742634101,399.4071849751243,398.5756271743787,398.63044598185934,399.1064797547795,96.0,398.8684628683195,0.8892006086227001,1,1.5383767444688012,0.17671008146453096
100.25,0.0,398.8656340254236,0.8898443096183755,96.0,394.0627713586744,400.0000000000007,520691.1008664407,108.89913355938319,1.5450027276703997,-3.013824240838403e-06,9.248187707440776e-09,1.4173059888831793e-15,4.163336342344337e-17,1.6663346603027134,0.020933954804494205,-44.40047791098563,0.0,0.0,398.8081469966734,398.09116008150755,398.72622798926284,399.4040821587793,398.5715718687633,398.627555233415,399.10371281743227,96.0,398.8656340254236,0.8898443096183755,1,1.5383767444688012,0.17676362667428092
100.5,0.0,398.862805182527,0.8904850009430431,96.0,394.0576365292656,400.0000000000007,520690.82929752267,109.170702477463,1.5449395170806106,-3.027738799232793e-06,9.290885767318902e-09,1.61907524424502e-15,4.163336342344337e-17,1.666294251594955,0.020933213768955357,-44.40047791098563,0.0,0.0,398.80515184205797,398.0882326495763,398.7224779967379,399.40097942418134,398.5674471858121,398.62466689881467,399.10094346623924,96.0,398.862805182527,0.8904850009430431,1,1.5383767444688012,0.17681710607194337
100.75,0.0,398.85997633962944,0.8911228993716012,96.0,394.0526105260942,400.0000000000006,520690.5577286044,109.44227139562112,1.5448762729693526,-3.0418859608971616e-06,9.334297591016754e-09,1.4802973661668755e-15,4.163336342344337e-17,1.6662539492093906,0.020932473321722943,-44.40047791098563,0.0,0.0,398.80209295505335,398.0853196709011,398.7187252446814,399.3978761695266,398.5632549808305,398.62178102577326,399.0981716534857,96.0,398.85997633962944,0.8911228993716012,1,1.5383767444688012,0.17687050208490554
101.0,0.0,398.85714749673116,0.8917584816538954,96.0,394.0476934331671,400.0000000000006,520690.28615968616,109.71384031385895,1.5448129965429247,-3.0560336341522998e-06,9.377710984576379e-09,1.4802973661668755e-15,4.163336342344337e-17,1.6662137524570635,0.02093173346475956,-44.40047791098563,0.0,0.0,398.7989681288654,398.082421718496,398.71497092186223,399.39477271641215,398.5589972618442,398.6188976628955,399.095397330567,96.0,398.85714749673116,0.8917584816538954,1,1.5383767444688012,0.17692379544334402
101.25,0.0,398.8543186538321,0.8923912129904027,96.0,394.0428852522804,400.0000000000007,520690.0145907679,109.98540923216919,1.5447496889324461,-3.0701797726351288e-06,9.421119668550685e-09,1.417305988883182e-15,4.163336342344337e-17,1.6661736607012638,0.020930994199818417,-44.40047791098563,0.0,0.0,398.7957782026191,398.0795392251463,398.71121603607924,399.39166883969625,398.5546761427163,398.6160168546309,399.0926204530333,96.0,398.8543186538321,0.8923912129904027,1,1.5383767444688012,0.17697698560632558
101.5,0.0,398.85148981093226,0.8930221498508039,96.0,394.0381858939197,400.0000000000006,520689.7430218495,110.25697815055516,1.544686351194713,-3.084501329908562e-06,9.465066640684245e-09,1.4173059888831766e-15,4.163336342344337e-17,1.6661336732898246,0.020930255528221222,-44.40047791098563,0.0,0.0,398.79252640376984,398.0766724768832,398.7074614263103,399.3885748216357,398.55029382021974,398.613138553567,399.08984106829763,96.0,398.85148981093226,0.8930221498508039,1,1.5383767444688012,0.17703007267119797
101.75,0.0,398.84866096803165,0.8936565344609559,96.0,394.0335912423487,400.0000000000006,520689.47145293106,110.52854706901635,1.544622984349406,-3.098823910363535e-06,9.509016752541352e-09,1.3322676295501878e-15,4.163336342344337e-17,1.6660937896306103,0.020929517451242444,-44.40047791098563,0.0,0.0,398.78921819240657,398.0738216240021,398.70370778905885,399.38551886116784,398.545852554445,398.6102626711542,399.08705926490916,96.0,398.84866096803165,0.8936565344609559,1,1.5383767444688012,0.1770830579290477
102.0,0.0,398.8458321251303,0.8942888130079235,96.0,394.0291050423977,400.0000000000006,520689.1998840125,110.80011598755404,1.5445595894566606,-3.1132611439943503e-06,9.553318687864832e-09,1.5728159515523052e-15,4.163336342344337e-17,1.6660540109172204,0.020928779970182804,-44.40047791098563,0.0,0.0,398.78586110314313,398.0709866896778,398.6999557050746,399.3824604136213,398.541354650373,398.6073894337216,399.0842748165389,96.0,398.8458321251303,0.8942888130079235,1,1.5383767444688012,0.1771359440006944
102.25,0.0,398.84300328222804,0.8949170331831692,96.0,394.02472930912177,400.0000000000007,520688.9283150939,111.07168490616465,1.5444961674454345,-3.127756130538728e-06,9.59779784313964e-09,1.3322676295501884e-15,4.163336342344337e-17,1.6660143362355115,0.02092804309133922,-44.40047791098563,0.0,0.0,398.78246442627625,398.0681675997462,398.6962056918555,399.37939822749547,398.5368024426024,398.60451884727973,399.08148771717634,96.0,398.84300328222804,0.8949170331831692,1,1.5383767444688012,0.17718873304219276
102.5,0.0,398.84017443932515,0.8955416687537707,96.0,394.02046395633835,400.0000000000007,520688.65674617514,111.34325382485021,1.5444327192285199,-3.142427502211831e-06,9.642818251868167e-09,1.3322676295501878e-15,4.163336342344337e-17,1.6659747648347412,0.020927306816990322,-44.40047791098563,0.0,0.0,398.7790388096011,398.06536417927697,398.69245816669775,399.3763310735686,398.53219828076067,398.6016509039787,399.07869797467146,96.0,398.84017443932515,0.8955416687537707,1,1.5383767444688012,0.1772414279281205
102.75,0.0,398.8373455964213,0.8961635981193236,96.0,394.0163086653735,400.0000000000006,520688.3851772565,111.61482274360864,1.5443692457014664,-3.156982003815756e-06,9.68748003439597e-09,1.4173059888831793e-15,4.163336342344337e-17,1.665935296061919,0.020926571148906968,-44.40047791098563,0.0,0.0,398.77559587101877,398.0625760658797,398.6887135086986,399.373258532279,398.5275445181459,398.5987855807337,399.07590561210895,96.0,398.8373455964213,0.8961635981193236,1,1.5383767444688012,0.17729403156210402
103.0,0.0,398.8345167535169,0.8967818596195287,96.0,394.01226306643804,400.0000000000007,520688.1136083376,111.88639166243729,1.544305747744273,-3.1717701887146177e-06,9.732858894896133e-09,1.4802973661668755e-15,4.163336342344337e-17,1.6658959293143725,0.020925836088530186,-44.40047791098563,0.0,0.0,398.77214778323224,398.0598027022976,398.68497207467567,399.37018076523987,398.5228435008928,398.59592284265403,399.0731106643798,96.0,398.8345167535169,0.8967818596195287,1,1.5383767444688012,0.17734654502520442
103.25,0.0,398.8316879106117,0.8973975744361283,96.0,394.0083261620641,400.0000000000007,520687.84203941876,112.15796058133628,1.5442422262232454,-3.186498062746068e-06,9.778052686136097e-09,1.4802973661668755e-15,4.163336342344337e-17,1.6658566640183143,0.02092510163708046,-44.40047791098563,0.0,0.0,398.76870687901436,398.05704358516397,398.68124028705694,399.3670978296116,398.51809730401544,398.59306265768936,399.07031316353397,96.0,398.8316879106117,0.8973975744361283,1,1.5383767444688012,0.17739896846879086
103.5,0.0,398.8288590677059,0.898010728613973,96.0,394.004496738648,400.0000000000006,520687.5704704997,112.42952950030353,1.5441786819926142,-3.2014609274710892e-06,9.823967567217398e-09,1.6653345369377348e-15,4.163336342344337e-17,1.665817499618687,0.020924367795627983,-44.40047791098563,0.0,0.0,398.7652852785504,398.05429818723746,398.67751593127105,399.364009790881,398.5133083024251,398.59020496266976,399.0675131727418,96.0,398.8288590677059,0.898010728613973,1,1.5383767444688012,0.1774513046887228
103.75,0.0,398.82603022479924,0.8986141909725146,96.0,394.0007738107906,400.0000000000007,520687.29890158074,112.70109841933956,1.5441151158921738,-3.216308002151891e-06,9.869527136250611e-09,1.8503717077085944e-15,3.469446951953614e-17,1.66577843556696,0.02092363456513542,-44.40047791098563,0.0,0.0,398.7618708070117,398.05156595483123,398.6737970038629,399.3609167277505,398.5084787663583,398.58735231075474,399.0647081388436,96.0,398.82603022479924,0.8986141909725146,1,1.5383767444688012,0.17750355635375392
104.0,0.0,398.823201381892,0.899206589292295,96.0,393.99715644137757,400.0000000000007,520687.0273326617,112.97266733843881,1.5440515287481693,-3.231270014225629e-06,9.915439400895622e-09,1.4173059888831793e-15,4.163336342344337e-17,1.6657394713176632,0.020922901946461733,-44.40047791098563,0.0,0.0,398.7581608548744,398.04884626080616,398.6700819374562,399.35781872870746,398.5036109201622,398.58450340578673,399.061899357997,96.0,398.823201381892,0.899206589292295,1,1.5383767444688012,0.1775557259858541
104.25,0.0,398.820372538984,0.899796250957087,96.0,393.9936434481225,400.0000000000007,520686.7557637425,113.24423625759903,1.5439879213881753,-3.246348953211964e-06,9.961710466170444e-09,1.4109084271278032e-15,3.2959746043559335e-17,1.6657006063536426,0.020922169940377537,-44.40047791098563,0.0,0.0,398.7544762822844,398.04613861699164,398.66637325492457,399.3547158924281,398.49870693534075,398.5816569755513,399.05908810241664,96.0,398.820372538984,0.899796250957087,1,1.5383767444688012,0.17760781611477686
104.5,0.0,398.81754369607535,0.9003841625443557,96.0,393.990233770956,400.0000000000007,520686.4841948232,113.51580517682042,1.543924294628111,-3.2615427727478163e-06,1.000833405262798e-08,1.4173059888831793e-15,4.163336342344337e-17,1.6656618401468213,0.02092143854767017,-44.40047791098563,0.0,0.0,398.7508645908355,398.0434425287273,398.6626690292909,399.3516083289549,398.49376894311445,398.5788127847109,399.0562746074399,96.0,398.81754369607535,0.9003841625443557,1,1.5383767444688012,0.17765982988262255
104.75,0.0,398.8147148531662,0.9009703415321086,96.0,393.98692645853095,400.0000000000007,520686.21262590395,113.78737409610221,1.543860649278204,-3.276678953056944e-06,1.0054780767992356e-08,1.4173059888831793e-15,4.163336342344337e-17,1.6656231721872103,0.02092070776907434,-44.40047791098563,0.0,0.0,398.747338924792,398.04075749017846,398.65896756055594,399.34849615888095,398.48879908273784,398.57597068338873,399.0534590229436,96.0,398.8147148531662,0.9009703415321086,1,1.5383767444688012,0.1777117688744371
105.0,0.0,398.8118860102565,0.9015547521109406,96.0,393.98372025107693,400.0000000000007,520685.9410569846,114.05894301544276,1.543796986123372,-3.291934163485166e-06,1.0101592737862723e-08,1.417305988883182e-15,4.163336342344337e-17,1.6655846063062405,0.020919977605323166,-44.40047791098563,0.0,0.0,398.7439095842537,398.03808299091463,398.6552675576423,399.34537951232454,398.4837994352863,398.57313051023294,399.05064151027983,96.0,398.8118860102565,0.9015547521109406,1,1.5383767444688012,0.17776363493474093
105.25,0.0,398.80905716734605,0.9021373915986637,96.0,393.9806137717243,400.0000000000007,520685.6694880652,114.33051193483958,1.5437333055327331,-3.3072431477876307e-06,1.0148569717648402e-08,1.4802973661668755e-15,4.163336342344337e-17,1.6655462146528248,0.020919248054938035,-44.40047791098563,0.0,0.0,398.7405844920319,398.03541850441013,398.65156818626576,399.3422585281097,398.4787720633657,398.5702920930846,399.04782224160755,96.0,398.80905716734605,0.9021373915986637,1,1.5383767444688012,0.1778154295126859
105.5,0.0,398.8062283244351,0.9027192736072386,96.0,393.97760552999813,400.0000000000006,520685.39791914576,114.60208085429139,1.5436696073239589,-3.32255338264531e-06,1.0195550534873972e-08,1.4173059888831766e-15,4.163336342344337e-17,1.665507932733613,0.020918519077720913,-44.40047791098563,0.0,0.0,398.7373691440598,398.0327635274074,398.64786902523,399.3391333536045,398.4737189731183,398.56745525166707,399.0450013972031,96.0,398.8062283244351,0.9027192736072386,1,1.5383767444688012,0.17786715153505303
105.75,0.0,398.8033994815235,0.9032989681211808,96.0,393.9746939136809,400.0000000000006,520685.12635022635,114.87364977379852,1.543605891998285,-3.337865038588461e-06,1.0242535712826691e-08,1.417305988883182e-15,4.163336342344337e-17,1.665469737296609,0.020917790645504367,-44.40047791098563,0.0,0.0,398.73426660841864,398.03011757616923,398.64417003516286,399.3360041433816,398.4686408689478,398.56461980034754,399.0421791626997,96.0,398.8033994815235,0.9032989681211808,1,1.5383767444688012,0.17791879439721137
106.0,0.0,398.80057063861153,0.9038756402472811,96.0,393.9718771996744,400.0000000000007,520684.8547813067,115.1452186933584,1.5435421606103248,-3.353409184114753e-06,1.0290234305740966e-08,1.4173059888831793e-15,4.163336342344337e-17,1.6654316239096354,0.02091706274361763,-44.40047791098563,0.0,0.0,398.7312775821303,398.02748019169445,398.6404715886692,399.33287105831187,398.4635397466458,398.5617855509597,399.0393557262633,96.0,398.80057063861153,0.9038756402472811,1,1.5383767444688012,0.17797035729359031
106.25,0.0,398.79774179569887,0.9044513322539828,96.0,393.9691535798621,400.0000000000007,520684.5832123871,115.41678761296886,1.5434784141286904,-3.368895519884063e-06,1.0337755504274824e-08,1.4340380734741607e-15,4.163336342344337e-17,1.665393592698945,0.020916335375965548,-44.40047791098563,0.0,0.0,398.7284005079519,398.02485094601616,398.63677435345005,399.3297342650229,398.45841785692113,398.558952376787,399.0365312146107,96.0,398.79774179569887,0.9044513322539828,1,1.5383767444688012,0.1780218368433881
106.5,0.0,398.7949129527861,0.9050252190992343,96.0,393.9665211743934,400.0000000000007,520684.31164346746,115.68835653259413,1.5434146535784492,-3.3844398927840302e-06,1.0385454794905442e-08,1.4173059888831766e-15,4.163336342344337e-17,1.6653556455747518,0.02091560854668356,-44.40047791098563,0.0,0.0,398.7256317593499,398.0222294461999,398.6331658200529,399.3265939351045,398.45327820956226,398.5561200123046,399.0337058932676,96.0,398.7949129527861,0.9050252190992343,1,1.5383767444688012,0.17807323270586253
106.75,0.0,398.7920841098732,0.9055986241641525,96.0,393.96397795184345,400.0000000000007,520684.04007454787,115.95992545223211,1.543350879998609,-3.3999281612295817e-06,1.0432981924028221e-08,1.4173059888831793e-15,4.163336342344337e-17,1.6653177845398672,0.020914882265574107,-44.40047791098563,0.0,0.0,398.72296410659135,398.0196153409162,398.6296460853747,399.32345023464643,398.44812292583237,398.5532883411849,399.0308798785616,96.0,398.7920841098732,0.9055986241641525,1,1.5383767444688012,0.1781245467811686
107.0,0.0,398.7892552669602,0.9061721216390041,96.0,393.96152640678196,400.0000000000007,520683.76850562816,116.23149437188007,1.543287094404415,-3.4155305712602058e-06,1.0480859306755598e-08,1.4173059888831793e-15,4.163336342344337e-17,1.6652800111505903,0.020914156545686367,-44.40047791098563,0.0,0.0,398.7203883828929,398.01700832526706,398.6262130028979,399.3203047732245,398.4429541636178,398.5504572615987,399.0280532723218,96.0,398.7892552669602,0.9061721216390041,1,1.5383767444688012,0.17817578077643023
107.25,0.0,398.7864264240472,0.9067361532668854,96.0,393.96004064983464,400.0000000000007,520683.4969367085,116.50306329153717,1.5432232976579618,-3.4310751715338483e-06,1.0528559295102561e-08,1.942890293094024e-15,3.642919299551295e-17,1.6652423287786073,0.020913431401037637,-44.40047791098563,0.0,0.0,398.71789639413885,398.0144081612137,398.6228624558321,399.31715881136876,398.4377741094819,398.5476266514981,399.0252261965962,96.0,398.7864264240472,0.9067361532668854,1,1.5383767444688012,0.17822693616975815
107.5,0.0,398.783597581134,0.9073019227080977,96.0,393.9586235701917,400.0000000000006,520683.2253677888,116.77463221119879,1.5431594906680817,-3.4466770699737026e-06,1.0576435107968164e-08,2.035408878479454e-15,4.163336342344337e-17,1.6652047379734103,0.020912706827021708,-44.40047791098563,0.0,0.0,398.7154789694672,398.0118149206501,398.61958851527146,399.3140123950325,398.4325849843574,398.5447963976955,399.02239876457253,96.0,398.783597581134,0.9073019227080977,1,1.5383767444688012,0.17827801439453425
107.75,0.0,398.78076873822073,0.9078658777715527,96.0,393.95726492953196,400.0000000000006,520682.95379886916,117.04620113086952,1.5430956744380324,-3.462221272343413e-06,1.0624133875311523e-08,1.3877787807814457e-15,4.163336342344337e-17,1.6651672370383357,0.02091198284220679,-44.40047791098563,0.0,0.0,398.7131267840878,398.00922859398,398.61638365142005,399.3108655336402,398.42738904626174,398.5419663933396,399.01957108310194,96.0,398.78076873822073,0.9078658777715527,1,1.5383767444688012,0.17832901674924462
108.0,0.0,398.7779398953074,0.9084267280604923,96.0,393.9559575561464,400.0000000000007,520682.6822299495,117.3177700505513,1.5430318498102387,-3.4777639399408145e-06,1.0671827933069563e-08,1.4173059888831793e-15,4.163336342344337e-17,1.665129825456479,0.020911259477658494,-44.40047791098563,0.0,0.0,398.7108297583007,398.00664922605984,398.61323899125455,399.30764749115735,398.42218859028026,398.5391365427454,399.01674324786944,96.0,398.7779398953074,0.9084267280604923,1,1.5383767444688012,0.17837994438618654
108.25,0.0,398.77511105239404,0.9089845634329923,96.0,393.9546974961749,400.0000000000007,520682.4106610298,117.58933897023897,1.542968017480821,-3.493366463658276e-06,1.0719705664655112e-08,1.3322676295501878e-15,4.163336342344337e-17,1.6650925029672945,0.02091053674472253,-44.40047791098563,0.0,0.0,398.70857778282937,398.00407689948315,398.61014459355465,399.30437956635006,398.41698594660426,398.5363067597137,399.0139153450743,96.0,398.77511105239404,0.9089845634329923,1,1.5383767444688012,0.1784307983006176
108.5,0.0,398.77228220948047,0.9095377426700646,96.0,393.9534797406729,400.0000000000006,520682.1390921101,117.86090788993684,1.5429041782142132,-3.5089696694967643e-06,1.0767585489389693e-08,1.1564823173178715e-15,3.122502256758253e-17,1.6650552691130907,0.020909814648191884,-44.40047791098563,0.0,0.0,398.7063609234032,398.0015117453724,398.60708975634793,399.3011100800628,398.41178347701845,398.5334769670187,399.01108745194216,96.0,398.77228220948047,0.9095377426700646,1,1.5383767444688012,0.17848157922668997
108.75,0.0,398.7694533665667,0.9100860002525671,96.0,393.95228718312194,400.0000000000006,520681.86752319045,118.1324768096487,1.5428403327483988,-3.5245143266138257e-06,1.081528565216574e-08,1.4173059888831766e-15,4.163336342344337e-17,1.6650181240116038,0.020909093191246054,-44.40047791098563,0.0,0.0,398.7041696676165,397.99895395826326,398.6040633573901,399.29783991938575,398.4065835691201,398.5306470965398,399.0082596365937,96.0,398.7694533665667,0.9100860002525671,1,1.5383767444688012,0.17853228708465843
109.0,0.0,398.766624523653,0.9106313195678649,96.0,393.9511195496957,400.0000000000006,520681.5959542707,118.4040457293762,1.5427764818135519,-3.5401780706934005e-06,1.0863351243876863e-08,1.417305988883182e-15,4.163336342344337e-17,1.6649810678264834,0.020908372376758817,-44.40047791098563,0.0,0.0,398.70199514356585,397.9964036470484,398.60105417315486,399.2945695076975,398.4013886310168,398.52781708796346,399.0054319593425,96.0,398.766624523653,0.9106313195678649,1,1.5383767444688012,0.17858292237951137
109.25,0.0,398.76379568073895,0.9111747617971038,96.0,393.94997614640477,400.0000000000006,520681.3243853509,118.6756146491162,1.5427162258942106,-3.5558388589151946e-06,1.0911407765275516e-08,1.5265566588595906e-15,4.7704895589362195e-17,1.6649441006389913,0.020907652207226794,-44.40047791098563,0.0,0.0,398.69982931486925,397.9938609930032,398.598051187009,399.2912994559424,398.39620108118856,398.52498688556915,399.002604475909,96.0,398.76379568073895,0.9111747617971038,1,1.5383767444688012,0.17863348603851784
109.5,0.0,398.7609668378248,0.9117168541559922,96.0,393.9488562471795,400.0000000000007,520681.05281643115,118.94718356887256,1.5426714984096552,-3.5715006134751093e-06,1.0959467251968629e-08,1.4802973661668755e-15,4.163336342344337e-17,1.6649072224950754,0.020906932685056685,-44.40047791098563,0.0,0.0,398.6976651377989,397.9913262106032,398.5950438729873,399.28802987149083,398.39102332754885,398.52215645189057,398.99977722375917,96.0,398.7609668378248,0.9117168541559922,1,1.5383767444688012,0.17868397892954216
109.75,0.0,398.75813799491056,0.9122552732188357,96.0,393.94775910564306,400.0000000000007,520680.7812475114,119.21875248864708,1.5426267326468206,-3.5871606058890393e-06,1.100752133136008e-08,1.4802973661668755e-15,3.3393426912553537e-17,1.6648704334060564,0.02090621381190959,-44.40047791098563,0.0,0.0,398.6954966890153,397.9887995191672,398.592022446543,399.28476112141914,398.3858565968723,398.51932573427285,398.99695025554814,96.0,398.75813799491056,0.9122552732188357,1,1.5383767444688012,0.17873440169770258
110.0,0.0,398.755309151996,0.9127954846945147,96.0,393.94668394848514,400.0000000000006,520680.5096785916,119.49032140844369,1.5425819293178915,-3.6028226446660483e-06,1.1055581690198623e-08,1.4802973661668755e-15,4.163336342344337e-17,1.6648337333323202,0.0209054955890268,-44.40047791098563,0.0,0.0,398.69331924468827,397.9862811433632,398.5889738668712,399.2814953778956,398.3806997103831,398.5164946851425,398.9941236188495,96.0,398.755309151996,0.9127954846945147,1,1.5383767444688012,0.17878475499952942
110.25,0.0,398.75248030908125,0.9133434497598567,96.0,393.94562997242934,400.0000000000006,520680.2381096718,119.76189032825955,1.5425370891297947,-3.618542038452688e-06,1.1103818047984894e-08,1.4802973661668755e-15,4.163336342344337e-17,1.6647971221902114,0.020904778017383413,-44.40047791098563,0.0,0.0,398.69112104151543,397.983771298265,398.5858889088088,399.27823296467767,398.37603538441505,398.5136632849747,398.9912973331878,96.0,398.75248030908125,0.9133434497598567,1,1.5383767444688012,0.17883503363303
110.5,0.0,398.7496514661663,0.9138868507284191,96.0,393.9445963474846,400.0000000000006,520679.9665407519,120.03345924808887,1.542492212783701,-3.6343186167187014e-06,1.1152229881431637e-08,1.1102230246251565e-15,2.949029909160572e-17,1.6647605998561037,0.020904061097764156,-44.40047791098563,0.0,0.0,398.6888764174181,397.9812702877385,398.582761276483,399.27497418944716,398.3715717629844,398.51083162437027,398.98847130796247,96.0,398.7496514661663,0.9138868507284191,1,1.5383767444688012,0.17888523844440088
110.75,0.0,398.7468226232514,0.9144172101037488,96.0,393.9435822158129,400.00000000000057,520679.6949718321,120.30502816792573,1.542447300974371,-3.6500369304803826e-06,1.1200462925065276e-08,1.4802973661668755e-15,4.163336342344337e-17,1.664724166170369,0.0209033448308151,-44.40047791098563,0.0,0.0,398.68658521955246,397.9787784000068,398.57958620735656,399.2717193737729,398.3671174809918,398.50799964557706,398.9856456009257,96.0,398.7468226232514,0.9144172101037488,1,1.5383767444688012,0.17893537028932283
111.0,0.0,398.7439937803363,0.9149408974880161,96.0,393.9425866839038,400.00000000000057,520679.4234029123,120.57659708777301,1.5424023543970027,-3.6657558126762524e-06,1.1248697712989775e-08,1.1102230246251565e-15,3.2959746043559335e-17,1.6646878209628413,0.020902629217079947,-44.40047791098563,0.0,0.0,398.6842496964857,397.9762958626808,398.57636047178283,399.26846884932615,398.36267030956117,398.5051672951269,398.9828202655456,96.0,398.7439937803363,0.9149408974880161,1,1.5383767444688012,0.17898543004353104
111.25,0.0,398.74116493742116,0.9154619268523734,96.0,393.9416088193418,400.0000000000006,520679.15183399245,120.848166007628,1.542357373743917,-3.6814770254522955e-06,1.1296939652506797e-08,1.144179313942152e-15,3.361026734705064e-17,1.6646515640482862,0.020901914257097854,-44.40047791098563,0.0,0.0,398.68187386902866,397.973822849932,398.5730823259487,399.2652229232006,398.35823292277365,398.5023345322345,398.9799953426079,96.0,398.74116493742116,0.9154619268523734,1,1.5383767444688012,0.17903541861389635
111.5,0.0,398.73833609450594,0.9159807364770463,96.0,393.9406476488709,400.00000000000057,520678.88026507257,121.11973492748649,1.542312359703007,-3.6972550816471994e-06,1.1345356021109774e-08,1.5265566588595902e-15,4.163336342344337e-17,1.6646153952002514,0.020901199951403767,-44.40047791098563,0.0,0.0,398.6794631608625,397.97135948251946,398.56975142255504,399.26198188364054,398.35380800021767,398.4995013096703,398.9771708793416,96.0,398.73833609450594,0.9159807364770463,1,1.5383767444688012,0.17908533697566384
111.75,0.0,398.7355072515907,0.9164974170437536,96.0,393.93970215377936,400.0000000000007,520678.6086961527,121.39130384734827,1.5422673129700497,-3.71303279678159e-06,1.1393771343138236e-08,1.8041124150158794e-15,4.163336342344337e-17,1.664579314235507,0.020900486300654726,-44.40047791098563,0.0,0.0,398.67702416027095,397.9689058274172,398.5663686856939,399.25874600713985,398.3493980690082,398.49666757344926,398.9743469297321,96.0,398.7355072515907,0.9164974170437536,1,1.5383767444688012,0.17913518274636195
112.0,0.0,398.73267840867555,0.9170094306564879,96.0,393.93877128549303,400.0000000000007,520678.3371272328,121.66287276721023,1.5422222342280405,-3.728809602421279e-06,1.1442183874301321e-08,1.1796119636642288e-15,3.122502256758253e-17,1.6645433209559009,0.020899773305634355,-44.40047791098563,0.0,0.0,398.6745643648499,397.9664619670656,398.5629361562111,399.25550571005977,398.3450074235101,398.4938332623954,398.97152355495564,96.0,398.73267840867555,0.9170094306564879,1,1.5383767444688012,0.17918493747949782
112.25,0.0,398.72984956576033,0.9175109596431997,96.0,393.93785396700997,400.00000000000057,520678.065558313,121.93444168706846,1.5421771241555564,-3.7445299625460393e-06,1.1490423197382054e-08,1.2490009027033011e-15,3.642919299551295e-17,1.664507415155384,0.020899060966932916,-44.40047791098563,0.0,0.0,398.67209186327324,397.96402780941577,398.55945681285874,399.2522383501746,398.34064249693193,398.49099830845245,398.96870082306805,96.0,398.72984956576033,0.9175109596431997,1,1.5383767444688012,0.1792346028332464
112.5,0.0,398.7270207228451,0.9180104737818944,96.0,393.9369490989679,400.0000000000006,520677.79398939316,122.20601060692329,1.5421319834275313,-3.7602490721155846e-06,1.1538658683022897e-08,1.3877787807814457e-15,3.2959746043559335e-17,1.6644715966269872,0.020898349285161308,-44.40047791098563,0.0,0.0,398.66961495974897,397.9616032388972,398.5559343778697,399.24897690756615,398.33630591024064,398.4881626378563,398.9658788078339,96.0,398.7270207228451,0.9180104737818944,1,1.5383767444688012,0.1792841797448169
112.75,0.0,398.72419187993006,0.9185061388361863,96.0,393.9360555843334,400.0000000000007,520677.5224204733,122.4775795267698,1.5420868127161313,-3.7760279241183525e-06,1.1587077493633078e-08,1.4802973661668755e-15,4.163336342344337e-17,1.6644358651657647,0.020897638260968673,-44.40047791098563,0.0,0.0,398.6671421235586,397.95918816947983,398.55237311553435,399.24572207817187,398.3319993923448,398.48532566256426,398.9630580972959,96.0,398.72419187993006,0.9185061388361863,1,1.5383767444688012,0.1793336691869638
113.0,0.0,398.7213630370151,0.9189995884919366,96.0,393.9351722129222,400.0000000000007,520677.2508515534,122.74914844660837,1.5420416126898666,-3.791806150843513e-06,1.1635494385523314e-08,1.4802973661668755e-15,4.163336342344337e-17,1.664400220568594,0.02089692789505389,-44.40047791098563,0.0,0.0,398.66468167268977,397.9567824162035,398.548777634331,399.2424749621098,398.32772436043865,398.48248774471494,398.96023832931513,96.0,398.7213630370151,0.9189995884919366,1,1.5383767444688012,0.17938307236690218
113.25,0.0,398.7185341941002,0.9194931130397663,96.0,393.93429780297555,400.0000000000007,520676.97928263363,123.02071736643549,1.5419963840134214,-3.807467052752145e-06,1.1683551255780137e-08,1.4173059888831766e-15,4.380176776841438e-17,1.6643646626348407,0.020896218188158733,-44.40047791098563,0.0,0.0,398.6622415384194,397.9543719997773,398.5451526956698,399.2392281680475,398.32348203512134,398.4796488627435,398.95741952545694,96.0,398.7185341941002,0.9194931130397663,1,1.5383767444688012,0.17943238762470493
113.5,0.0,398.71570535118536,0.9199929393165395,96.0,393.9334311470635,400.0000000000007,520676.70771371375,123.29228628625222,1.541951127351923,-3.823244824729954e-06,1.1731966752237685e-08,1.6653345369377348e-15,4.2934406030425976e-17,1.6643291911998166,0.020895509141065277,-44.40047791098563,0.0,0.0,398.65982905249774,397.95191097038855,398.54150300847067,399.23595143348484,398.319273467665,398.4768089160411,398.9546017863299,96.0,398.71570535118536,0.9199929393165395,1,1.5383767444688012,0.17948161719873612
113.75,0.0,398.7128765082709,0.9204998341362559,96.0,393.9325709539429,400.0000000000007,520676.436144794,123.5638552060537,1.541905843547106,-3.8389080572187595e-06,1.1780030774087034e-08,1.8503717077085944e-15,3.469446951953614e-17,1.6642938072712499,0.020894800754682436,-44.40047791098563,0.0,0.0,398.65745074847007,397.9493931972109,398.5378330549322,399.23262826821747,398.31509287466713,398.4739677782888,398.95178523825297,96.0,398.7128765082709,0.9204998341362559,1,1.5383767444688012,0.1795307633231604
114.0,0.0,398.7100476653564,0.9210053863904314,96.0,393.93171583250313,400.0000000000007,520676.1645758742,123.8354241258377,1.5418605332215451,-3.8545717444549155e-06,1.1828096191369071e-08,1.4173059888831793e-15,4.163336342344337e-17,1.664258510386963,0.02089409303331402,-44.40047791098563,0.0,0.0,398.65511219050796,397.9468910345223,398.5341471181208,399.2293028629687,398.3109030400786,398.4711253297672,398.9489700009456,96.0,398.7100476653564,0.9210053863904314,1,1.5383767444688012,0.17957982816153742
114.25,0.0,398.70721882244214,0.9215089747065943,96.0,393.9308645860489,400.0000000000007,520675.89300695446,124.1069930456039,1.5418151970026563,-3.8702333853279924e-06,1.1876155329204012e-08,1.0186886795097851e-15,3.0791341698588326e-17,1.6642233001806537,0.020893385977759426,-44.40047791098563,0.0,0.0,398.65281789119734,397.94440491666603,398.5304490259267,399.22597650959324,398.306736383862,398.4682814782277,398.94615616665664,96.0,398.70721882244214,0.9215089747065943,1,1.5383767444688012,0.1796288138183926
114.5,0.0,398.70438997952806,0.9220106380901066,96.0,393.93001588897386,400.0000000000007,520675.6214380347,124.37856196535037,1.5417698355163463,-3.885894400923462e-06,1.1924212548319009e-08,1.4173059888831793e-15,4.163336342344337e-17,1.6641881763353927,0.020892679588805693,-44.40047791098563,0.0,0.0,398.6505712015826,397.94193359684687,398.5267421212666,399.22264926841547,398.3026002020435,398.465436134449,398.9433438246072,96.0,398.70438997952806,0.9220106380901066,1,1.5383767444688012,0.17967772208767427
114.75,0.0,398.7015611366142,0.9225104125457586,96.0,393.92916842297427,400.0000000000007,520675.3498691149,124.65013088508283,1.5417244492020123,-3.90155598495312e-06,1.1972271511724865e-08,1.1102230246251565e-15,3.165870343657673e-17,1.6641531376152237,0.02089197386721245,-44.40047791098563,0.0,0.0,398.64837425037985,397.9394765448571,398.5230292146115,399.219321624765,398.2984964814893,398.4625892124108,398.94053306081764,96.0,398.7015611366142,0.9225104125457586,1,1.5383767444688012,0.17972655450761835
115.0,0.0,398.6987322937005,0.9230089399767731,96.0,393.9283208557075,400.0000000000007,520675.0783001953,124.9216998048018,1.5416790383468513,-3.9171006989136e-06,1.2019971848929998e-08,1.295260195396016e-15,3.0357660829594124e-17,1.6641181821106843,0.020891268808656088,-44.40047791098563,0.0,0.0,398.64622791891054,397.9370332308371,398.51931256220803,399.2159940600782,398.2944260586829,398.45974063036255,398.9377239570384,96.0,398.6987322937005,0.9230089399767731,1,1.5383767444688012,0.1797753123056578
115.25,0.0,398.69590345078694,0.9235015509820972,96.0,393.92747184135834,400.0000000000006,520674.8067312755,125.19326872450668,1.5416336036824494,-3.93276222609984e-06,1.2068030637906768e-08,1.6653345369377348e-15,4.163336342344337e-17,1.6640833103610884,0.020890564404379836,-44.40047791098563,0.0,0.0,398.6441318486616,397.93460310361985,398.5155934391755,399.21266671828516,398.29038957200635,398.4568903167877,398.9349165847861,96.0,398.69590345078694,0.9235015509820972,1,1.5383767444688012,0.17982399636499533
115.5,0.0,398.6930746078735,0.9239877775016785,96.0,393.92662002389864,400.0000000000006,520674.53516235587,125.46483764420216,1.5415881459447982,-3.948307849555022e-06,1.2115733765977278e-08,1.5728159515523052e-15,4.163336342344337e-17,1.6640485229437907,0.020889860658113643,-44.40047791098563,0.0,0.0,398.6420914563957,397.9321856213743,398.51187253214255,399.20933982963896,398.28638632502475,398.45403812770905,398.9321110880378,96.0,398.6930746078735,0.9239877775016785,1,1.5383767444688012,0.1798726072148865
115.75,0.0,398.69024576496,0.924472041518155,96.0,393.9257640400785,400.0000000000006,520674.2635934362,125.73640656389078,1.5415426657874631,-3.963851312960287e-06,1.216343026574252e-08,1.4340380734741607e-15,2.7755575615628914e-17,1.6640138197463068,0.020889157574610375,-44.40047791098563,0.0,0.0,398.6401119008738,397.9297802416705,398.5081500811352,399.20601378797164,398.2824161671963,398.4511839090692,398.9293076208508,96.0,398.69024576496,0.924472041518155,1,1.5383767444688012,0.1799211450465117
116.0,0.0,398.68741692204657,0.9249553508459686,96.0,393.924902522163,400.0000000000006,520673.99202451645,126.00797548357684,1.5414971638532555,-3.979511419061055e-06,1.2211484693992141e-08,1.417305988883182e-15,4.163336342344337e-17,1.6639792006576963,0.020888455155613144,-44.40047791098563,0.0,0.0,398.63818981116054,397.92738637260186,398.5044259562946,399.2026889284932,398.2784688586262,398.4483275883645,398.9265062557286,96.0,398.68741692204657,0.9249553508459686,1,1.5383767444688012,0.17996960975205942
116.25,0.0,398.68458807913316,0.92543866494062,96.0,393.9240341233698,400.0000000000007,520673.7204555968,126.2795444032646,1.5414516407773997,-3.99505590564786e-06,1.2259184333480931e-08,1.4173059888831793e-15,4.2500725161431774e-17,1.6639446655677077,0.020887753402776637,-44.40047791098563,0.0,0.0,398.6363193043614,397.9250034289576,398.50069973572954,399.19936557669655,398.27450188785076,398.4454691160768,398.92370704218956,96.0,398.68458807913316,0.92543866494062,1,1.5383767444688012,0.18001800035387863
116.5,0.0,398.68175923621976,0.9259210040730568,96.0,393.92315751438383,400.0000000000007,520673.4488866771,126.55111332295553,1.5414060971862715,-4.0106579746179705e-06,1.2307060669633793e-08,1.4173059888831766e-15,4.163336342344337e-17,1.663910214360031,0.02088705231769173,-44.40047791098563,0.0,0.0,398.6344932196865,397.92263064400225,398.4969707872481,399.19604409315934,398.27056691218576,398.44260845538946,398.9209100170501,96.0,398.68175923621976,0.9259210040730568,1,1.5383767444688012,0.1800663158191864
116.75,0.0,398.67893039330625,0.9263997754990084,96.0,393.92227136213165,400.0000000000006,520673.1773177574,126.82268224265324,1.5413605336975937,-4.026261407830134e-06,1.2354941192084717e-08,1.3415194880887309e-15,2.949029909160572e-17,1.6638758469123451,0.020886351901875252,-44.40047791098563,0.0,0.0,398.63270350151623,397.92026770891977,398.49323834933546,399.19272482130907,398.2666714882664,398.4397455809994,398.9181152056131,96.0,398.67893039330625,0.9263997754990084,1,1.5383767444688012,0.1801145556205893
117.0,0.0,398.6761015503926,0.9268771892662157,96.0,393.92137449401497,400.0000000000006,520672.90574883774,127.09425116235823,1.5413149509800905,-4.041806974441897e-06,1.240264414572614e-08,1.4173059888831793e-15,4.163336342344337e-17,1.6638415636707313,0.020885652156772204,-44.40047791098563,0.0,0.0,398.6309414358501,397.9179143746218,398.48950160895265,399.1894080955742,398.26281913008455,398.43688048333115,398.91532261745414,96.0,398.6761015503926,0.9268771892662157,1,1.5383767444688012,0.1801627191724131
117.25,0.0,398.6732727074789,0.9273533880277682,96.0,393.92046564387675,400.0000000000006,520672.634179918,127.36582008208222,1.5412693496683096,-4.057467933193948e-06,1.245070119041205e-08,1.3322676295501878e-15,4.163336342344337e-17,1.6638073647102367,0.020884953085803935,-44.40047791098563,0.0,0.0,398.62919786015016,397.91557045431097,398.4857597872233,399.1860942364829,398.25901062948526,398.43401315786446,398.91253225709323,96.0,398.6732727074789,0.9273533880277682,1,1.5383767444688012,0.18021080648778795
117.5,0.0,398.6704438645649,0.9278275602661726,96.0,393.91954352107996,400.0000000000006,520672.3626109982,127.63738900182756,1.5412237303566207,-4.073129517223606e-06,1.2498760153817905e-08,1.3322676295501884e-15,4.163336342344337e-17,1.6637732497430202,0.020884254691363822,-44.40047791098563,0.0,0.0,398.6274633807019,397.91323581762947,398.4820121681686,399.1827835495345,398.2552692732099,398.43114360921646,398.9097441199133,96.0,398.6704438645649,0.9278275602661726,1,1.5383767444688012,0.1802588168338661
117.75,0.0,398.66761502165065,0.9282987099373607,96.0,393.9186068597329,400.0000000000006,520672.0910420784,127.90895792159398,1.5411780936253427,-4.088848058358963e-06,1.2546993895167888e-08,1.4802973661668755e-15,4.163336342344337e-17,1.6637392185299535,0.02088355697464631,-44.40047791098563,0.0,0.0,398.62572442975204,397.91091039851045,398.47825816008566,399.1794763202857,398.25157685789975,398.4282718619483,398.906958181353,96.0,398.66761502165065,0.9282987099373607,1,1.5383767444688012,0.18030674990453235
118.0,0.0,398.66478617873616,0.9287666939841698,96.0,393.9176544046791,400.0000000000006,520671.8194731587,128.180526841387,1.5411324400462934,-4.104451704733947e-06,1.2594875071727886e-08,1.4173059888831766e-15,4.163336342344337e-17,1.663705270837072,0.020882859936561235,-44.40047791098563,0.0,0.0,398.6239666146808,397.90859413181806,398.47449734248545,399.1761728281107,398.2479267499445,398.4253979566926,398.9041744007797,96.0,398.66478617873616,0.9287666939841698,1,1.5383767444688012,0.1803546057567413
118.25,0.0,398.66195733582134,0.9292336599399328,96.0,393.9166849092943,400.0000000000006,520671.54790423886,128.45209576120814,1.5410867701842403,-4.120170530086398e-06,1.2643109685223298e-08,1.4173059888831793e-15,4.163336342344337e-17,1.6636714064355738,0.020882163577925893,-44.40047791098563,0.0,0.0,398.62218101288914,397.9062869536794,398.4707295007882,399.17287334223414,398.24432185518674,398.42252193888834,398.90139273275435,96.0,398.66195733582134,0.9292336599399328,1,1.5383767444688012,0.18040238395731126
118.5,0.0,398.6591284929062,0.9296996625539042,96.0,393.915697137304,400.0000000000006,520671.27633531904,128.72366468106117,1.5410410845976306,-4.135889582812524e-06,1.2691344996435055e-08,1.4173059888831766e-15,4.163336342344337e-17,1.663637625102031,0.02088146789951159,-44.40047791098563,0.0,0.0,398.62035937584125,397.90398881083763,398.466954644971,399.16957812252684,398.2407575013319,398.4196440047983,398.8986129810141,96.0,398.6591284929062,0.9296996625539042,1,1.5383767444688012,0.18045008281551034
118.75,0.0,398.6562996499908,0.9301647244563787,96.0,393.9146898583683,400.0000000000006,520671.0047663991,128.99523360094304,1.540995383839196,-4.151725505607828e-06,1.2739938933847533e-08,1.417305988883182e-15,4.163336342344337e-17,1.6636039266180653,0.020880772902068037,-44.40047791098563,0.0,0.0,398.6184942505554,397.90169959631123,398.4631730147145,399.1662874217634,398.2372319679274,398.41676408785656,398.89583521212506,96.0,398.6562996499908,0.9301647244563787,1,1.5383767444688012,0.18049768219058807
119.0,0.0,398.65347080707505,0.9306287596072849,96.0,393.91366185207306,400.0000000000006,520670.7331974792,129.26680252085407,1.5409496684564223,-4.16750367548957e-06,1.2788355651308683e-08,1.417305988883182e-15,4.163336342344337e-17,1.6635703107699562,0.020880078586335126,-44.40047791098563,0.0,0.0,398.6165791050684,397.8994192132247,398.45938514313144,399.16300152151973,398.2337462749453,398.41388223544345,398.8930593787066,96.0,398.65347080707505,0.9306287596072849,1,1.5383767444688012,0.18054517353166122
119.25,0.0,398.650641964159,0.9310918716322364,96.0,393.9126119130146,400.0000000000006,520670.4616285593,129.53837144079725,1.5409039389919064,-4.183340166719063e-06,1.2836951333012021e-08,1.5728159515523052e-15,4.163336342344337e-17,1.6635367773482086,0.020879384953047794,-44.40047791098563,0.0,0.0,398.6146084266698,397.89714757765864,398.455591831307,399.15972071272734,398.2303000165112,398.41099851844257,398.8902854098753,96.0,398.650641964159,0.9310918716322364,1,1.5383767444688012,0.18059255814816946
119.5,0.0,398.64781312124256,0.9315541129195335,96.0,393.9115388519031,400.0000000000007,520670.1900596393,129.80994036076936,1.5408581959844492,-4.199234126645024e-06,1.288572336252126e-08,1.6422048905913775e-15,4.163336342344337e-17,1.6635033261474832,0.020878692002939223,-44.40047791098563,0.0,0.0,398.61257778184535,397.89488449550026,398.45179424540964,399.156445227657,398.2268926979747,398.40811301246384,398.8875132300213,96.0,398.64781312124256,0.9315541129195335,1,1.5383767444688012,0.18063983733803465
119.75,0.0,398.6449842783259,0.932014287741645,96.0,393.9104414855794,400.00000000000074,520669.9184907193,130.08150928076898,1.540812439967504,-4.215129166595943e-06,1.2934498706183132e-08,1.4173059888831766e-15,4.163336342344337e-17,1.6634699569667315,0.02087799973682433,-44.40047791098563,0.0,0.0,398.61048384828183,397.89262973258707,398.4479935956436,399.1531752851635,398.2235237112304,398.40522579728776,398.88474275936414,96.0,398.6449842783259,0.932014287741645,1,1.5383767444688012,0.1806870123853981
120.0,0.0,398.642155435409,0.9324721767569213,96.0,393.90931854877,400.00000000000074,520669.6469217993,130.3530782007914,1.5407666714701185,-4.2310251728849835e-06,1.2983277015139465e-08,1.417305988883182e-15,4.163336342344337e-17,1.6634366696074037,0.020877308155423116,-44.40047791098563,0.0,0.0,398.60832567642257,397.89038301901536,398.4441911021612,399.1499110828936,398.22019238988037,398.402336934022,398.881973936796,96.0,398.642155435409,0.9324721767569213,1,1.5383767444688012,0.18073408455766313
120.25,0.0,398.63932659249184,0.9329308823902391,96.0,393.9081688361697,400.00000000000074,520669.3753528792,130.62464712084116,1.5407208910199468,-4.247036400784054e-06,1.3032408891853029e-08,1.4173059888831793e-15,4.163336342344337e-17,1.6634034638456472,0.02087661725944525,-44.40047791098563,0.0,0.0,398.60610406668724,397.8881440483371,398.44038796294774,399.146652814857,398.2168980193269,398.39944648284745,398.8792067021361,96.0,398.63932659249184,0.9329308823902391,1,1.5383767444688012,0.18078105510223094
120.5,0.0,398.6364977495744,0.9333947618151393,96.0,393.90699118598945,400.00000000000074,520669.1037839592,130.8962160409115,1.5406750991426774,-4.2629299628060835e-06,1.3081179700358665e-08,1.4173059888831793e-15,4.163336342344337e-17,1.6633703394347665,0.020875927049533755,-44.40047791098563,0.0,0.0,398.60381846322446,397.885912478201,398.43658532553036,399.1434006657863,398.2136398153641,398.39655452841686,398.8764409707319,96.0,398.6364977495744,0.9333947618151393,1,1.5383767444688012,0.18082792505091108
120.75,0.0,398.6336689066568,0.9338557914736553,96.0,393.9057844708593,400.00000000000074,520668.83221503906,131.16778496100494,1.5406292963497978,-4.278940053836777e-06,1.313030808849051e-08,1.4802973661668755e-15,4.163336342344337e-17,1.6633372961793382,0.02087523752626544,-44.40047791098563,0.0,0.0,398.6014689916323,397.8836879320633,398.4327840988891,399.1401548026004,398.21041696168913,398.39366115541003,398.87367665790356,96.0,398.6336689066568,0.9338557914736553,1,1.5383767444688012,0.18087469547935472
121.0,0.0,398.63084006373896,0.9343157201023168,96.0,393.9045475946842,400.00000000000074,520668.56064611895,131.43935388111566,1.5405834831504241,-4.294949235372769e-06,1.3179433685756978e-08,1.4173059888831793e-15,4.163336342344337e-17,1.6633043338898306,0.02087454869028978,-44.40047791098563,0.0,0.0,398.5990567875695,397.8814700028539,398.42898461027596,399.13691540053037,398.2072285974377,398.39076644627977,398.8709136811981,96.0,398.63084006373896,0.9343157201023168,1,1.5383767444688012,0.1809213675613027
121.25,0.0,398.62801122082095,0.934777981745109,96.0,393.90327948029045,400.0000000000007,520668.2890771988,131.71092280124708,1.5405376600513156,-4.3110174772209575e-06,1.3228740514843753e-08,1.4173059888831766e-15,4.163336342344337e-17,1.6632714523821923,0.020873860542262538,-44.40047791098563,0.0,0.0,398.5965838339462,397.87925825910594,398.42518743092086,399.13368263061045,398.20403119568874,398.3878704804949,398.868151961147,96.0,398.62801122082095,0.934777981745109,1,1.5383767444688012,0.1809679424390731
121.5,0.0,398.6251823779028,0.9352407264346144,96.0,393.9019791059599,400.0000000000006,520668.01750827866,131.98249172139106,1.5404918275549926,-4.327029159867379e-06,1.3277873786990005e-08,1.4802973661668755e-15,3.393552799879629e-17,1.6632386514727069,0.02087317308284517,-44.40047791098563,0.0,0.0,398.5940603526897,397.8770519405184,398.4213931255019,399.13045666790174,398.2007255750821,398.3849733204422,398.8653914353633,96.0,398.6251823779028,0.9352407264346144,1,1.5383767444688012,0.18101442066357076
121.75,0.0,398.6223535349845,0.935699521657097,96.0,393.90064558018173,400.0000000000007,520667.7459393585,132.25406064154487,1.540445986697184,-4.343098936487877e-06,1.3327185325662101e-08,1.942890293094024e-15,4.163336342344337e-17,1.6632059328391184,0.02087248631268786,-44.40047791098563,0.0,0.0,398.59150481884495,397.87485157445485,398.41760224180575,399.12723768173805,398.1973308410544,398.38207499910544,398.8626320708636,96.0,398.6223535349845,0.935699521657097,1,1.5383767444688012,0.18106080331873242
122.0,0.0,398.61952469206614,0.936157313385501,96.0,393.89927802599,400.0000000000007,520667.4743704384,132.52562956170686,1.5404001382192263,-4.359110164386948e-06,1.3376317202375665e-08,2.4054832200211726e-15,4.5102810375396984e-17,1.6631732971950055,0.020871800239068546,-44.40047791098563,0.0,0.0,398.5889218074876,397.8726577617431,398.4138153162826,399.1240258368573,398.19394293439535,398.37917555821014,398.859873825922,96.0,398.61952469206614,0.936157313385501,1,1.5383767444688012,0.1811070915553877
122.25,0.0,398.6166958491477,0.9366142024818489,96.0,393.8978755888001,400.0000000000007,520667.2028015182,132.79719848187415,1.5403542826991403,-4.375179258886419e-06,1.342562664789873e-08,1.4802973661668755e-15,4.163336342344337e-17,1.6631407447157207,0.02087111486678054,-44.40047791098563,0.0,0.0,398.5863158572256,397.8704701014788,398.4100328800622,399.12082129402484,398.1905640622093,398.37627503544576,398.85711666284965,96.0,398.6166958491477,0.9366142024818489,1,1.5383767444688012,0.18115328648409182
122.5,0.0,398.61386700622916,0.9370680178878059,96.0,393.89643744010965,400.0000000000007,520666.931232598,133.06876740204723,1.5403084206942015,-4.39124886497666e-06,1.3474937663283568e-08,1.6653345369377348e-15,3.122502256758253e-17,1.6631082755180175,0.020870430198896648,-44.40047791098563,0.0,0.0,398.58369131836963,397.8682881231901,398.4062554664828,399.1176242105845,398.18719419317455,398.37337346459753,398.85436054786084,96.0,398.61386700622916,0.9370680178878059,1,1.5383767444688012,0.18119938917467973
122.75,0.0,398.61103816331087,0.9375208534203113,96.0,393.8949627829034,400.0000000000007,520666.6596636779,133.34033632220797,1.5402625527439207,-4.4072591265376104e-06,1.352406657470267e-08,1.417305988883182e-15,4.163336342344337e-17,1.663075889668411,0.020869746238146632,-44.40047791098563,0.0,0.0,398.58105225518875,397.86611124122487,398.40248360880224,399.1144347409531,398.1838331664274,398.3704708403258,398.8516054862959,96.0,398.61103816331087,0.9375208534203113,1,1.5383767444688012,0.18124540019314375
123.0,0.0,398.60820932039263,0.9379744554530243,96.0,393.8934508587217,400.0000000000007,520666.3880947577,133.6119052423557,1.5402166793721788,-4.42338568973355e-06,1.3573552368031636e-08,1.7763568394002505e-15,5.551115123125783e-17,1.6630435871894436,0.0208690629869537,-44.40047791098563,0.0,0.0,398.57840236050913,397.8639387642372,398.39871785343996,399.1112530371644,398.1804808188754,398.367567384164,398.8488512566214,96.0,398.60820932039263,0.9379744554530243,1,1.5383767444688012,0.18129131780703878
123.25,0.0,398.6053804774746,0.9384260910279837,96.0,393.8919014336867,400.00000000000074,520666.11652583757,133.88347416249132,1.540170801088917,-4.4393974860668095e-06,1.3622685989036058e-08,1.5728159515523052e-15,4.163336342344337e-17,1.6630113680648848,0.02086838044746541,-44.40047791098563,0.0,0.0,398.5757448873756,397.86176992047353,398.3949587650484,399.1080792634476,398.17713700188153,398.3646634989086,398.8460974560406,96.0,398.6053804774746,0.9384260910279837,1,1.5383767444688012,0.1813371428517577
123.5,0.0,398.6025516345567,0.9388776374295641,96.0,393.890314945981,400.00000000000074,520665.84495691746,134.15504308261274,1.5401249183869625,-4.455409452930326e-06,1.367182013332774e-08,1.295260195396016e-15,3.144186300207963e-17,1.6629792321978745,0.020867698621578706,-44.40047791098563,0.0,0.0,398.57308263301826,397.85960389028605,398.3912069312146,399.1049135182873,398.17380158153964,398.3617579004637,398.84334536864964,96.0,398.6025516345567,0.9388776374295641,1,1.5383767444688012,0.18138287524603977
123.75,0.0,398.59972279163884,0.9393283303947121,96.0,393.88868834656904,400.00000000000074,520665.57338799734,134.42661200272101,1.5400790317516573,-4.471419828178114e-06,1.3720949393605013e-08,1.3877787807814457e-15,4.163336342344337e-17,1.662947179483959,0.020867017510765674,-44.40047791098563,0.0,0.0,398.57041786334986,397.85743983078896,398.3874629657523,399.1017559281651,398.17047442606315,398.35885134075215,398.84059424252547,96.0,398.59972279163884,0.9393283303947121,1,1.5383767444688012,0.1814285160815048
124.0,0.0,398.5968939487212,0.9397780546246188,96.0,393.8870198252976,400.00000000000074,520665.3018190772,134.69818092281503,1.5400331416603523,-4.487429634991713e-06,1.3770076909591427e-08,1.5265566588595902e-15,4.163336342344337e-17,1.6629152098118247,0.02086633711648752,-44.40047791098563,0.0,0.0,398.567752326059,397.85527689737626,398.38372750995353,399.098606629879,398.16715544150253,398.3559438334515,398.8378440639908,96.0,398.5968939487212,0.9397780546246188,1,1.5383767444688012,0.18147406641789351
124.25,0.0,398.5940651058036,0.9402283510884865,96.0,393.88530840310887,400.0000000000007,520665.0302501572,134.96974984289741,1.5399872485798805,-4.5033831099772215e-06,1.381903156635366e-08,1.7578531223231646e-15,4.163336342344337e-17,1.6628833230525757,0.020865657440111172,-44.40047791098563,0.0,0.0,398.5650872373151,397.85311426399966,398.38000123162107,399.09546575843274,398.16384454962616,398.35303539923467,398.8350948123726,96.0,398.5940651058036,0.9402283510884865,1,1.5383767444688012,0.18151952728053397
124.5,0.0,398.5912362628862,0.9406792812517597,96.0,393.88355344682736,400.0000000000007,520664.758681237,135.24131876297096,1.5399413529673929,-4.5194518634161795e-06,1.386833996530221e-08,1.3322676295501878e-15,4.163336342344337e-17,1.6628515190522273,0.02086497848275992,-44.40047791098563,0.0,0.0,398.56242323895566,397.85095111214224,398.3762848242929,399.0923334468837,398.1605424154571,398.3501260606454,398.8323464651271,96.0,398.5912362628862,0.9406792812517597,1,1.5383767444688012,0.1815648978842641
124.75,0.0,398.5884074199689,0.9411297971384289,96.0,393.88175446681646,400.0000000000008,520664.4871123171,135.51288768303067,1.539895455271101,-4.535228555369031e-06,1.3916752147607125e-08,1.4173059888831793e-15,4.163336342344337e-17,1.6628197976336434,0.020864300245393194,-44.40047791098563,0.0,0.0,398.5597604228151,397.8487866582222,398.3725789952023,399.08920982730365,398.1572489205858,398.347215838366,398.8295990015719,96.0,398.5884074199689,0.9411297971384289,1,1.5383767444688012,0.1816101740670256
125.0,0.0,398.58557857705176,0.9415808861493583,96.0,393.87991104145635,400.0000000000008,520664.215543397,135.7844566030802,1.5398495559309657,-4.5512382484957925e-06,1.3965879314735366e-08,1.4173059888831766e-15,4.163336342344337e-17,1.6627881585986601,0.020863622728818233,-44.40047791098563,0.0,0.0,398.55709836435375,397.84662019774146,398.3688844635833,399.08609503135614,398.15396388138475,398.3443047540893,398.82685240001416,96.0,398.58557857705176,0.9415808861493583,1,1.5383767444688012,0.1816553534206151
125.25,0.0,398.58274973413467,0.9420335396305299,96.0,393.87802278934754,400.0000000000008,520663.94397447695,136.05602552312286,1.539803655379535,-4.5671902455524105e-06,1.4014829436341365e-08,1.4173059888831766e-15,4.163336342344337e-17,1.662756601731242,0.020862945933701506,-44.40047791098563,0.0,0.0,398.55443616828325,397.8444511114954,398.36520195027214,399.0829891906507,398.1506871145205,398.3413928312047,398.8241066370645,96.0,398.58274973413467,0.9420335396305299,1,1.5383767444688012,0.18170043741278555
125.5,0.0,398.5799208912176,0.9424885434504433,96.0,393.8760893583968,400.00000000000074,520663.6724055569,136.32759444315406,1.5397577540356657,-4.583140878366976e-06,1.40637753716493e-08,1.4173059888831766e-15,4.163336342344337e-17,1.6627251267779244,0.020862269860583538,-44.40047791098563,0.0,0.0,398.55177252248905,397.8422788734348,398.3615321606433,399.07989243693027,398.14741843336105,398.33848007543673,398.8213617069985,96.0,398.5799208912176,0.9424885434504433,1,1.5383767444688012,0.18174542746677166
125.75,0.0,398.5770920483007,0.9429581417997641,96.0,393.87411042200296,400.0000000000007,520663.40083663684,136.5991633631798,1.5397118523049969,-4.599090999590771e-06,1.4112719737095463e-08,1.4173059888831766e-15,4.163336342344337e-17,1.6626937334449337,0.020861594509815156,-44.40047791098563,0.0,0.0,398.54913389751135,397.840103055324,398.3578757742073,399.0768049022213,398.144157645963,398.33556241626457,398.8186216803368,96.0,398.5770920483007,0.9429581417997641,1,1.5383767444688012,0.18179032496241698
126.0,0.0,398.5742632053839,0.9434302417058777,96.0,393.87208567759865,400.0000000000006,520663.1292677169,136.87073228319764,1.539665950585579,-4.614925899204536e-06,1.4161310534784394e-08,1.4173059888831793e-15,4.163336342344337e-17,1.662662421420218,0.020860919881536405,-44.40047791098563,0.0,0.0,398.546494095361,397.83792261419575,398.3542334313937,399.07372671898077,398.1409045881394,398.3326438046701,398.8158826060976,96.0,398.5742632053839,0.9434302417058777,1,1.5383767444688012,0.18183513123801043
126.25,0.0,398.571434362467,0.9439029216930841,96.0,393.8700148460967,400.00000000000074,520662.8576987969,137.14230120321088,1.539620049268595,-4.630818381201607e-06,1.4210078029137399e-08,1.4173059888831793e-15,4.163336342344337e-17,1.6626311903765554,0.020860245975749148,-44.40047791098563,0.0,0.0,398.5438517505332,397.8357372144716,398.3506057198596,399.0706580202845,398.13765911877573,398.3297243049894,398.81314441994476,96.0,398.571434362467,0.9439029216930841,1,1.5383767444688012,0.1818798475925455
126.5,0.0,398.5686055195502,0.9443742948375091,96.0,393.86789767122906,400.00000000000074,520662.58612987684,137.41387012322076,1.53957414873894,-4.646769014016172e-06,1.4259023964445334e-08,1.417305988883182e-15,4.163336342344337e-17,1.662600039974286,0.020859572792334084,-44.40047791098563,0.0,0.0,398.5412053249883,397.8335466316105,398.3469931550625,399.06759895704556,398.13442010543673,398.3268039693083,398.8104070697923,96.0,398.5686055195502,0.9443742948375091,1,1.5383767444688012,0.18192447528446046
126.75,0.0,398.5657766766335,0.9448447524109411,96.0,393.8657339195283,400.00000000000074,520662.31456095685,137.68543904322837,1.5395282493757505,-4.662661780230337e-06,1.4307792330943768e-08,1.4173059888831766e-15,4.163336342344337e-17,1.6625689698637414,0.02085890033106597,-44.40047791098563,0.0,0.0,398.53855315612145,397.8313507450988,398.3433961769819,399.0645496813013,398.1311877584124,398.32388281184507,398.80767054142206,96.0,398.5657766766335,0.9448447524109411,1,1.5383767444688012,0.18196901553906605
127.0,0.0,398.56294783371686,0.9453155962520494,96.0,393.86352338051563,400.00000000000074,520662.0429920368,137.95700796323325,1.5394823515528095,-4.6786128109488345e-06,1.4356739487255305e-08,1.4173059888831793e-15,4.163336342344337e-17,1.6625379796873379,0.020858228591627427,-44.40047791098563,0.0,0.0,398.5358935118708,397.82914953152704,398.3398151323319,399.06151034590135,398.1279620807368,398.3209608486304,398.8049348188033,96.0,398.56294783371686,0.9453155962520494,1,1.5383767444688012,0.18201346988890096
127.25,0.0,398.5601189908002,0.9457853795303888,96.0,393.861265923129,400.00000000000074,520661.7714231168,138.22857688323427,1.5394364555547952,-4.694505634006418e-06,1.4405508028182825e-08,1.5728159515523052e-15,4.163336342344337e-17,1.6625070689675077,0.020857557573621104,-44.40047791098563,0.0,0.0,398.53322464645066,397.8269430564544,398.33625026589465,399.05848207236164,398.1247430458991,398.3180380975259,398.80219988407435,96.0,398.5601189908002,0.9457853795303888,1,1.5383767444688012,0.18205783957081603
127.5,0.0,398.5572901478835,0.9462541055663203,96.0,393.85896238452716,400.00000000000074,520661.4998541968,138.50014580323537,1.53939056200662,-4.710399934992893e-06,1.445428110426658e-08,1.295260195396016e-15,3.642919299551295e-17,1.6624762370843635,0.020856887276364203,-44.40047791098563,0.0,0.0,398.53054485821184,397.8247314653113,398.3327017138456,399.05546421813847,398.1215306010969,398.31511457805004,398.7994657177169,96.0,398.5572901478835,0.9462541055663203,1,1.5383767444688012,0.18210212563729788
127.75,0.0,398.55446130496676,0.9467179582959104,96.0,393.8566129972757,400.00000000000074,520661.2282852768,138.77171472323778,1.5393446719646922,-4.7262932127978274e-06,1.4503051040626786e-08,1.4340380734741607e-15,4.163336342344337e-17,1.6624454834067144,0.020856217698918267,-44.40047791098563,0.0,0.0,398.5278525351682,397.82251497161735,398.3291694991501,399.05245691209905,398.1183265258962,398.31219031934626,398.7967322905873,96.0,398.55446130496676,0.9467179582959104,1,1.5383767444688012,0.18214632911045955
128.0,0.0,398.5516324620501,0.9471787648930469,96.0,393.8542179997708,400.00000000000074,520660.9567163568,139.04328364324076,1.5392987864033159,-4.742186490602762e-06,1.4551820976986994e-08,1.417305988883182e-15,4.163336342344337e-17,1.6624148073501663,0.02085554884012078,-44.40047791098563,0.0,0.0,398.525152554192,397.82029382413145,398.3256535298104,399.04946030007346,398.1151345139808,398.3092652732502,398.79399965085,96.0,398.5516324620501,0.9471787648930469,1,1.5383767444688012,0.18219045099489165
128.25,0.0,398.5488036191334,0.9476362671562214,96.0,393.85177761731126,400.00000000000074,520660.68514743686,139.3148525632463,1.5392529061165134,-4.758022924988836e-06,1.4600416484261247e-08,1.3322676295501878e-15,4.163336342344337e-17,1.662384208412616,0.02085488069822221,-44.40047791098563,0.0,0.0,398.522447619171,397.81806827827467,398.32215359979887,399.0466127265349,398.11195127219764,398.30633941164893,398.7912678266178,96.0,398.5488036191334,0.9476362671562214,1,1.5383767444688012,0.18223449218331778
128.5,0.0,398.5459747762167,0.9480929186116502,96.0,393.8492920086683,400.00000000000074,520660.4135785168,139.58642148325373,1.5392070316808957,-4.773974524141522e-06,1.4649365384863644e-08,1.4173059888831766e-15,4.163336342344337e-17,1.6623536861766917,0.020854213270722555,-44.40047791098563,0.0,0.0,398.51973650145885,397.81583895922284,398.31866939294025,399.0437697589678,398.1087768582358,398.30341288336376,398.7885366690695,96.0,398.5459747762167,0.9480929186116502,1,1.5383767444688012,0.18227845320457972
128.75,0.0,398.54314593329985,0.9485405386492096,96.0,393.8467615608688,400.0000000000007,520660.1420095968,139.85799040326677,1.5391611634683706,-4.789869109345091e-06,1.4698139333092828e-08,1.2490009027033011e-15,3.122502256758253e-17,1.6623232402937493,0.020853546554455038,-44.40047791098563,0.0,0.0,398.51701728964724,397.8136062023565,398.3152004699902,399.04093172315794,398.1056113527352,398.3004863711267,398.78580549547297,96.0,398.54314593329985,0.9485405386492096,1,1.5383767444688012,0.18232233501651332
129.0,0.0,398.540317090383,0.9489782036555886,96.0,393.8441888837712,400.0000000000007,520659.87044067675,140.12955932328026,1.5391153016714876,-4.805820253750426e-06,1.4747086838262537e-08,1.4173059888831766e-15,4.163336342344337e-17,1.6622928703941575,0.02085288054586613,-44.40047791098563,0.0,0.0,398.51428803110514,397.81136969743847,398.311746292812,399.03809881502144,398.102455284297,398.2975591924882,398.783074988278,96.0,398.540317090383,0.9489782036555886,1,1.5383767444688012,0.18236613856590864
129.25,0.0,398.53748824746657,0.9494129868092971,96.0,393.84157571747284,400.0000000000007,520659.5988717568,140.4011282432616,1.5390694463781873,-4.821656972353594e-06,1.4795683217682219e-08,1.7578531223231646e-15,4.163336342344337e-17,1.6622625761657832,0.020852215241221005,-44.40047791098563,0.0,0.0,398.5115467204293,397.8091485103961,398.30830633326275,399.0352714285077,398.0993158072416,398.29463133575274,398.78034515918034,96.0,398.53748824746657,0.9494129868092971,1,1.5383767444688012,0.1824098647891231
129.5,0.0,398.5346594045504,0.9498466908962203,96.0,393.83891964759323,400.0000000000006,520659.3273028368,140.67269716321107,1.5390235976224595,-4.837551898617676e-06,1.4844458212485918e-08,2.035408878479454e-15,4.163336342344337e-17,1.6622323573470508,0.02085155063717367,-44.40047791098563,0.0,0.0,398.5087916750803,397.8069418186067,398.30488007079936,399.0324497954006,398.0961923011122,398.29170285112696,398.7776159579739,96.0,398.5346594045504,0.9498466908962203,1,1.5383767444688012,0.1824535146126348
129.75,0.0,398.53183056163454,0.9502799369178679,96.0,393.8362214764827,400.0000000000006,520659.05573391693,140.9442660831338,1.53897775541468,-4.8533296137520665e-06,1.489287353451438e-08,1.4173059888831766e-15,4.163336342344337e-17,1.6622022136741648,0.020850886731063823,-44.40047791098563,0.0,0.0,398.5060214116151,397.80474846582376,398.30146698449005,399.02963412797345,398.09308420171504,398.28877379058844,398.77488733268063,96.0,398.53183056163454,0.9502799369178679,1,1.5383767444688012,0.18249708895354114
130.0,0.0,398.529001718719,0.9507126815746162,96.0,393.83348236438195,400.0000000000007,520658.78416499705,141.21583500303097,1.5389319197724427,-4.869104941462865e-06,1.494128153052123e-08,1.3322676295501878e-15,4.163336342344337e-17,1.6621721448898117,0.020850223520966292,-44.40047791098563,0.0,0.0,398.5032346643538,397.8025671877266,398.29806656438745,399.0268246402046,398.0899909424342,398.28584420657035,398.77215923086754,96.0,398.529001718719,0.9507126815746162,1,1.5383767444688012,0.182540586869221
130.25,0.0,398.5261728758035,0.951144914988346,96.0,393.827667166133,400.0000000000007,520658.51259607717,141.4874039229049,1.5388860907380881,-4.8848819744762295e-06,1.498969475940066e-08,1.776356839400251e-15,5.551115123125783e-17,1.6621421507195535,0.020849561005870546,-44.40047791098563,0.0,0.0,398.50043039845593,397.80039663014924,398.2946782661364,399.0240215476118,398.08691196030793,398.2829141517562,398.769431599851,96.0,398.5261728758035,0.951144914988346,1,1.5383767444688012,0.18258400764087845
130.5,0.0,398.5233440328884,0.951577026978219,96.0,393.81976326713976,400.0000000000007,520658.2410271573,141.75897284275794,1.5388402683898377,-4.900659803297458e-06,1.5038110430287295e-08,1.3322676295501878e-15,4.163336342344337e-17,1.6621122308792324,0.02084889918532346,-44.40047791098563,0.0,0.0,398.4976078157829,397.79823535400845,398.2913015339316,399.02122506703734,398.0838466848576,398.2799836785155,398.76670438726137,96.0,398.5233440328884,0.951577026978219,1,1.5383767444688012,0.18262735247297326
130.75,0.0,398.52051518997354,0.952009666680628,96.0,393.81186306951776,400.0000000000007,520657.9694582374,142.03054176259286,1.5387944528465023,-4.9164372342147544e-06,1.5086524880170327e-08,1.4173059888831793e-15,4.163336342344337e-17,1.6620823850845927,0.020848238059381245,-44.40047791098563,0.0,0.0,398.49476635540776,397.7960818436035,398.2879357954713,399.01843541629216,398.0807945436856,398.27705284677944,398.76397753316763,96.0,398.52051518997354,0.952009666680628,1,1.5383767444688012,0.18267062253527364
131.0,0.0,398.5176863470587,0.952442298748752,96.0,393.8039669059499,400.0000000000007,520657.69788931764,142.3021106824189,1.538748644266955,-4.932098363497062e-06,1.5134582448143495e-08,1.4173059888831793e-15,4.163336342344337e-17,1.6620526130544033,0.02084757762851848,-44.40047791098563,0.0,0.0,398.49190569472864,397.79393451836785,398.28458046130584,399.0156528136339,398.0777549628986,398.2741217269742,398.7612509671432,96.0,398.5176863470587,0.952442298748752,1,1.5383767444688012,0.18271381827327274
131.25,0.0,398.51485750414395,0.9528743067512652,96.0,393.79607511221116,400.0000000000007,520657.4263203978,142.57367960223505,1.5387028428466083,-4.947818666778403e-06,1.5182821596795142e-08,1.4173059888831766e-15,4.163336342344337e-17,1.6620229145118866,0.020846917893486323,-44.40047791098563,0.0,0.0,398.48902576803437,397.79179174717643,398.28123492228383,399.01287747710126,398.0747273668647,398.2711903690162,398.7585246392716,96.0,398.51485750414395,0.9528743067512652,1,1.5383767444688012,0.18275694013880509
131.5,0.0,398.5120286612293,0.9533068621836102,96.0,393.7881880270324,400.0000000000007,520657.154751478,142.8452485220418,1.5386570488125286,-4.963537946878205e-06,1.5231057605723244e-08,1.417305988883182e-15,4.163336342344337e-17,1.6619932891865379,0.020846258855180145,-44.40047791098563,0.0,0.0,398.48612671816073,397.7896518645125,398.2778985519229,399.01010962590766,398.07171117767905,398.26825882103714,398.7557985014214,96.0,398.5120286612293,0.9533068621836102,1,1.5383767444688012,0.18279998922362148
131.75,0.0,398.50919981831476,0.9537389651336937,96.0,393.7803059918059,400.0000000000007,520656.88318255823,143.11681744184114,1.5386112624179684,-4.979200383559146e-06,1.527911918556539e-08,1.3322676295501882e-15,4.163336342344337e-17,1.6619637368151732,0.02084560051453658,-44.40047791098563,0.0,0.0,398.48320888465724,397.7875131880243,398.27457071477806,399.0073494787151,398.06870496110105,398.26532712974625,398.75307250688314,96.0,398.50919981831476,0.9537389651336937,1,1.5383767444688012,0.1828429666023245
132.0,0.0,398.5063709754002,0.9541705151717341,96.0,393.7724293503561,400.0000000000007,520656.61161363847,143.3883863616326,1.5385654839384155,-4.994861114937521e-06,1.5327175532534956e-08,1.4802973661668755e-15,4.163336342344337e-17,1.6619342571734173,0.02084494287245729,-44.40047791098563,0.0,0.0,398.4802727807622,397.78537403667775,398.2712507706994,399.0045972528173,398.0657080611682,398.2623953402411,398.75034661055935,96.0,398.5063709754002,0.9541705151717341,1,1.5383767444688012,0.18288587332161876
132.25,0.0,398.50354213248585,0.954601508048219,96.0,393.7645584486419,400.0000000000007,520656.34004471864,143.65995528141116,1.5385197136686404,-5.010579258168946e-06,1.5375408052881337e-08,1.942890293094024e-15,4.163336342344337e-17,1.6619048501263802,0.02084428592990034,-44.40047791098563,0.0,0.0,398.4773190675785,397.7832327489251,398.2679380838277,399.0018531639067,398.0627198954995,398.2594634958328,398.747620769139,96.0,398.50354213248585,0.954601508048219,1,1.5383767444688012,0.1829287104135301
132.5,0.0,398.50071328957165,0.9550319557882885,96.0,393.7566936343767,400.0000000000006,520656.0684757988,143.93152420118085,1.5384739519123198,-5.026297571930627e-06,1.5423641096514975e-08,1.5496863052059477e-15,4.163336342344337e-17,1.661875515506294,0.020843629688181275,-44.40047791098563,0.0,0.0,398.47434852677753,397.7810877005498,398.26463203279263,398.9991174257046,398.0597398819192,398.2565316381495,398.7448949409938,96.0,398.50071328957165,0.9550319557882885,1,1.5383767444688012,0.18297147893772417
132.75,0.0,398.49788444665745,0.9554618635078014,96.0,393.74883525688426,400.0000000000006,520655.7969068791,144.2030931209388,1.5384281989813409,-5.041898731406036e-06,1.547151464180246e-08,1.4802973661668755e-15,4.163336342344337e-17,1.6618462531321174,0.020842974148572665,-44.40047791098563,0.0,0.0,398.47136203291836,397.7789373216701,398.2613320226361,398.9963902496311,398.05676743501556,398.2535998059593,398.7421690873557,96.0,398.49788444665745,0.9554618635078014,1,1.5383767444688012,0.18301418012592574
133.0,0.0,398.49505560374354,0.9558912490111015,96.0,393.74098366678504,400.0000000000007,520655.52533795935,144.47466204068223,1.5383824551927008,-5.057561168086977e-06,1.5519576221644607e-08,1.4173059888831793e-15,4.163336342344337e-17,1.661817062814878,0.020842319312032516,-44.40047791098563,0.0,0.0,398.4683605252105,397.77678011214243,398.2580374966626,398.9936718444715,398.0538019649222,398.2506680336675,398.7394431738194,96.0,398.49505560374354,0.9558912490111015,1,1.5383767444688012,0.18305681519654782
133.25,0.0,398.4922267608297,0.9563202362005906,96.0,393.73313921561106,400.0000000000007,520655.25376903964,144.74623096041216,1.5383367208660748,-5.073163578117601e-06,1.5567453604371986e-08,1.4173059888831766e-15,4.163336342344337e-17,1.6617879443606636,0.02084166517924758,-44.40047791098563,0.0,0.0,398.46534497997976,397.7746146556444,398.25474795324357,398.99096241604036,398.05084287637453,398.2477365177815,398.7367170038778,96.0,398.4922267608297,0.9563202362005906,1,1.5383767444688012,0.18309938527384959
133.5,0.0,398.4893979179158,0.9567493050173527,96.0,393.725302255498,400.0000000000007,520654.9822001199,145.01779988012942,1.5382909963218554,-5.088824650556489e-06,1.5615510997916066e-08,1.4173059888831793e-15,4.163336342344337e-17,1.6617588975714996,0.020841011750675476,-44.40047791098563,0.0,0.0,398.4623166179324,397.7724396319891,398.2514629510746,398.9882621662201,398.04788957848405,398.24480534584717,398.7339904899846,96.0,398.4893979179158,0.9567493050173527,1,1.5383767444688012,0.1831418914350683
133.75,0.0,398.48656907500236,0.957177565444666,96.0,393.71747313893644,400.0000000000007,520654.7106312002,145.2893687998333,1.5382452818801575,-5.1043686255525245e-06,1.5663209067543082e-08,1.4173059888831766e-15,4.163336342344337e-17,1.661729922248905,0.020840359026579082,-44.40047791098563,0.0,0.0,398.4592767933501,397.77025382334926,398.2481796423284,398.9855712891583,398.0449414604758,398.24187449636867,398.73126365363595,96.0,398.48656907500236,0.957177565444666,1,1.5383767444688012,0.1831843347142309
134.0,0.0,398.4837402320889,0.9576051434584258,96.0,393.709652218583,400.0000000000007,520654.4390622805,145.56093771952243,1.5381995778597486,-5.119972399825201e-06,1.5711090636568523e-08,1.4173059888831793e-15,4.163336342344337e-17,1.6617010181948841,0.020839707007070246,-44.40047791098563,0.0,0.0,398.4562268113249,397.7680561274634,398.2448964712725,398.98288997381246,398.0419979012373,398.238943850492,398.7285366136859,96.0,398.4837402320889,0.9576051434584258,1,1.5383767444688012,0.18322671610569707
134.25,0.0,398.4809113891756,0.9580320030620857,96.0,393.7018398471569,400.0000000000007,520654.1674933608,145.83250663919839,1.538153884577157,-5.135576174097878e-06,1.5758972205593965e-08,1.5728159515523052e-15,4.163336342344337e-17,1.6616721852114513,0.020839055692141624,-44.40047791098563,0.0,0.0,398.4531678995034,397.7658455642046,398.2416140245998,398.9802184086831,398.03905827251873,398.2360134073827,398.7258093709686,96.0,398.4809113891756,0.9580320030620857,1,1.5383767444688012,0.18326903656748425
134.5,0.0,398.4780825462626,0.958458155981026,96.0,393.69403637710667,400.0000000000007,520653.89592444117,146.10407555885584,1.538108202346257,-5.15112230914383e-06,1.5806676903526246e-08,2.4054832200211726e-15,4.5102810375396984e-17,1.6616434231014239,0.020838405081688344,-44.40047791098563,0.0,0.0,398.4501011867264,397.7636212780971,398.2383331532984,398.97755677509747,398.03612193929075,398.2330831867967,398.72308190572835,96.0,398.4780825462626,0.958458155981026,1,1.5383767444688012,0.18331129702440663
134.75,0.0,398.4752537033496,0.9588836061814062,96.0,393.68624216061943,400.0000000000006,520653.6243555216,146.3756444784952,1.538062531478047,-5.166608190165789e-06,1.5854196706627416e-08,2.4054832200211726e-15,4.5102810375396984e-17,1.6616147316691061,0.020837755175530315,-44.40047791098563,0.0,0.0,398.44702768580527,397.7613825400722,398.2350546456687,398.97490525002166,398.03318826031284,398.230153209952,398.7203541967472,96.0,398.4752537033496,0.9588836061814062,1,1.5383767444688012,0.18335349837104384
135.0,0.0,398.4724248604369,0.959308352170711,96.0,393.67845754957597,400.0000000000007,520653.35278660187,146.64721339812127,1.5380168722805492,-5.182209918075387e-06,1.590207199620576e-08,1.4173059888831793e-15,4.163336342344337e-17,1.6615861107208771,0.02083710597343122,-44.40047791098563,0.0,0.0,398.44394828058176,397.7591287475993,398.23177918097633,398.9722640059891,398.0302565889662,398.2272234964491,398.7176262244246,96.0,398.4724248604369,0.959308352170711,1,1.5383767444688012,0.1833956414745478
135.25,0.0,398.4695960175243,0.9597311868478225,96.0,393.6706828955413,400.0000000000007,520653.08121768234,146.91878231772705,1.5379712250587587,-5.197637932496946e-06,1.594941423049743e-08,1.4173059888831766e-15,4.163336342344337e-17,1.6615575600656802,0.02083645747511442,-44.40047791098563,0.0,0.0,398.44086371733965,397.7568594232071,398.22850733689336,398.9696332108356,398.0273262743257,398.2242940656338,398.71489796941484,96.0,398.4695960175243,0.9597311868478225,1,1.5383767444688012,0.18343772717729115
135.5,0.0,398.4667671746119,0.960151868472924,96.0,393.6629185497888,400.0000000000006,520652.8096487627,147.190351237317,1.5379255901146864,-5.213183101204777e-06,1.599711596313525e-08,1.417305988883182e-15,4.163336342344337e-17,1.6615290795151025,0.02083580968027565,-44.40047791098563,0.0,0.0,398.43777460028736,397.7545742112923,398.22523960795104,398.96701302748846,398.0243966624443,398.22136493202623,398.7121694171976,96.0,398.4667671746119,0.960151868472924,1,1.5383767444688012,0.18347975629935728
135.75,0.0,398.46393833169964,0.9605718178714004,96.0,393.6551648633545,400.0000000000006,520652.53807984316,147.46192015689047,1.537879967747589,-5.228610206131634e-06,1.6044455406561545e-08,1.4173059888831793e-15,4.163336342344337e-17,1.6615006688845761,0.02083516258859183,-44.40047791098563,0.0,0.0,398.4346813910132,397.75227287335167,398.2219764264953,398.9644036137881,398.02146709781204,398.21843610487184,398.7094405585276,96.0,398.46393833169964,0.9605718178714004,1,1.5383767444688012,0.18352172964087154
136.0,0.0,398.46110948878754,0.9609910385448996,96.0,393.6474221871161,400.0000000000006,520652.2665109236,147.73348907645203,1.5378343582542182,-5.244038334240031e-06,1.6091797989711383e-08,1.4173059888831793e-15,4.163336342344337e-17,1.6614723279753094,0.020834516199736263,-44.40047791098563,0.0,0.0,398.4315844121573,397.7499552819497,398.2187181838774,398.9618051223475,398.01853692496655,398.215507597374,398.70671138020106,96.0,398.46110948878754,0.9609910385448996,1,1.5383767444688012,0.18356364798417438
136.25,0.0,398.4582806458755,0.9614095311092822,96.0,393.63969087189076,400.0000000000007,520651.9949420041,148.00505799600313,1.5377887619285138,-5.259467258156292e-06,1.6139143014868428e-08,1.3322676295501878e-15,4.163336342344337e-17,1.661444056613654,0.020833870513676744,-44.40047791098563,0.0,0.0,398.42848385456625,397.74762141363834,398.2154652507589,398.9592177004228,398.0156054902275,398.2125794217013,398.7039818700498,96.0,398.4582806458755,0.9614095311092822,1,1.5383767444688012,0.18360551209583617
136.5,0.0,398.45545180296375,0.961827293109047,96.0,393.6319712685424,400.0000000000006,520651.7233730845,148.27662691554508,1.5377431786355558,-5.274953650769021e-06,1.6186664387831373e-08,1.2258712563569438e-15,2.862293735361732e-17,1.6614153827923392,0.0208332255301013,-44.40047791098563,0.0,0.0,398.4253797876539,397.7452713410374,398.21221799571924,398.9566414897662,398.0126721434992,398.20965158920217,398.70125201672516,96.0,398.45545180296375,0.961827293109047,1,1.5383767444688012,0.1836473227285161
136.75,0.0,398.4526229600519,0.9622443234232985,96.0,393.6242637280964,400.0000000000006,520651.45180416503,148.5481958350805,1.5376976080407458,-5.290324367024368e-06,1.62338307976044e-08,1.4173059888831793e-15,4.163336342344337e-17,1.661386384575148,0.02083258105576041,-44.40047791098563,0.0,0.0,398.4222721695004,397.7429052242653,398.20897680147493,398.95407662655026,398.0097362401147,398.2067241106588,398.69852180944486,96.0,398.4526229600519,0.9622443234232985,1,1.5383767444688012,0.18368908062266906
137.0,0.0,398.4497941171401,0.9626606202641057,96.0,393.616568602367,400.0000000000006,520651.18023524544,148.81976475461175,1.5376520501765685,-5.3058123512528255e-06,1.6281357054581748e-08,1.4173059888831766e-15,4.163336342344337e-17,1.6613571840630017,0.020831936960151246,-44.40047791098563,0.0,0.0,398.4191608265748,397.74052330192944,398.20574207822074,398.95152324132636,398.0067971426691,398.2037969967234,398.69579123755676,96.0,398.4497941171401,0.9626606202641057,1,1.5383767444688012,0.18373078632585385
137.25,0.0,398.4469652742284,0.9630761818360188,96.0,393.6088862501683,400.0000000000007,520650.9086663259,149.09133367413853,1.537606505329022,-5.321240536204641e-06,1.6328699812160674e-08,1.4173059888831766e-15,4.163336342344337e-17,1.6613278694621223,0.0208312932129082,-44.40047791098563,0.0,0.0,398.4160456090334,397.7381258836963,398.2025142731702,398.948981458582,398.00385422232154,398.20087025774893,398.6930602907077,96.0,398.4469652742284,0.9630761818360188,1,1.5383767444688012,0.1837724359533531
137.5,0.0,398.44413643131656,0.9634910062698959,96.0,393.60121702634467,400.0000000000006,520650.6370974064,149.3629025936703,1.5375609739122407,-5.336670767519536e-06,1.6376048849186697e-08,1.3322676295501878e-15,4.163336342344337e-17,1.661298499508029,0.020830649853879182,-44.40047791098563,0.0,0.0,398.41292631013647,397.73571333885434,398.19929387713114,398.9464513966842,398.0009068540323,398.1979439040547,398.69032895857845,96.0,398.44413643131656,0.9634910062698959,1,1.5383767444688012,0.18381402960915807
137.75,0.0,398.44130758840475,0.9639050909149112,96.0,393.5935612858289,400.0000000000007,520650.3655284868,149.6344715132025,1.5375154563925129,-5.352157614879616e-06,1.6423571617582327e-08,1.3322676295501878e-15,4.163336342344337e-17,1.6612691122755956,0.02083000695265032,-44.40047791098563,0.0,0.0,398.4098026828649,397.73328608663905,398.1960814272047,398.94393316797175,397.9979544357507,398.1950179460539,398.68759723075556,96.0,398.44130758840475,0.9639050909149112,1,1.5383767444688012,0.18385556816303641
138.0,0.0,398.4384787454929,0.9643184324417745,96.0,393.58591938367147,400.0000000000007,520650.0939595673,149.90604043274183,1.5374699532447382,-5.367528899569152e-06,1.6470739771646213e-08,1.240142740272782e-15,3.642919299551295e-17,1.6612397324272974,0.020829364582095337,-44.40047791098563,0.0,0.0,398.4066744570339,397.7308445873788,398.19287750561364,398.9414268789195,397.9949963792074,398.1920923943585,398.68486509662733,96.0,398.4384787454929,0.9643184324417745,1,1.5383767444688012,0.1838970524920164
138.25,0.0,398.43564990258096,0.9647310268532828,96.0,393.5782916750499,400.0000000000007,520649.8223906477,150.17760935228927,1.5374244649291078,-5.383015519555556e-06,1.6518261842325502e-08,1.4802973661668755e-15,2.7755575615628914e-17,1.6612103761583763,0.02082872280589895,-44.40047791098563,0.0,0.0,398.403541356059,397.7283893337698,398.1896827350292,398.93893263013194,397.9920321113752,398.18916725986145,398.68213254530036,96.0,398.43564990258096,0.9647310268532828,1,1.5383767444688012,0.18393848347147315
138.5,0.0,398.43282105966887,0.965142869526211,96.0,393.5706785152007,400.0000000000006,520649.5508217282,150.44917827184676,1.5373789918800485,-5.39844330660344e-06,1.6565603378900826e-08,1.417305988883182e-15,4.163336342344337e-17,1.6611810543380598,0.020828122330673406,-44.40047791098563,0.0,0.0,398.4004031129508,397.72592084258383,398.18649777070146,398.93645051634354,397.9890610756714,398.1862425537961,398.67939956554164,96.0,398.43282105966887,0.965142869526211,1,1.5383767444688012,0.18397986197385588
138.75,0.0,398.4299922167566,0.9655539446421315,96.0,393.56308025933714,400.0000000000006,520649.27925280866,150.72074719141855,1.5373335345024157,-5.413872003146025e-06,1.6612947706341527e-08,1.4173059888831793e-15,4.163336342344337e-17,1.6611517744495714,0.020827683973711396,-44.40047791098563,0.0,0.0,398.39725948515223,397.72343964693874,398.1833232898247,398.93398051138365,397.98608273305814,398.1833182877758,398.67666614573744,96.0,398.4299922167566,0.9655539446421315,1,1.5383767444688012,0.1840211888147901
139.0,0.0,398.4271633738442,0.965964156275434,96.0,393.5554972276587,400.0000000000006,520649.007683889,150.9923161110038,1.537288093171754,-5.42941648973283e-06,1.6660647345830314e-08,1.4173059888831793e-15,4.163336342344337e-17,1.6611225417805273,0.020827245735455767,-44.40047791098563,0.0,0.0,398.3941102679015,397.72094628913345,398.18015997866354,398.9315217046909,397.9830965629092,398.18039447381017,398.67393227387834,96.0,398.4271633738442,0.965964156275434,1,1.5383767444688012,0.18406246475682705
139.25,0.0,398.42433453093173,0.9663731363559307,96.0,393.54792944264636,400.00000000000057,520648.7361149695,151.26388503060787,1.5372426682366833,-5.444846209456955e-06,1.6707994812994562e-08,1.4173059888831793e-15,4.163336342344337e-17,1.661093360158397,0.020826807628032778,-44.40047791098563,0.0,0.0,398.390923666561,397.7184413140057,398.17700851803227,398.92907421121026,397.9801020636881,398.1774717345051,398.67119732735836,96.0,398.42433453093173,0.9663731363559307,1,1.5383767444688012,0.1841036906138324
139.5,0.0,398.42150568801907,0.9667806196595857,96.0,393.54037694303327,400.0000000000006,520648.4645460498,151.53545395022715,1.5371972600222907,-5.460390980260854e-06,1.6755695324628782e-08,1.4173059888831793e-15,4.163336342344337e-17,1.6610642324124079,0.020826369662809256,-44.40047791098563,0.0,0.0,398.3876765202519,397.71592525752664,398.1738695677483,398.9266381147281,397.9770987532664,398.1745505555041,398.6684608205339,96.0,398.42150568801907,0.9667806196595857,1,1.5383767444688012,0.18414486724021462
139.75,0.0,398.41867684510606,0.967186173623721,96.0,393.5328397833429,400.0000000000007,520648.1929771302,151.8070228698649,1.5371518688434624,-5.475935466847659e-06,1.6803394964117572e-08,1.4173059888831766e-15,4.163336342344337e-17,1.6610351607056222,0.020825931850222197,-44.40047791098563,0.0,0.0,398.3844283098021,397.7133986856411,398.1707437507161,398.92421349286155,397.9740861684058,398.1716298803558,398.6657238098564,96.0,398.41867684510606,0.967186173623721,1,1.5383767444688012,0.18418599548592587
140.0,0.0,398.41584800219306,0.9675887616678007,96.0,393.52531803336876,400.0000000000007,520647.92140821053,152.07859178952262,1.5371064950104396,-5.491478248131898e-06,1.6851089370733783e-08,1.7578531223231646e-15,3.469446951953614e-17,1.6610061467383594,0.020825494199766773,-44.40047791098563,0.0,0.0,398.38118310996566,397.710862074724,398.16763163727524,398.92180041778795,397.97106386408643,398.16870967038676,398.6629863339993,96.0,398.41584800219306,0.9675887616678007,1,1.5383767444688012,0.18422707619651366
140.25,0.0,398.4130191592797,0.9679901873353697,96.0,393.5178117775532,400.0000000000006,520647.6498392909,152.350160709199,1.5370611388192335,-5.507022734718703e-06,1.6898789010222573e-08,1.5728159515523052e-15,4.163336342344337e-17,1.6609771918339296,0.020825056720010754,-44.40047791098563,0.0,0.0,398.37794334318704,397.7083157982022,398.16453373119225,398.9193989686501,397.9680307168888,398.1657899123336,398.6602484062259,96.0,398.4130191592797,0.9679901873353697,1,1.5383767444688012,0.18426811021322365
140.5,0.0,398.41019031636625,0.9683907448665534,96.0,393.51032111426014,400.0000000000006,520647.3782703711,152.62172962889235,1.5370158005563173,-5.522683579783916e-06,1.694684570605031e-08,1.7578531223231646e-15,4.163336342344337e-17,1.6609482970555804,0.02082461941854812,-44.40047791098563,0.0,0.0,398.3747102153034,397.70576017814784,398.16145046043096,398.9170092162047,397.9649862803371,398.16287060920877,398.6575100235236,96.0,398.41019031636625,0.9683907448665534,1,1.5383767444688012,0.1843090983604342
140.75,0.0,398.40736147345257,0.9687923999265549,96.0,393.50284615454575,400.0000000000007,520647.10670145147,152.89329854860154,1.5369704806787745,-5.538230055890381e-06,1.6994551450557107e-08,1.942890293094024e-15,4.163336342344337e-17,1.6609194643781378,0.020824182301992206,-44.40047791098563,0.0,0.0,398.3714845240971,397.7031955448524,398.15838209229264,398.9146312080891,397.96193024329574,398.1599515360031,398.654771410902,96.0,398.40736147345257,0.9687923999265549,1,1.5383767444688012,0.18435004138638048
141.0,0.0,398.40453263053877,0.9691972748324797,96.0,393.49538702237413,400.0000000000006,520646.83513253176,153.1648674683295,1.536925179405612,-5.553832238547329e-06,1.704242813556814e-08,1.4802973661668755e-15,3.8163916471489756e-17,1.6608906937734953,0.02082374537516126,-44.40047791098563,0.0,0.0,398.3682668273952,397.7006223915612,398.15532876916643,398.9122650075823,397.9588623190259,398.1570327288405,398.652032532237,96.0,398.40453263053877,0.9691972748324797,1,1.5383767444688012,0.18439094013123938
141.25,0.0,398.4017037876247,0.9696032642224323,96.0,393.4879438531041,400.0000000000006,520646.56356361194,153.43643638808194,1.5368798969541257,-5.569550040718241e-06,1.7090659609340005e-08,1.4340380734741607e-15,4.163336342344337e-17,1.6608619853034823,0.020823308643104922,-44.40047791098563,0.0,0.0,398.365057494182,397.6980364705799,398.15229056158364,398.9099106781651,397.9557822395407,398.1541143779632,398.64929319728617,96.0,398.4017037876247,0.9696032642224323,1,1.5383767444688012,0.18443179514097863
141.5,0.0,398.3988749447103,0.9700083554691997,96.0,393.4805167915987,400.0000000000007,520646.2919946922,153.70800530786187,1.5368346335406697,-5.585210885783454e-06,1.7138716305167744e-08,1.3322676295501878e-15,4.163336342344337e-17,1.6608333390695444,0.020822872110284555,-44.40047791098563,0.0,0.0,398.36185665976853,397.69543473244,398.1492674335449,398.9075682679769,397.95268981059183,398.15119649934496,398.6465533900758,96.0,398.3988749447103,0.9700083554691997,1,1.5383767444688012,0.1844726071673937
141.75,0.0,398.3960461017957,0.9704125883677163,96.0,393.47310599089724,400.0000000000007,520646.0204257724,153.9795742276636,1.5367893893813231,-5.600872526656531e-06,1.7186775443002686e-08,1.4173059888831793e-15,4.163336342344337e-17,1.6608047551850122,0.020822435780599047,-44.40047791098563,0.0,0.0,398.35866421037275,397.6928182286784,398.146259242787,398.90523781759424,397.9495848734476,398.1482790944694,398.643813109122,96.0,398.3960461017957,0.9704125883677163,1,1.5383767444688012,0.18451337702597992
142.0,0.0,398.3932172588809,0.970817540789605,96.0,393.4657116113314,400.0000000000007,520645.74885685253,154.25114314748697,1.5367441646923734,-5.616648252271261e-06,1.7235184660013142e-08,1.3322676295501884e-15,4.163336342344337e-17,1.6607762337589782,0.020821999657450668,-44.40047791098563,0.0,0.0,398.3554798328093,397.6901881301556,398.1432657440805,398.90291936160327,397.9464672583661,398.145362165161,398.6410723526007,96.0,398.3932172588809,0.970817540789605,1,1.5383767444688012,0.1845541055303784
142.25,0.0,398.39038841596584,0.9712223141435273,96.0,393.4583338195067,400.0000000000007,520645.4772879327,154.52271206733008,1.536698959690568,-5.632367418684225e-06,1.728342032008307e-08,1.3322676295501882e-15,4.163336342344337e-17,1.6607477748871713,0.020821563743823653,-44.40047791098563,0.0,0.0,398.3523030353432,397.6875456373648,398.1402865944291,398.9006129288779,397.9433367967216,398.1424457137009,398.6383311182307,96.0,398.39038841596584,0.9712223141435273,1,1.5383767444688012,0.18459479284793537
142.5,0.0,398.3875595730506,0.9716260681920745,96.0,393.4509727872887,400.00000000000074,520645.2057190129,154.79428098718847,1.5366537745931659,-5.648086926157703e-06,1.7331657026727512e-08,1.4173059888831793e-15,4.163336342344337e-17,1.6607193786472232,0.02082112804235939,-44.40047791098563,0.0,0.0,398.34913316180905,397.68489197275983,398.137321360715,398.89831854284677,397.94019332070263,398.1395297430325,398.63558940306876,96.0,398.3875595730506,0.9716260681920745,1,1.5383767444688012,0.18463543912963956
142.75,0.0,398.3847307301353,0.9720306406575845,96.0,393.44362869074183,400.00000000000074,520644.934150093,155.0658499070567,1.5366086096179403,-5.6638650391960255e-06,1.7380073569759575e-08,1.4802973661668755e-15,4.163336342344337e-17,1.6606910450970056,0.02082069255542157,-44.40047791098563,0.0,0.0,398.34596941024466,397.68222834927883,398.1343695295693,398.8960362215319,397.93703666249434,398.1366142581699,398.6328472021007,96.0,398.3847307301353,0.9720306406575845,1,1.5383767444688012,0.1846760452314721
143.0,0.0,398.38190188722,0.9724340579056361,96.0,393.43630170960597,400.00000000000074,520644.6625811731,155.3374188269332,1.536563464983009,-5.679642299583065e-06,1.742848749635535e-08,1.4802973661668755e-15,4.163336342344337e-17,1.660662774274519,0.02082025728515034,-44.40047791098563,0.0,0.0,398.34281087155244,397.6795559647881,398.13143051837466,398.8937659778589,397.93386665403557,398.133699275826,398.6301044986139,96.0,398.38190188722,0.9724340579056361,1,1.5383767444688012,0.18471661199700473
143.25,0.0,398.3790730443045,0.9728355109527286,96.0,393.42899202654723,400.0000000000008,520644.3910122533,155.60898774681277,1.5365183409065988,-5.695361124935516e-06,1.7476722109850762e-08,1.4802973661668755e-15,4.163336342344337e-17,1.6606345661989934,0.020819822233505276,-44.40047791098563,0.0,0.0,398.3396565476219,397.67687599236314,398.128503689461,398.8915078187842,397.9306831274178,398.1307848028594,398.62736128574966,96.0,398.3790730443045,0.9728355109527286,1,1.5383767444688012,0.18475714026793513
143.5,0.0,398.37624420138906,0.9732348937505807,96.0,393.42169982651,400.0000000000008,520644.11944333336,155.88055666669538,1.5364732376067824,-5.71119659298347e-06,1.7525314651830552e-08,1.2027416100105863e-15,2.862293735361732e-17,1.6606064208725064,0.020819387402299425,-44.40047791098563,0.0,0.0,398.33650537404804,397.67418958249107,398.12558836470964,398.88926174809444,397.9274859153403,398.1278708472637,398.6246175555145,96.0,398.37624420138906,0.9732348937505807,1,1.5383767444688012,0.18479763088452347
143.75,0.0,398.37341535847366,0.9736322371144234,96.0,393.4144252960263,400.00000000000074,520643.8478744135,156.15212558657277,1.5364281553012067,-5.726972716502132e-06,1.757372508984461e-08,1.4173059888831793e-15,4.163336342344337e-17,1.6605783382818138,0.020818952793226233,-44.40047791098563,0.0,0.0,398.3333562425685,397.67149785263877,398.12268384065396,398.88702776725154,397.92427485139797,398.12495741922004,398.6218732977273,96.0,398.37341535847366,0.9736322371144234,1,1.5383767444688012,0.18483808468606608
144.0,0.0,398.3705865155583,0.9740276524207114,96.0,393.40716862264844,400.0000000000006,520643.5763054936,156.42369450644506,1.536383094206826,-5.742751739035157e-06,1.7622144423742046e-08,1.4173059888831793e-15,4.163336342344337e-17,1.6605503184001782,0.020818518407880616,-44.40047791098563,0.0,0.0,398.3302080210353,397.66880187380553,398.1197894244947,398.8848058777506,397.92104977068567,398.12204455689357,398.6191284742231,96.0,398.3705865155583,0.9740276524207114,1,1.5383767444688012,0.18487850251141358
144.25,0.0,398.3677576726431,0.974422036564153,96.0,393.3999299943371,400.0000000000006,520643.3047365737,156.6952634263096,1.5363380545399057,-5.758527748866982e-06,1.767055451289793e-08,1.417305988883182e-15,4.163336342344337e-17,1.660522361190151,0.020818084247775637,-44.40047791098563,0.0,0.0,398.32705958508495,397.66610267799257,398.1169045864707,398.88259608017097,397.917810510193,398.11913227052486,398.6163830747614,96.0,398.3677576726431,0.974422036564153,1,1.5383767444688012,0.18491888519954217
144.5,0.0,398.36492882972794,0.9748140587621434,96.0,393.39270959885596,400.0000000000006,520643.0331676539,156.96683234615966,1.5362930365162757,-5.774246119472082e-06,1.7718787730960654e-08,1.6653345369377348e-15,4.163336342344337e-17,1.6604944666069643,0.020817650314358206,-44.40047791098563,0.0,0.0,398.3239100326105,397.66340124428547,398.1140287324512,398.880398370349,397.9145569094935,398.1162205716916,398.61363708776435,96.0,398.36492882972794,0.9748140587621434,1,1.5383767444688012,0.18495923359018698
144.75,0.0,398.362099986813,0.975203615741679,96.0,393.38550762309063,400.0000000000006,520642.76159873407,157.23840126599544,1.536248040365851,-5.789965513258721e-06,1.7767024088746928e-08,1.4173059888831766e-15,4.163336342344337e-17,1.6604666346530093,0.020817216609024018,-44.40047791098563,0.0,0.0,398.3207568807375,397.6606984903679,398.1111613146687,398.87821274103277,397.9112888115896,398.1133095037964,398.61089046982966,96.0,398.362099986813,0.975203615741679,1,1.5383767444688012,0.18499954852454914
145.0,0.0,398.35927114389824,0.9755909021561698,96.0,393.37832425270415,400.0000000000007,520642.4900298143,157.50997018581506,1.5362030663324888,-5.805626358323934e-06,1.7815080784574667e-08,1.4173059888831766e-15,4.163336342344337e-17,1.6604388653803237,0.020816783133232507,-44.40047791098563,0.0,0.0,398.3175993445373,397.6579952675687,398.10830184109284,398.8760391860495,397.90800606389337,398.1103990818169,398.6081432059795,96.0,398.35927114389824,0.9755909021561698,1,1.5383767444688012,0.18503983084608736
145.25,0.0,398.35644230098364,0.9759748045348523,96.0,393.37115967167773,400.0000000000006,520642.2184608944,157.78153910561633,1.5361581146545769,-5.8214050966398645e-06,1.7863499246326673e-08,1.4173059888831793e-15,4.163336342344337e-17,1.6604111588173618,0.020816349888535653,-44.40047791098563,0.0,0.0,398.31443675341853,397.6552923534593,398.1054498802936,398.87387769595074,397.9046885523828,398.1074893213124,398.6053952806548,96.0,398.35644230098364,0.9759748045348523,1,1.5383767444688012,0.1850800814014079
145.5,0.0,398.3536134580692,0.9763564476491158,96.0,393.3640140618444,400.0000000000006,520641.94689197466,158.05310802539637,1.5361131855654646,-5.837066282765591e-06,1.791155698872893e-08,1.3730151767305773e-15,4.163336342344337e-17,1.6603835149654163,0.02081591687647165,-44.40047791098563,0.0,0.0,398.3112685209942,397.6525904338336,398.10260506317314,398.8717282572766,397.9013561158065,398.10458023882774,398.60264667731076,96.0,398.3536134580692,0.9763564476491158,1,1.5383767444688012,0.1851203010412664
145.75,0.0,398.3507846151551,0.976736025793179,96.0,393.35688760258694,400.0000000000006,520641.6753230549,158.32467694515205,1.5360682792901843,-5.852728548916275e-06,1.7959618045283815e-08,1.4173059888831793e-15,4.163336342344337e-17,1.6603559338212257,0.020815484098623452,-44.40047791098563,0.0,0.0,398.3080941509778,397.64989010970277,398.0997670825866,398.8695908558017,397.898011614669,398.1016718518459,398.5998973784643,96.0,398.3507846151551,0.976736025793179,1,1.5383767444688012,0.18516049062169793
146.0,0.0,398.3479557722412,0.9771135462887812,96.0,393.3497804704356,400.0000000000006,520641.4037541351,158.59624586488576,1.5360233960473504,-5.868389735042001e-06,1.800767578768607e-08,1.4173059888831766e-15,4.163336342344337e-17,1.6603284153669386,0.020815051556414783,-44.40047791098563,0.0,0.0,398.3049132375536,397.6471918999983,398.0969356905394,398.86746547532226,397.89465474852045,398.0987641786062,398.59714736587625,96.0,398.3479557722412,0.9771135462887812,1,1.5383767444688012,0.1852006510052923
146.25,0.0,398.3451269293276,0.9774890616715318,96.0,393.342692838714,400.0000000000006,520641.1321852155,158.8678147845958,1.5359785360484466,-5.8839345058459e-06,1.805537629932029e-08,1.3322676295501878e-15,4.163336342344337e-17,1.6603009595580096,0.020814619251280354,-44.40047791098563,0.0,0.0,398.30172546171747,397.6444962395728,398.0941106934181,398.8653520976175,397.8912859156039,398.09585723798835,398.5943966206668,96.0,398.3451269293276,0.9774890616715318,1,1.5383767444688012,0.18524078306263356
146.5,0.0,398.34229808641425,0.9778626177899735,96.0,393.33562487720536,400.0000000000006,520640.86061629583,159.1393837042792,1.5359336994987822,-5.899480186144501e-06,1.8103079601819886e-08,1.3646491344350884e-15,4.163336342344337e-17,1.6602735663275854,0.0208141871845838,-44.40047791098563,0.0,0.0,398.29853058559695,397.6418034792397,398.09129194563496,398.863250702491,397.8879052865323,398.0929510494114,398.59164512341704,96.0,398.34229808641425,0.9778626177899735,1,1.5383767444688012,0.18528088767392611
146.75,0.0,398.3394692435011,0.9782342496770654,96.0,393.32857675183334,400.0000000000006,520640.5890473762,159.41095262393475,1.5358888865982965,-5.915023933766861e-06,1.8150776973730557e-08,1.457167719820518e-15,4.163336342344337e-17,1.660246235590601,0.020813755357621106,-44.40047791098563,0.0,0.0,398.2953284453934,397.639113886859,398.0884793420752,398.86116126780735,397.88451281891673,398.090045632732,398.5888928542702,96.0,398.3394692435011,0.9782342496770654,1,1.5383767444688012,0.18532096573082957
147.0,0.0,398.3366404005883,0.9786039925673163,96.0,393.3215486243445,400.0000000000006,520640.31747845653,159.68252154356412,1.5358440975423422,-5.930566942424775e-06,1.8198472078063112e-08,1.4173059888831793e-15,4.163336342344337e-17,1.6602189672474432,0.0208133237716267,-44.40047791098563,0.0,0.0,398.2921189431686,397.63642764899305,398.0856728097606,398.8590837695257,397.88110846665785,398.08714100814876,398.586139793028,96.0,398.3366404005883,0.9786039925673163,1,1.5383767444688012,0.18536101811670314
147.25,0.0,398.3338115576758,0.9789718802419701,96.0,393.3145406520255,400.0000000000006,520640.0459095369,159.95409046316556,1.5357993325223458,-5.946110690047135e-06,1.8246169449973784e-08,1.4173059888831766e-15,4.163336342344337e-17,1.6601917611869883,0.020812892427781293,-44.40047791098563,0.0,0.0,398.28890203779866,397.6337448732788,398.0828722991512,398.85701818172515,397.87769218568656,398.084237196115,398.5833859192367,96.0,398.3338115576758,0.9789718802419701,1,1.5383767444688012,0.18540104573593866
147.5,0.0,398.33098271476365,0.9793379513064899,96.0,393.3075529874356,400.0000000000006,520639.7743406173,160.2256593827384,1.5357545917263926,-5.961595377357298e-06,1.829368559006415e-08,1.4173059888831766e-15,4.163336342344337e-17,1.660164617289379,0.020812461327219645,-44.40047791098563,0.0,0.0,398.2856777354118,397.631065591489,398.08007777547704,398.8549644766481,397.874263934374,398.0813342172532,398.58063121227406,96.0,398.33098271476365,0.9793379513064899,1,1.5383767444688012,0.18544104952695886
147.75,0.0,398.3281538718517,0.979702245765809,96.0,393.3005857781516,400.0000000000006,520639.5027716978,160.49722830227984,1.5357098753396992,-5.9769661504560645e-06,1.834085217426626e-08,1.417305988883182e-15,4.163336342344337e-17,1.6601375354282528,0.020812030471038443,-44.40047791098563,0.0,0.0,398.2824460796712,397.628389763168,398.07728921060925,398.8529226246776,397.8708236737402,398.0784320922725,398.57787565143076,96.0,398.3281538718517,0.979702245765809,1,1.5383767444688012,0.18548103044973838
148.0,0.0,398.3253250289401,0.9800631511926701,96.0,393.29363916626284,400.0000000000006,520639.2312027783,160.7687972217956,1.5356651835448272,-5.992394278564461e-06,1.8388194757416102e-08,1.4802973661668755e-15,3.5561831257524545e-17,1.6601105154707938,0.020811599860303155,-44.40047791098563,0.0,0.0,398.27920714185814,397.6257172797476,398.0745065751699,398.8508925940687,397.8673713674642,398.0755308419272,398.57511921595295,96.0,398.3253250289401,0.9800631511926701,1,1.5383767444688012,0.18552098961402774
148.25,0.0,398.32249618602873,0.9804216468738214,96.0,393.28671328669367,400.0000000000007,520638.95963385876,161.04036614128123,1.5356205165209853,-6.007821554021575e-06,1.8435534724129652e-08,1.5728159515523052e-15,4.163336342344337e-17,1.6600835572687636,0.020811169496048793,-44.40047791098563,0.0,0.0,398.27596101146696,397.62304795471647,398.07172985600346,398.8488722470048,397.8639069819969,398.07263049133616,398.5723618807213,96.0,398.32249618602873,0.9804216468738214,1,1.5383767444688012,0.1855609224034878
148.5,0.0,398.31966734311777,0.9807787096329073,96.0,393.27980826757596,400.0000000000007,520638.68806493934,161.3119350607388,1.5355758744470103,-6.023132186783187e-06,1.8482516762358824e-08,1.4802973661668755e-15,4.163336342344337e-17,1.6600566606886198,0.020810739379252197,-44.40047791098563,0.0,0.0,398.2727078093556,397.6203815449575,398.0689589824025,398.8468557578624,397.86044082826584,398.0697310616294,398.56960362460615,96.0,398.31966734311777,0.9807787096329073,1,1.5383767444688012,0.18560082708608638
148.75,0.0,398.31683850020704,0.9811341249732124,96.0,393.27292423017883,400.0000000000007,520638.41649601987,161.5835039801684,1.5355312575027367,-6.0385018798569945e-06,1.8529680032408303e-08,1.942890293094024e-15,4.163336342344337e-17,1.6600298255944443,0.020810309510934957,-44.40047791098563,0.0,0.0,398.2694476780172,397.61771784970244,398.06619384797057,398.8448346157929,397.8569746138444,398.0668325728827,398.5668444275313,96.0,398.31683850020704,0.9811341249732124,1,1.5383767444688012,0.18564070486288806
149.0,0.0,398.3140096572966,0.9814871457142742,96.0,393.26606144804623,400.0000000000007,520638.1449271005,161.8550728995706,1.5354866658718263,-6.053755498669489e-06,1.8576487118264262e-08,1.4173059888831793e-15,4.163336342344337e-17,1.6600030518561726,0.020809879892090013,-44.40047791098563,0.0,0.0,398.26618076128824,397.61505672097263,398.0634343330281,398.8428125557591,397.85348672033325,398.06393504482884,398.5640842697644,96.0,398.3140096572966,0.9814871457142742,1,1.5383767444688012,0.18568055697510374
149.25,0.0,398.31118081438643,0.9818381970680933,96.0,393.25922002754373,400.0000000000007,520637.8733581811,162.1266418189456,1.5354420993871896,-6.0690655629969115e-06,1.8623467412202576e-08,1.295260195396016e-15,3.2959746043559335e-17,1.6599763375096412,0.020809450523726094,-44.40047791098563,0.0,0.0,398.262907199598,397.61239793471344,398.0606803042724,398.84080003695766,397.8499763629238,398.0610384968368,398.56132313193604,96.0,398.31118081438643,0.9818381970680933,1,1.5383767444688012,0.18572038437664187
149.5,0.0,398.3083519714766,0.9821889362775789,96.0,393.25240006631503,400.0000000000007,520637.6017892618,162.39821073829307,1.535397558166938,-6.0842612015221675e-06,1.8670096580390862e-08,1.4173059888831793e-15,4.163336342344337e-17,1.6599496821902506,0.02080902140272172,-44.40047791098563,0.0,0.0,398.25962709980564,397.60974107485436,398.0579316146416,398.8388180606212,397.8464436113476,398.0581429478355,398.55856099511766,96.0,398.3083519714766,0.9821889362775789,1,1.5383767444688012,0.18576018839146355
149.75,0.0,398.305523128567,0.9825381231342128,96.0,393.24560165142896,400.0000000000007,520637.3302203425,162.66977965761035,1.5353530424567918,-6.099455873709303e-06,1.8716722783284687e-08,1.3322676295501884e-15,4.163336342344337e-17,1.6599230862025602,0.02080859252898993,-44.40047791098563,0.0,0.0,398.2563405282957,397.60708538353987,398.05518810416305,398.83684533902033,397.8428886149511,398.0552484163122,398.55579784082175,96.0,398.305523128567,0.9825381231342128,1,1.5383767444688012,0.1857999704517818
150.0,0.0,398.3026942856577,0.9828854275209896,96.0,393.23882486836953,400.0000000000007,520637.0586514232,162.94134857690304,1.5353085524893757,-6.114650602739857e-06,1.8763349160607597e-08,1.3322676295501878e-15,4.163336342344337e-17,1.6598965497619047,0.020808163904070316,-44.40047791098563,0.0,0.0,398.2530474957418,397.6044303824716,398.05244960189947,398.83488161727735,397.83931154993815,398.0523549206412,398.5530336506742,96.0,398.3026942856577,0.9828854275209896,1,1.5383767444688012,0.1858397320702656
150.25,0.0,398.2998654427486,0.983230892127188,96.0,393.23206979625695,400.0000000000007,520636.7870825039,163.21291749616876,1.5352640884898465,-6.129845218083574e-06,1.8809975189072335e-08,1.4173059888831793e-15,4.163336342344337e-17,1.659870073102879,0.020807735529565583,-44.40047791098563,0.0,0.0,398.24974797861273,397.6017755747647,398.0497159289087,398.83292688969567,397.83571261585746,398.0494624787052,398.5502684067921,96.0,398.2998654427486,0.983230892127188,1,1.5383767444688012,0.18587947481708955
150.5,0.0,398.29703659983994,0.9835745639011741,96.0,393.2253365077698,400.00000000000074,520636.5155135847,163.48448641540674,1.5352196506815696,-6.144923531792301e-06,1.885624433562721e-08,1.2721305490496586e-15,3.2959746043559335e-17,1.6598436565578534,0.02080730740771402,-44.40047791098563,0.0,0.0,398.24644192017377,397.59912044651844,398.0469869020053,398.8309811477971,397.8320920337447,398.0465711079302,398.54750209174966,96.0,398.29703659983994,0.9835745639011741,1,1.5383767444688012,0.18591920027562878
150.75,0.0,398.2942077569315,0.9839167037356766,96.0,393.2186250690898,400.0000000000007,520636.2439446654,163.75605533462087,1.5351752392505928,-6.160118147136018e-06,1.890287036409195e-08,1.4173059888831793e-15,4.163336342344337e-17,1.6598173000289997,0.020806879541899453,-44.40047791098563,0.0,0.0,398.24312922694946,397.59646447263884,398.04426233810483,398.8290443811299,397.82844998658925,398.043680942641,398.544734571222,96.0,398.2942077569315,0.9839167037356766,1,1.5383767444688012,0.1859589101542376
151.0,0.0,398.2913789140234,0.9842574066982843,96.0,393.2119355586404,400.0000000000006,520635.97237574623,164.0276242538039,1.5351308543811208,-6.175195608193462e-06,1.8949136894210535e-08,1.4802973661668755e-15,3.144186300207963e-17,1.6597910034544245,0.020806451932926802,-44.40047791098563,0.0,0.0,398.23980980648963,397.5938070725864,398.04154205731936,398.82711726257617,397.8247868380149,398.04079203797284,398.54196579007385,96.0,398.2913789140234,0.9842574066982843,1,1.5383767444688012,0.18599860626694806
151.25,0.0,398.2885500711156,0.9845960650417425,96.0,393.205268100032,400.0000000000006,520635.7008068271,164.2991931729556,1.5350864962534583,-6.1902156005544384e-06,1.899522707652322e-08,1.417305988883182e-15,4.163336342344337e-17,1.6597647667838742,0.02080602458167437,-44.40047791098563,0.0,0.0,398.2364833377824,397.59114771704174,398.03882586654106,398.82519976929655,397.8211028820096,398.03790430033587,398.53919584189515,96.0,398.2885500711156,0.9845960650417425,1,1.5383767444688012,0.1860382888770085
151.5,0.0,398.28572122820805,0.9849331648293396,96.0,393.1986228066815,400.0000000000006,520635.429237908,164.57076209207236,1.5350421650432624,-6.2052372982179804e-06,1.9041322491708484e-08,1.4173059888831766e-15,4.163336342344337e-17,1.6597385899664465,0.020805597489097775,-44.40047791098563,0.0,0.0,398.23314934495517,397.5884858793885,398.03611355507854,398.82329185323334,397.8173984278131,398.0350177449407,398.5364247114754,96.0,398.28572122820805,0.9849331648293396,1,1.5383767444688012,0.18607795955378656
151.75,0.0,398.28289238530095,0.9852687054301646,96.0,393.191999786233,400.0000000000006,520635.1576689889,164.84233101115643,1.534997860921472,-6.220199935569326e-06,1.9087236675073443e-08,1.4802973661668755e-15,4.163336342344337e-17,1.6597124729448776,0.02080517065620578,-44.40047791098563,0.0,0.0,398.2298077506986,397.5858210418467,398.03340491768813,398.82139345949446,397.81367380419215,398.0321323876281,398.53365238297374,96.0,398.28289238530095,0.9852687054301646,1,1.5383767444688012,0.1861176200592883
152.0,0.0,398.2800635423942,0.985602699806862,96.0,393.185399140384,400.0000000000007,520634.88610006985,165.11389993020518,1.5349535840545625,-6.235162004486483e-06,1.913314911414754e-08,1.295260195396016e-15,2.949029909160572e-17,1.6596864156533981,0.020804744084033353,-44.40047791098563,0.0,0.0,398.2264585056647,397.5831526979768,398.0306997635911,398.8195045241747,397.8099293585558,398.02924824361344,398.530878841175,96.0,398.2800635423942,0.985602699806862,1,1.5383767444688012,0.18615727271644433
152.25,0.0,398.27723469948774,0.9859353403129318,96.0,393.1788209647207,400.0000000000007,520634.6145311508,165.3854688492247,1.5349093346049365,-6.250123448126033e-06,1.9179059634501695e-08,1.4173059888831766e-15,4.163336342344337e-17,1.6596604180174732,0.02080431777362069,-44.40047791098563,0.0,0.0,398.22310157133757,397.58048035679604,398.02799792522666,398.81762497460363,397.80616545584377,398.02636532760545,398.5281040713701,96.0,398.27723469948774,0.9859353403129318,1,1.5383767444688012,0.18619691991615328
152.5,0.0,398.2744058565816,0.9862663169510849,96.0,393.172265348626,400.0000000000007,520634.34296223184,165.65703776821346,1.5348651127322521,-6.264969840685808e-06,1.9224617110385875e-08,1.4173059888831793e-15,4.163336342344337e-17,1.6596344799399891,0.02080389172599961,-44.40047791098563,0.0,0.0,398.2197369231827,397.577803546375,398.0252993332544,398.81575471489305,397.80238247733587,398.02348365370545,398.52532805945776,96.0,398.2744058565816,0.9862663169510849,1,1.5383767444688012,0.1862365640929202
152.75,0.0,398.2715770136759,0.986595712081164,96.0,393.16573237526194,400.0000000000007,520634.0713933129,165.92860668716733,1.5348209185916908,-6.279815437437719e-06,1.927017214426285e-08,1.4173059888831793e-15,4.163336342344337e-17,1.6596086013317033,0.02080346594217384,-44.40047791098563,0.0,0.0,398.2163645545224,397.5751228738035,398.0226039217587,398.81389497326785,397.79858081938687,398.02060323564757,398.5225507917041,96.0,398.2715770136759,0.986595712081164,1,1.5383767444688012,0.18627620769042563
153.0,0.0,398.2687481707704,0.9869235035783611,96.0,393.15922212193567,400.0000000000006,520633.79982439394,166.20017560609233,1.534776752336733,-6.294662398431683e-06,1.931573136443789e-08,1.4173059888831766e-15,4.163336342344337e-17,1.659582782130527,0.020803040423139334,-44.40047791098563,0.0,0.0,398.21298448038084,397.5724383776533,398.01991165895964,398.81204648426825,397.7947608920406,398.0177240871132,398.5197722544276,96.0,398.2687481707704,0.9869235035783611,1,1.5383767444688012,0.18631585311656004
153.25,0.0,398.2659193278652,0.9872497498946115,96.0,393.1527346575275,400.0000000000006,520633.52825547504,166.47174452498524,1.5347326141175224,-6.3094494464621675e-06,1.9361106736356335e-08,1.4173059888831793e-15,4.163336342344337e-17,1.6595570222366796,0.020802615169939722,-44.40047791098563,0.0,0.0,398.2095967405299,397.5697496254092,398.0172225574744,398.8102092878782,397.7909231178559,398.0148462215189,398.51699243421166,96.0,398.2659193278652,0.9872497498946115,1,1.5383767444688012,0.18635550268872167
153.5,0.0,398.2630904849604,0.987574507145002,96.0,393.1462700423642,400.00000000000074,520633.2566865562,166.7433134438479,1.534688504050715,-6.324179423700116e-06,1.940630698147248e-08,1.4173059888831793e-15,4.163336342344337e-17,1.6595313214226082,0.020802190183538974,-44.40047791098563,0.0,0.0,398.2062014017659,397.5670562055545,398.0145366770398,398.80838341565317,397.7870679305546,398.01196965186847,398.51421131805245,96.0,398.2630904849604,0.987574507145002,1,1.5383767444688012,0.1863951585718724
153.75,0.0,398.26026164205587,0.9878978420550936,96.0,393.13982832912654,400.00000000000074,520632.9851176374,167.01488236268315,1.5346444222670408,-6.338908661973619e-06,1.945150495901051e-08,1.4173059888831793e-15,4.163336342344337e-17,1.6595056795203798,0.02080176546461558,-44.40047791098563,0.0,0.0,398.2027999325947,397.5643577277269,398.011854124672,398.806568886988,397.78319577350203,398.0090943622418,398.51142892187,96.0,398.26026164205587,0.9878978420550936,1,1.5383767444688012,0.18643482271374415
154.0,0.0,398.2574327991517,0.988220547033921,96.0,393.13340956317813,400.0000000000006,520632.71354871854,167.28645128148526,1.5346003689181327,-6.3536385823681485e-06,1.949670502969757e-08,1.457167719820518e-15,4.163336342344337e-17,1.6594800964476646,0.02080134101393142,-44.40047791098563,0.0,0.0,398.1994740023716,397.5616538263901,398.0091750530793,398.80476570919825,397.7793070983272,398.0062186620192,398.50864693628415,96.0,398.2574327991517,0.988220547033921,1,1.5383767444688012,0.1864744966151859
154.25,0.0,398.25460395624776,0.9885441518182857,96.0,393.12701378315893,400.0000000000007,520632.4419797998,167.55802020025854,1.5345563441658796,-6.368250950572474e-06,1.9541544381034874e-08,1.4173059888831766e-15,4.163336342344337e-17,1.659454573226104,0.020800916832420784,-44.40047791098563,0.0,0.0,398.19614031031165,397.5589441714886,398.0064996686744,398.80297387774397,397.7754023636688,398.0033441976375,398.5058637148581,96.0,398.25460395624776,0.9885441518182857,1,1.5383767444688012,0.18651418161361796
154.5,0.0,398.25177511334414,0.9888665863795246,96.0,393.1206410214875,400.0000000000007,520632.17041088105,167.82958911900323,1.5345123481609908,-6.382922833836346e-06,1.958656635962517e-08,1.4173059888831766e-15,4.163336342344337e-17,1.6594291098259006,0.020800492919558683,-44.40047791098563,0.0,0.0,398.19279412060854,397.5562284948907,398.00382817942767,398.8011964433376,397.7714820375248,398.0004710486498,398.50307917803866,96.0,398.25177511334414,0.9888665863795246,1,1.5383767444688012,0.18655387801259193
154.75,0.0,398.24894627044085,0.9891877491694363,96.0,393.11429130494884,400.0000000000007,520631.89884196233,168.10115803771743,1.5344683810505584,-6.3975369073432375e-06,1.9631410943835056e-08,1.4802973661668755e-15,4.163336342344337e-17,1.659403705851565,0.020800069276078685,-44.40047791098563,0.0,0.0,398.18943556582894,397.5535065545757,398.0011608843164,398.7994335069831,397.7675465935795,397.9975992008708,398.500293340011,96.0,398.24894627044085,0.9891877491694363,1,1.5383767444688012,0.18659358628231335
155.0,0.0,398.24611742753797,0.9895084207471692,96.0,393.1079646550014,400.00000000000074,520631.6272730436,168.37272695640164,1.534424442979549,-6.412149957668589e-06,1.9676252388321392e-08,1.4802973661668755e-15,4.336808689942018e-17,1.659378361031597,0.020799645903506254,-44.40047791098563,0.0,0.0,398.18606337614256,397.5507781352916,397.99849810910285,398.79768492880555,397.76359650876554,397.99472867347754,398.49750618159834,96.0,398.24611742753797,0.9895084207471692,1,1.5383767444688012,0.18663330675268594
155.25,0.0,398.2432885846353,0.989827905590588,96.0,393.1016610883348,400.0000000000007,520631.355704125,168.64429587505742,1.5343805340900099,-6.42664579686425e-06,1.972073416003249e-08,1.5728159515523052e-15,3.122502256758253e-17,1.6593530751328132,0.020799222803397785,-44.40047791098563,0.0,0.0,398.1826764951876,397.5480430484148,397.9958401900545,398.7959505577769,397.7596322618639,397.99185948676467,398.49471768250595,96.0,398.2432885846353,0.989827905590588,1,1.5383767444688012,0.18667303940734067
155.5,0.0,398.240459741733,0.9901462505993629,96.0,393.09538061732763,400.0000000000007,520631.0841352064,168.91586479368237,1.5343366545199377,-6.441143113988801e-06,1.9765220466899823e-08,1.4173059888831793e-15,4.163336342344337e-17,1.6593278479729832,0.02079879997748211,-44.40047791098563,0.0,0.0,398.179274092586,397.5453011311513,397.9931874655102,398.7942302327483,397.75565433221294,397.9889916618335,398.4919278216324,96.0,398.240459741733,0.9901462505993629,1,1.5383767444688012,0.1867127839355863
155.75,0.0,398.23763089883096,0.9904620508079296,96.0,393.0891232504737,400.0000000000006,520630.81256628776,169.1874337122757,1.5342928044040078,-6.455698354557171e-06,1.9809884517005743e-08,1.4173059888831766e-15,4.163336342344337e-17,1.6593026793938985,0.02079837742710774,-44.40047791098563,0.0,0.0,398.1758555704223,397.5425522454632,397.9905402676022,398.7925237828823,397.7516631984128,397.9861252203287,398.4891365773331,96.0,398.23763089883096,0.9904620508079296,1,1.5383767444688012,0.18675253979455972
156.0,0.0,398.23480205592915,0.9907759762192041,96.0,393.0828889927782,400.0000000000006,520630.5409973692,169.45900263084079,1.5342489838738145,-6.470137577707646e-06,1.985419255734723e-08,1.4109084271278032e-15,4.163336342344337e-17,1.659277569251597,0.020797955153422122,-44.40047791098563,0.0,0.0,398.172420563979,397.5397962766988,397.9878975400974,398.79083102807516,397.74765933704356,397.98326018388906,398.4863439279693,96.0,398.23480205592915,0.9907759762192041,1,1.5383767444688012,0.18679230627463617
156.25,0.0,398.2319732130277,0.9910889066065162,96.0,393.07667784616353,400.0000000000006,520630.2694284507,169.73057154937933,1.5342051930582423,-6.484576289267352e-06,1.9898499027826946e-08,1.4173059888831793e-15,4.163336342344337e-17,1.659252517408685,0.020797533157437535,-44.40047791098563,0.0,0.0,398.1689689374969,397.5370331319969,397.9852581384646,398.789151779404,397.743643221242,397.98039657352086,398.4835498525345,96.0,398.2319732130277,0.9910889066065162,1,1.5383767444688012,0.1868320824768659
156.5,0.0,398.2291443701265,0.9914007683189573,96.0,393.07048980978163,400.0000000000006,520629.9978595322,170.0021404678927,1.5341614320836885,-6.498956395262212e-06,1.994262566191904e-08,1.4173059888831766e-15,4.163336342344337e-17,1.659227523727025,0.02079711144005734,-44.40047791098563,0.0,0.0,398.1655007752512,397.53426273583045,397.9826214187835,398.7874858395527,397.7396153157152,397.97753440944444,398.48075433080857,96.0,398.2291443701265,0.9914007683189573,1,1.5383767444688012,0.1868718674820535
156.75,0.0,398.2263155272256,0.9917117987178101,96.0,393.0643248803024,400.0000000000006,520629.7262906137,170.273709386379,1.5341177009742264,-6.513336671787329e-06,1.998675281929839e-08,1.417305988883182e-15,4.163336342344337e-17,1.6592025876359366,0.02079669000209939,-44.40047791098563,0.0,0.0,398.16201636840367,397.53148501006353,397.9799868896062,398.7858330032335,397.73557602620946,397.97467371105114,398.4779573434001,96.0,398.2263155272256,0.9917117987178101,1,1.5383767444688012,0.18691166041826945
157.0,0.0,398.22348668432505,0.9920219894414856,96.0,393.0581830521858,400.0000000000006,520629.4547216952,170.54527830483687,1.534073999712534,-6.527716948312445e-06,2.0030879976677743e-08,1.3322676295501878e-15,4.163336342344337e-17,1.659177708399825,0.020796268842089707,-44.40047791098563,0.0,0.0,398.1585161981772,397.5286998998487,397.9773542154413,398.7841930576159,397.73152560788645,397.97181449677527,398.47515887187484,96.0,398.22348668432505,0.9920219894414856,1,1.5383767444688012,0.18695146044399302
157.25,0.0,398.2206578414247,0.9923313974035947,96.0,393.05206431789804,400.0000000000007,520629.1831527768,170.81684722326787,1.5340303284527728,-6.542038505585879e-06,2.0074826948811305e-08,1.1102230246251565e-15,2.949029909160572e-17,1.659152886070555,0.020795847957447416,-44.40047791098563,0.0,0.0,398.15500091601194,397.5259073690828,397.9747232256935,398.7825664503739,397.7274645977512,397.9689567840583,398.4723588987911,96.0,398.2206578414247,0.9923313974035947,1,1.5383767444688012,0.18699126677248334
157.5,0.0,398.2178289985247,0.9926401986350166,96.0,393.04596865603236,400.0000000000007,520628.91158385837,171.08841614166863,1.5339866873413306,-6.556360460763244e-06,2.0118775141948465e-08,1.4173059888831793e-15,4.163336342344337e-17,1.6591281206601032,0.020795427349398612,-44.40047791098563,0.0,0.0,398.1514713210556,397.5231073887512,397.9720939177993,398.7809558819999,397.72339346011654,397.9661005892644,398.469557407785,96.0,398.2178289985247,0.9926401986350166,1,1.5383767444688012,0.18703107868460891
157.75,0.0,398.215000155625,0.9929483149151641,96.0,393.03989594938383,400.0000000000006,520628.64001494,171.35998506004142,1.533943076519772,-6.570623412471832e-06,2.0162542277694408e-08,1.3322676295501878e-15,4.163336342344337e-17,1.659103412153145,0.02079500701925647,-44.40047791098563,0.0,0.0,398.14792833607214,397.52029991003474,397.969466454387,398.7793579918932,397.71931264390196,397.963245927641,398.466754383609,96.0,398.215000155625,0.9929483149151641,1,1.5383767444688012,0.18707089553694548
158.0,0.0,398.21217131272556,0.9932557397522889,96.0,393.0338461581428,400.0000000000006,520628.3684460217,171.63155397838284,1.533899496126072,-6.584828895483952e-06,2.020613306563445e-08,1.3877787807814457e-15,4.163336342344337e-17,1.6590787605199702,0.020794586968318145,-44.40047791098563,0.0,0.0,398.14437298255973,397.5174848741758,397.96684115486426,398.7777716255589,397.71522258614283,397.9603928131067,398.4639498123444,96.0,398.21217131272556,0.9932557397522889,1,1.5383767444688012,0.18711071676325478
158.25,0.0,398.2093424698265,0.9935624929149254,96.0,393.0278192735744,400.0000000000007,520628.0968771033,171.90312289669578,1.5338559462953423,-6.599091619818864e-06,2.0249899503664048e-08,1.5728159515523052e-15,4.163336342344337e-17,1.6590541657235973,0.020794167197838834,-44.40047791098563,0.0,0.0,398.1408063544134,397.51466237299246,397.9642184808209,398.776196654953,397.7111237055833,397.9575412587753,398.46114368087774,96.0,398.2093424698265,0.9935624929149254,1,1.5383767444688012,0.1871505413936924
158.5,0.0,398.20651362692774,0.9938685546652954,96.0,393.02181529929913,400.0000000000006,520627.82530818507,172.1746918149752,1.5338124271592175,-6.613238383579301e-06,2.02933101063583e-08,1.7578531223231646e-15,4.163336342344337e-17,1.6590296277161802,0.02079374770902608,-44.40047791098563,0.0,0.0,398.1372262197887,397.5118324762478,397.9615990200147,398.7746328998003,397.70701640614783,397.95469134865056,398.45833590520505,96.0,398.20651362692774,0.9938685546652954,1,1.5383767444688012,0.18719036892878851
158.75,0.0,398.20368478402935,0.9941739658364616,96.0,393.0158342413839,400.0000000000006,520627.5537392668,172.4462607332207,1.5337689388459816,-6.627385374713413e-06,2.0336721406768894e-08,1.7578531223231646e-15,4.163336342344337e-17,1.6590051464408637,0.020793328503025888,-44.40047791098563,0.0,0.0,398.1336332426896,397.5089950100719,397.9589834655748,398.7730798594248,397.70290107503445,397.9518431088614,398.4555264591973,96.0,398.20368478402935,0.9941739658364616,1,1.5383767444688012,0.18723019895844906
159.0,0.0,398.20085594113135,0.9944787801655328,96.0,393.00987607206775,400.0000000000006,520627.28217034857,172.71782965143473,1.5337254814806816,-6.641532536377781e-06,2.0380133230466747e-08,1.417305988883182e-15,4.163336342344337e-17,1.6589807218331598,0.020792909580925723,-44.40047791098563,0.0,0.0,398.1300287871807,397.5061500389219,397.9563725920483,398.77153727539434,397.69877807172685,397.94899655168757,398.452715330575,96.0,398.20085594113135,0.9944787801655328,1,1.5383767444688012,0.18727003114770904
159.25,0.0,398.1980270982337,0.994785157520534,96.0,393.0039407619643,400.0000000000006,520627.01060143043,172.9893985696113,1.533682055185252,-6.655562316382202e-06,2.0423184858102102e-08,1.4173059888831793e-15,4.163336342344337e-17,1.6589563538220007,0.020792490943759394,-44.40047791098563,0.0,0.0,398.12641428679575,397.5032976392643,397.95376723094165,398.7700048869124,397.69464771781185,397.9461516879769,398.4499025084904,96.0,398.1980270982337,0.994785157520534,1,1.5383767444688012,0.18730986523631502
159.5,0.0,398.19519825533627,0.9950912913704325,96.0,392.99802828025787,400.0000000000006,520626.7390325123,173.26096748775296,1.533638660078653,-6.669592323760298e-06,2.04662371834538e-08,1.4173059888831793e-15,4.163336342344337e-17,1.65893204233056,0.020792072592512492,-44.40047791098563,0.0,0.0,398.1227912149035,397.50043789034015,397.95116825435,398.7684824301918,397.6905088490603,397.94330852721623,398.4470879834566,96.0,398.19519825533627,0.9950912913704325,1,1.5383767444688012,0.1873497010202064
159.75,0.0,398.1923694124394,0.9953968795911625,96.0,392.99213859474474,400.0000000000006,520626.46746359416,173.5325364058575,1.5335952962770232,-6.683621251113436e-06,2.0509286194652867e-08,1.295260195396016e-15,3.209238430557093e-17,1.658907787276915,0.02079165452812755,-44.40047791098563,0.0,0.0,398.1191610561299,397.49757087011216,397.9485765454365,398.7669696388097,397.6863615397219,397.94046707758497,398.44427174729395,96.0,398.1923694124394,0.9953968795911625,1,1.5383767444688012,0.18738953834172586
160.0,0.0,398.1895405695429,0.9957019121037272,96.0,392.9862716718471,400.0000000000006,520626.19589467614,173.80410532392617,1.5335519638951047,-6.697535468447313e-06,2.0551983207956477e-08,1.4173059888831793e-15,4.163336342344337e-17,1.6588835885786217,0.020791236751508842,-44.40047791098563,0.0,0.0,398.11552527946344,397.4946966523038,397.9459929749223,398.76546624405694,397.6822060757957,397.93762734602643,398.44145379305934,96.0,398.1895405695429,0.9957019121037272,1,1.5383767444688012,0.1874293770809802
160.25,0.0,398.18671172664676,0.9960063896734626,96.0,392.9804274766038,400.0000000000006,520625.9243257581,174.07567424195776,1.5335086630443615,-6.711448435225975e-06,2.0594676383820195e-08,1.4173059888831793e-15,4.163336342344337e-17,1.6588594461461916,0.020790819263538846,-44.40047791098563,0.0,0.0,398.11188531351416,397.49181530439057,397.9434183787727,398.76397197527797,397.6780427490238,397.9347893383022,398.4386341149914,96.0,398.18671172664676,0.9960063896734626,1,1.5383767444688012,0.18746921714839324
160.5,0.0,398.18388288375104,0.996310313493994,96.0,392.97460597263967,400.00000000000074,520625.6527568401,174.3472431599478,1.5334653938334064,-6.7253620272822445e-06,2.0637371478403862e-08,1.4173059888831793e-15,4.163336342344337e-17,1.6588353598853731,0.02079040206506296,-44.40047791098563,0.0,0.0,398.1082425243341,397.4889268862079,397.9408535379071,398.7624865602116,397.6738718301333,397.93195305913287,398.4358127083692,96.0,398.18388288375104,0.996310313493994,1,1.5383767444688012,0.1875090584784279
160.75,0.0,398.1810540408557,0.9966137833386769,96.0,392.9688071221166,400.00000000000074,520625.3811879222,174.61881207789804,1.5334221563687167,-6.7391598292942945e-06,2.0679711260939436e-08,1.4802973661668755e-15,4.163336342344337e-17,1.6588113296983213,0.020789985156895584,-44.40047791098563,0.0,0.0,398.1045981961166,397.4860314491067,397.93829916049634,398.76100972530753,397.6696935726385,397.92911851226864,398.4329895694427,96.0,398.1810540408557,0.9966137833386769,1,1.5383767444688012,0.18754890102441255
161.0,0.0,398.1782251979609,0.9969164889461385,96.0,392.96303088567174,400.00000000000074,520625.10961900424,174.89038099580762,1.5333789507547835,-6.7530156115935824e-06,2.0722228961142683e-08,1.5728159515523052e-15,4.163336342344337e-17,1.6587873554841135,0.020789568539829623,-44.40047791098563,0.0,0.0,398.10095351500644,397.4831290355961,397.9357558671637,398.75954119602164,397.66550821712804,397.9262857005876,398.4301646953342,96.0,398.1782251979609,0.9969164889461385,1,1.5383767444688012,0.18758874475437895
161.25,0.0,398.17539635506654,0.9972131213415337,96.0,392.95727722234614,400.00000000000074,520624.8380500864,175.1619499136722,1.5333357770941158,-6.766753784859247e-06,2.0764385767567092e-08,2.312964634635743e-15,4.336808689942018e-17,1.658763437140124,0.02078915221463902,-44.40047791098563,0.0,0.0,398.09730955616817,397.48021967940645,397.93322417922633,398.75808069714157,397.66131599145126,397.92345462204844,398.4273380880845,96.0,398.17539635506654,0.9972131213415337,1,1.5383767444688012,0.18762858964780663
161.5,0.0,398.1725675121725,0.997503263599698,96.0,392.9515462338254,400.00000000000074,520624.5664811686,175.43351883149137,1.5332926354874665,-6.780436024200753e-06,2.080637093577092e-08,1.8503717077085944e-15,4.163336342344337e-17,1.6587395745615752,0.02078873618207332,-44.40047791098563,0.0,0.0,398.09366727091526,397.47730340590715,397.9307045102619,398.7566280289785,397.6571171108364,397.92062527782923,398.42450974651575,96.0,398.1725675121725,0.997503263599698,1,1.5383767444688012,0.18766843569316274
161.75,0.0,398.16973866927907,0.9977931250220137,96.0,392.945838147282,400.00000000000074,520624.2949122508,175.70508774926262,1.5332495260339474,-6.7941173540475575e-06,2.0848353313109374e-08,1.4173059888831766e-15,4.163336342344337e-17,1.6587157676418791,0.02078832044286487,-44.40047791098563,0.0,0.0,398.0900274801069,397.47438023286486,397.9281971609217,398.7551829131687,397.65291177810604,397.9177976689728,398.42167966958533,96.0,398.16973866927907,0.9977931250220137,1,1.5383767444688012,0.18770828278653642
162.0,0.0,398.1669098263862,0.9980827483472258,96.0,392.94015314883984,400.00000000000074,520624.02334333304,175.97665666698566,1.5332064488311221,-6.80779925232855e-06,2.089033743473869e-08,1.417305988883182e-15,4.163336342344337e-17,1.6586920162729446,0.020787904997730682,-44.40047791098563,0.0,0.0,398.08639087280744,397.471450171369,397.92570231689996,398.7537449846261,397.6487001839504,397.91497179610883,398.4188478566635,96.0,398.1669098263862,0.9980827483472258,1,1.5383767444688012,0.1877481308584561
162.25,0.0,398.16408098349376,0.9983727958150873,96.0,392.93449140967584,400.00000000000085,520623.7517744154,176.2482255846624,1.5331634039893043,-6.82136501950481e-06,2.0931965197745397e-08,1.4173059888831793e-15,4.163336342344337e-17,1.65866832039663,0.02078748984737395,-44.40047791098563,0.0,0.0,398.0827580045644,397.46851322691793,397.92322004986556,398.7523139754431,397.6444825072694,397.9121476595428,398.4160143074446,96.0,398.16408098349376,0.9983727958150873,1,1.5383767444688012,0.18778797991068039
162.5,0.0,398.1612521406018,0.9986626376572653,96.0,392.92885308662585,400.00000000000085,520623.48020549776,176.51979450228964,1.5331203916360445,-6.834872294803063e-06,2.0973413473222658e-08,1.417305988883182e-15,4.163336342344337e-17,1.6586446800215728,0.02078707499258597,-44.40047791098563,0.0,0.0,398.0791293005048,397.46556940064386,397.9207503210808,398.7508896200537,397.64025891556884,397.90932526149663,398.4131790197069,96.0,398.1612521406018,0.9986626376572653,1,1.5383767444688012,0.18782782996093797
162.75,0.0,398.1584232977104,0.998952287311786,96.0,392.92323832227106,400.00000000000085,520623.20863658015,176.79136341986634,1.533077411902617,-6.848378433232938e-06,2.1014858260118198e-08,1.4173059888831766e-15,4.163336342344337e-17,1.6586210951708704,0.020786660434297,-44.40047791098563,0.0,0.0,398.0755050606602,397.4626186905937,397.91829298735786,398.7494716533146,397.6360295654277,397.9065046018914,398.4103419935293,96.0,398.1584232977104,0.998952287311786,1,1.5383767444688012,0.18786768103161022
163.0,0.0,398.1555944548195,0.9992410044232624,96.0,392.9176472450375,400.00000000000085,520622.93706766266,177.0629323373924,1.5330344649093808,-6.861769406896201e-06,2.1055949653685594e-08,1.3877787807814457e-15,3.0357660829594124e-17,1.6585975658316965,0.020786246173494106,-44.40047791098563,0.0,0.0,398.07188546760244,397.4596610929516,397.91584780896466,398.7480598107093,397.6317946030148,397.90368568052355,398.4075032291153,96.0,398.1555944548195,0.9992410044232624,1,1.5383767444688012,0.18790753314993477
163.25,0.0,398.15276561192906,0.9995296258115443,96.0,392.9120799693128,400.00000000000074,520622.66549874516,177.33450125486578,1.532991550769397,-6.8751610626804904e-06,2.1097043140402025e-08,1.4173059888831766e-15,4.163336342344337e-17,1.6585740919796064,0.0207858322111182,-44.40047791098563,0.0,0.0,398.06827059604944,397.4566966032768,397.9134144617616,398.7466537792817,397.62755416468156,397.9008684970992,398.4046627267589,96.0,398.15276561192906,0.9995296258115443,1,1.5383767444688012,0.1879473863372291
163.5,0.0,398.14993676903924,0.999818170191997,96.0,392.9065365955471,400.0000000000006,520622.3939298278,177.60607017228767,1.5329486695808383,-6.888435905239021e-06,2.1137778175346817e-08,1.4173059888831793e-15,4.163336342344337e-17,1.6585506735005022,0.02078541854807962,-44.40047791098563,0.0,0.0,398.0646604240226,397.4537252176882,397.9109929718756,398.74525320993166,397.6233083776721,397.89805305137656,398.40182048670187,96.0,398.14993676903924,0.999818170191997,1,1.5383767444688012,0.18798724050857996
163.75,0.0,398.1471079261499,1.0001065517905057,96.0,392.90101721045,400.0000000000006,520622.1223609104,177.87763908965763,1.532905821448373,-6.901709554085755e-06,2.1178509547280805e-08,1.4173059888831793e-15,4.163336342344337e-17,1.6585273103332048,0.02078500518586203,-44.40047791098563,0.0,0.0,398.0610548453654,397.45074693412346,397.9085831591367,398.7438577497032,397.619057360738,397.89523934330686,398.39897650899314,96.0,398.1471079261499,1.0001065517905057,1,1.5383767444688012,0.18802709570944176
164.0,0.0,398.1442790832612,1.0003947805518136,96.0,392.89552188719676,400.0000000000006,520621.8507919931,178.14920800697445,1.5328630064694337,-6.914925847922859e-06,2.1219064920267062e-08,1.4173059888831793e-15,4.163336342344337e-17,1.6585040024061724,0.020784592125344236,-44.40047791098563,0.0,0.0,398.0574536830536,397.4477617534484,397.90618469484326,398.74246704968783,397.61480122474507,397.89242737298804,398.3961307935345,96.0,398.1442790832612,1.0003947805518136,1,1.5383767444688012,0.18806695199184284
164.25,0.0,398.1414502403731,1.0006828693328862,96.0,392.89005068564666,400.0000000000007,520621.5792230758,178.4207769242358,1.5328202247355363,-6.928083706725374e-06,2.125944098015296e-08,1.4802973661668755e-15,4.163336342344337e-17,1.6584807496355958,0.02078417936731485,-44.40047791098563,0.0,0.0,398.05385670298244,397.44476968045143,397.90379715652233,398.74108076520713,397.61054007332706,397.88961714062316,398.393283340123,96.0,398.1414502403731,1.0006828693328862,1,1.5383767444688012,0.18810680941495841
164.5,0.0,398.13862139748557,1.000970830962849,96.0,392.88460365258516,400.0000000000007,520621.3076541586,178.6923458414418,1.5327774765146873,-6.941183528397232e-06,2.1299638947942096e-08,1.5728159515523052e-15,4.163336342344337e-17,1.6584575525472598,0.02078376691250854,-44.40047791098563,0.0,0.0,398.05026362787174,397.44177072474633,397.90142003731944,398.73969855601626,397.6062740035585,397.88680864648694,398.3904341484842,96.0,398.13862139748557,1.000970830962849,1,1.5383767444688012,0.1881466680456573
164.75,0.0,398.13579255459854,1.001258678192385,96.0,392.8791808219908,400.0000000000007,520621.0360852415,178.96391475859173,1.5327347619264673,-6.954223778166124e-06,2.1339654114049155e-08,1.4173059888831793e-15,4.163336342344337e-17,1.6584344111682812,0.020783354762800542,-44.40047791098563,0.0,0.0,398.0466741509524,397.4387649015633,397.89905275494226,398.7383200864906,397.6020031066245,397.8840018908804,398.38758321831665,96.0,398.13579255459854,1.001258678192385,1,1.5383767444688012,0.1881865279590064
165.0,0.0,398.13296371171214,1.0015464237042722,96.0,392.8737822153258,400.0000000000006,520620.7645163243,179.23548367568594,1.5326920810679774,-6.967266187984933e-06,2.1379675908461476e-08,1.7578531223231646e-15,4.163336342344337e-17,1.6584113254619923,0.020782942919260895,-44.40047791098563,0.0,0.0,398.0430879491276,397.4357522324195,397.89669466149894,398.7369450257986,397.59772746847847,397.88119687407533,398.38473054934894,96.0,398.13296371171214,1.0015464237042722,1,1.5383767444688012,0.1882263892387204
165.25,0.0,398.13013486882636,1.00183408012277,96.0,392.868407841849,400.0000000000006,520620.49294740736,179.50705259272473,1.5326494340277326,-6.980132837952624e-06,2.141915836814003e-08,1.3322676295501878e-15,4.163336342344337e-17,1.658388295363542,0.020782531382818676,-44.40047791098563,0.0,0.0,398.03950469533174,397.43273274566593,397.89434505401346,398.73557304805814,397.5934471704824,397.87839359624513,398.38187614140753,96.0,398.13013486882636,1.00183408012277,1,1.5383767444688012,0.18826625197755073
165.5,0.0,398.1273060259411,1.0021216600223617,96.0,392.86305769896404,400.0000000000006,520620.2213784903,179.77862150970665,1.5326068208878947,-6.993058207171998e-06,2.145882101306437e-08,1.4802973661668755e-15,4.163336342344337e-17,1.658365320766637,0.020782120154314018,-44.40047791098563,0.0,0.0,398.03592406987354,397.429706476915,397.89200318534847,398.734203832475,397.58916229001466,397.87559205738745,398.37901999449485,96.0,398.1273060259411,1.0021216600223617,1,1.5383767444688012,0.18830611626878094
165.75,0.0,398.1244771830565,1.0024091683727936,96.0,392.8577317726466,400.0000000000006,520619.9498095734,180.05019042663054,1.5325642417217997,-7.005866706322195e-06,2.149812503178799e-08,1.61907524424502e-15,4.163336342344337e-17,1.6583424014878247,0.020781709234485257,-44.40047791098563,0.0,0.0,398.03234577064336,397.426673469377,397.8896682752661,398.7328370634485,397.584872900999,397.8727922572234,398.3761621088895,96.0,398.1244771830565,1.0024091683727936,1,1.5383767444688012,0.18834598216268972
166.0,0.0,398.12164834017244,1.0026966053573503,96.0,392.85243003773354,400.0000000000006,520619.67824065656,180.3217593434985,1.5325216966124287,-7.018618020993017e-06,2.1537253574851143e-08,1.4173059888831793e-15,4.163336342344337e-17,1.6583195374372597,0.020781298623921352,-44.40047791098563,0.0,0.0,398.02876952171255,397.4236337740077,397.8873395214342,398.73147244285303,397.58057907448745,397.8699941951333,398.3733024852116,96.0,398.12164834017244,1.0026966053573503,1,1.5383767444688012,0.18838584979637094
166.25,0.0,398.11881949728894,1.002983983940506,96.0,392.8471524583735,400.0000000000006,520619.40667173977,180.59332826031078,1.5324791856362934,-7.031310843785832e-06,2.1576202630384844e-08,1.3322676295501878e-15,4.163336342344337e-17,1.6582967285024708,0.020780888323291002,-44.40047791098563,0.0,0.0,398.0251950805648,397.4205874495751,397.885016110119,398.73010969812816,397.5762808791914,397.86719787006786,398.3704411245101,96.0,398.11881949728894,1.002983983940506,1,1.5383767444688012,0.1884257193162021
166.5,0.0,398.11599065440606,1.0032713097343775,96.0,392.84189898843067,400.0000000000006,520619.13510282297,180.8648971770661,1.5324367088661113,-7.044004235012835e-06,2.1615153430209405e-08,1.4173059888831793e-15,4.163336342344337e-17,1.6582739745429955,0.020780478333211422,-44.40047791098563,0.0,0.0,398.0216222437874,397.4175345626334,397.8826972263729,398.72874856262206,397.5719783819713,397.86440328046046,398.3675780283517,96.0,398.11599065440606,1.0032713097343775,1,1.5383767444688012,0.18846559087782808
166.75,0.0,398.11316181152387,1.003557894696691,96.0,392.8366695719033,400.0000000000006,520618.8635339063,181.13646609376534,1.5323942663689767,-7.056579732989121e-06,2.1653742464109697e-08,1.4173059888831793e-15,4.163336342344337e-17,1.6582512754147745,0.02078006865438248,-44.40047791098563,0.0,0.0,398.0180508511977,397.414475187412,397.88038206356055,398.7273887755906,397.5676716482757,397.86161042398606,398.36471319906155,96.0,398.11316181152387,1.003557894696691,1,1.5383767444688012,0.18850546464612009
167.0,0.0,398.11033296864207,1.0038434424978457,96.0,392.83146414328087,400.0000000000006,520618.59196498967,181.40803501040602,1.5323518582094195,-7.069097364365007e-06,2.1692153929200486e-08,1.4802973661668755e-15,4.163336342344337e-17,1.658228630975142,0.020779659287378932,-44.40047791098563,0.0,0.0,398.01448040766456,397.4114094056555,397.8780698321025,398.7260300769267,397.56336074245206,397.85881929823995,398.36184663904424,96.0,398.11033296864207,1.0038434424978457,1,1.5383767444688012,0.18854534068825216
167.25,0.0,398.10750412576107,1.0041290096326103,96.0,392.8262826276976,400.0000000000007,520618.3203960731,181.67960392699268,1.5323094844519747,-7.081558095478613e-06,2.1730390790776237e-08,1.4173059888831793e-15,4.163336342344337e-17,1.6582060410822994,0.02077925023268985,-44.40047791098563,0.0,0.0,398.010910100633,397.40833730642413,397.8757597674186,398.7246722090023,397.55904572796015,397.8560299012659,398.358978350256,96.0,398.10750412576107,1.0041290096326103,1,1.5383767444688012,0.18858521890049043
167.5,0.0,398.10467528288046,1.0044146178515818,96.0,392.82112494503434,400.0000000000007,520618.04882715654,181.95117284352244,1.532267145159668,-7.094018997122475e-06,2.1768628175639245e-08,1.4173059888831793e-15,4.163336342344337e-17,1.6581835055920158,0.020778841490789637,-44.40047791098563,0.0,0.0,398.007339454549,397.40525898648286,397.8734511368978,398.72331492625034,397.5547266686785,397.8532422307506,398.3561083350103,96.0,398.10467528288046,1.0044146178515818,1,1.5383767444688012,0.1886250987585726
167.75,0.0,398.10184644000054,1.0047010667245435,96.0,392.8159910079326,400.0000000000007,520617.77725824004,182.22274175999678,1.5322248403941738,-7.106420383706791e-06,2.1806682933249257e-08,1.417305988883182e-15,4.163336342344337e-17,1.6581610243576501,0.02077843306213263,-44.40047791098563,0.0,0.0,398.0037680698567,397.40217454953097,397.8711432460137,398.7219579888483,397.5504036291696,397.8504562839377,398.35323659606337,96.0,398.10184644000054,1.0047010667245435,1,1.5383767444688012,0.18866498031292256
168.0,0.0,398.0990175971212,1.0049877922187769,96.0,392.8108807215637,400.0000000000007,520617.50568932365,182.4943106764157,1.5321825702147989,-7.118705241282441e-06,2.184438011123306e-08,1.417305988883182e-15,4.163336342344337e-17,1.6581385972225757,0.020778024947156186,-44.40047791098563,0.0,0.0,398.0001956246804,397.39908410542193,397.8688354394845,398.7206012316515,397.5460766734964,397.8476720574681,398.3503631367742,96.0,398.0990175971212,1.0049877922187769,1,1.5383767444688012,0.18870486381949023
168.25,0.0,398.0961887542424,1.005274606162547,96.0,392.8057939840953,400.0000000000006,520617.23412040726,182.76587959277919,1.5321403346804219,-7.130990894665956e-06,2.188207973122407e-08,1.4173059888831793e-15,4.163336342344337e-17,1.6581162240348388,0.020777617146258625,-44.40047791098563,0.0,0.0,397.99662187656634,397.39598776966466,397.8665271078164,398.7192445189436,397.54174586520617,397.8448895472695,398.34748796121534,96.0,398.0961887542424,1.005274606162547,1,1.5383767444688012,0.18874474954650733
168.5,0.0,398.09335991136413,1.0055616327970363,96.0,392.8007306870908,400.0000000000006,520616.962551491,183.03744850908888,1.5320981338459978,-7.143158541111916e-06,2.1919417236432637e-08,1.6653345369377348e-15,4.163336342344337e-17,1.6580939046434449,0.020777209659842134,-44.40047791098563,0.0,0.0,397.9930466607415,397.3928856629603,397.86421769228275,398.7178877199477,397.5374112674049,397.84210874846775,398.3446110742606,96.0,398.09335991136413,1.0055616327970363,1,1.5383767444688012,0.188784637772594
168.75,0.0,398.09053106848654,1.0058490944225322,96.0,392.79569071590964,400.0000000000006,520616.6909825747,183.30901742534377,1.5320559677674688,-7.155328120234117e-06,2.1956760672230128e-08,1.3322676295501884e-15,4.163336342344337e-17,1.6580716389078924,0.02077680248871639,-44.40047791098563,0.0,0.0,397.98946989163994,397.3897779107873,397.86190668755586,398.71653070598325,397.5330729427322,397.83932965541027,398.3417324815627,96.0,398.09053106848654,1.0058490944225322,1,1.5383767444688012,0.1888245287851892
169.0,0.0,398.08770222560946,1.0061370966339058,96.0,392.79067395011145,400.0000000000006,520616.41941365856,183.58058634154162,1.5320138365017828,-7.167381056660815e-06,2.1993746179543238e-08,1.4802973661668755e-15,4.163336342344337e-17,1.6580494266552046,0.020776395634321772,-44.40047791098563,0.0,0.0,397.9858915592254,397.3866646429808,397.8595936432125,398.71517335040335,397.5287309533133,397.83655226304836,398.3388521881705,96.0,398.08770222560946,1.0061370966339058,1,1.5383767444688012,0.18886442287925098
169.25,0.0,398.08487338273306,1.0064269700337867,96.0,392.78568026385807,400.0000000000007,520616.14784474234,183.85215525768115,1.531971740105411,-7.179491234410307e-06,2.2030907336945905e-08,1.4173059888831766e-15,4.163336342344337e-17,1.658027267729786,0.0207759890970894,-44.40047791098563,0.0,0.0,397.9823117249591,397.3835459933171,397.85727816432666,398.71381552916307,397.52438536069815,397.83377656754743,398.3359701979186,96.0,398.08487338273306,1.0064269700337867,1,1.5383767444688012,0.18890432035617807
169.5,0.0,398.0820445398572,1.0067172270452633,96.0,392.78070952630344,400.0000000000006,520615.87627582625,184.12372417376173,1.5319296786320213,-7.19148607686293e-06,2.206771457773317e-08,1.3322676295501878e-15,4.163336342344337e-17,1.658005161980419,0.02077558287738255,-44.40047791098563,0.0,0.0,397.978730516826,397.38042209901187,397.85495991092466,398.7124571212141,397.5200362257898,397.8310025619855,398.3330865177288,96.0,398.0820445398572,1.0067172270452633,1,1.5383767444688012,0.18894422152291646
169.75,0.0,398.0792156969819,1.0070077071966779,96.0,392.77576160265244,400.0000000000006,520615.60470691026,184.39529308978453,1.5318876521338958,-7.203363423968767e-06,2.2104161273599767e-08,1.5728159515523052e-15,4.163336342344337e-17,1.6579831092510617,0.020775176975507428,-44.40047791098563,0.0,0.0,397.97514812149643,397.37729309896565,397.85263859673904,398.7110980072978,397.5156836091389,397.8282302374342,398.33020115652965,96.0,398.0792156969819,1.0070077071966779,1,1.5383767444688012,0.1889841264114036
170.0,0.0,398.0763868541073,1.0072983371363327,96.0,392.77083635285123,400.0000000000006,520615.3331379943,184.66686200575379,1.5318456606621151,-7.215240088953578e-06,2.2140605876317334e-08,1.4173059888831766e-15,4.163336342344337e-17,1.657961109393736,0.02077477139173318,-44.40047791098563,0.0,0.0,397.97156477568177,397.3741591323243,397.85031398782576,398.7097380710504,397.5113275710085,397.82545958424885,398.32731412396555,96.0,398.0763868541073,1.0072983371363327,1,1.5383767444688012,0.189024034814354
170.25,0.0,398.0735580112332,1.0075891254561886,96.0,392.7659336289086,400.0000000000006,520615.06156907836,184.9384309216655,1.5318037042671389,-7.227059910519529e-06,2.217687604994894e-08,1.4173059888831793e-15,4.163336342344337e-17,1.6579391622613255,0.020774366126307262,-44.40047791098563,0.0,0.0,397.9679807625074,397.3710203402499,397.84798590114553,398.70837719830826,397.5069681704881,397.82269059156687,398.32442543089945,96.0,398.0735580112332,1.0075891254561886,1,1.5383767444688012,0.18906394708404908
170.5,0.0,398.0707291683596,1.007880048173416,96.0,392.7610532801902,400.0000000000006,520614.79000016255,185.20999983752057,1.5317617829985797,-7.238763828354422e-06,2.2212790562674293e-08,1.417305988883182e-15,4.163336342344337e-17,1.6579172677064793,0.020773961179464215,-44.40047791098563,0.0,0.0,397.9643964046486,397.3678768656922,397.8456542029035,398.70701527710287,397.5026054658831,397.81992324728293,398.3215350894364,96.0,398.0707291683596,1.007880048173416,1,1.5383767444688012,0.1891038635734638
170.75,0.0,398.06790032548673,1.0081711212259041,96.0,392.75619515378304,400.0000000000007,520614.51843124675,185.48156875332074,1.5317198969049985,-7.250466154573587e-06,2.2248700191385235e-08,1.4173059888831793e-15,4.163336342344337e-17,1.6578954255809024,0.020773556551427593,-44.40047791098563,0.0,0.0,397.96081205741035,397.3647288531238,397.8433188067583,398.7056521978102,397.4982395147434,397.8171575380711,398.3186431129023,96.0,398.06790032548673,1.0081711212259041,1,1.5383767444688012,0.18914378454208292
171.0,0.0,398.0650714826144,1.0084623595906752,96.0,392.7513590947571,400.0000000000007,520614.24686233094,185.75313766906575,1.5316780460340411,-7.262169674504548e-06,2.228461348310698e-08,1.4173059888831766e-15,4.163336342344337e-17,1.6578736357356758,0.02077315224241129,-44.40047791098563,0.0,0.0,397.9572281018747,397.36157644824686,397.84097967205,398.7042878533472,397.493870373905,397.81439344940765,398.31574951582115,96.0,398.0650714826144,1.0084623595906752,1,1.5383767444688012,0.18918371033037937
171.25,0.0,398.06224263974264,1.008753777495369,96.0,392.74654494643505,400.0000000000007,520613.97529341525,186.024706584761,1.5316362304322406,-7.273755699088724e-06,2.2320166229908062e-08,1.4173059888831793e-15,4.163336342344337e-17,1.6578518980207462,0.02077274825262397,-44.40047791098563,0.0,0.0,397.9536449383283,397.3584197977609,397.8386368019204,398.7029221391176,397.48949809957577,397.8116309656073,398.3128543138778,96.0,398.06224263974264,1.008753777495369,1,1.5383767444688012,0.189223641290062
171.5,0.0,398.0594137968713,1.0090459001663787,96.0,392.7417525506775,400.0000000000007,520613.7037244997,186.29627550040144,1.5315944501452892,-7.2852272410273144e-06,2.2355367676530028e-08,1.4173059888831766e-15,4.163336342344337e-17,1.6578302122858573,0.02077234458226991,-44.40047791098563,0.0,0.0,397.9500629801004,397.3552590491723,397.83629024136656,398.701554953137,397.48512274740574,397.8088700698725,398.3099575238701,96.0,398.0594137968713,1.0090459001663787,1,1.5383767444688012,0.18926357774901667
171.75,0.0,398.0565849540007,1.0093385624128706,96.0,392.7369817482328,400.0000000000007,520613.4321555841,186.5678444159879,1.5315527052179119,-7.296695144987098e-06,2.2390557959690493e-08,1.4173059888831793e-15,4.163336342344337e-17,1.6578085783803373,0.020771941231551426,-44.40047791098563,0.0,0.0,397.94648264800446,397.35209435067867,397.8339400752027,398.700186196544,397.480744372495,397.8061107446597,398.30705916334153,96.0,398.0565849540007,1.0093385624128706,1,1.5383767444688012,0.18930351990639074
172.0,0.0,398.0537561111305,1.009631685516526,96.0,392.7322323788194,400.0000000000007,520613.1605866685,186.83941333152177,1.5315109956937918,-7.308164470032352e-06,2.2425752603578108e-08,1.4173059888831793e-15,4.163336342344337e-17,1.6577869961530898,0.020771538200669053,-44.40047791098563,0.0,0.0,397.94290436515075,397.34892585093417,397.83158642645475,398.69881574719136,397.4763630296096,397.8033529713103,398.30415925095076,96.0,398.0537561111305,1.009631685516526,1,1.5383767444688012,0.18934346811881397
172.25,0.0,398.0509272682609,1.0099249882529742,96.0,392.7275042814519,400.0000000000006,520612.88901775307,187.1109822470011,1.5314693216156643,-7.3195176071294554e-06,2.246059071441403e-08,1.4173059888831793e-15,4.163336342344337e-17,1.657765465452846,0.020771135489821315,-44.40047791098563,0.0,0.0,397.93932851901883,397.34575370342685,397.829229452318,398.6974435189504,397.4719787728905,397.8005967320942,398.3012578044275,96.0,398.0509272682609,1.0099249882529742,1,1.5383767444688012,0.18938342274257733
172.5,0.0,398.04809842539197,1.010218485120852,96.0,392.72279731117055,400.0000000000006,520612.6174488376,187.38255116242738,1.531427683025293,-7.330869493671344e-06,2.249542498781006e-08,1.4173059888831793e-15,4.163336342344337e-17,1.6577439861282561,0.020770733099205248,-44.40047791098563,0.0,0.0,397.9357554858357,397.34257810197494,397.82686934208334,398.69606941515957,397.46759165553124,397.797842009505,398.2983548412788,96.0,398.04809842539197,1.010218485120852,1,1.5383767444688012,0.18942338292757346
172.75,0.0,398.04526958252336,1.0105121920682951,96.0,392.71811134069503,400.0000000000006,520612.3458799223,187.65412007780316,1.5313860799623198,-7.34210769337551e-06,2.2529910403034183e-08,1.6653345369377348e-15,4.163336342344337e-17,1.6577225580181492,0.020770331029016063,-44.40047791098563,0.0,0.0,397.93218567952164,397.33939929368796,397.82450631401036,398.6946933573306,397.46320173227514,397.79508878340613,398.2954503816407,96.0,398.04526958252336,1.0105121920682951,1,1.5383767444688012,0.18946334758280833
173.0,0.0,398.04244073965555,1.0108061236809067,96.0,392.7134462376425,400.0000000000006,520612.07431100693,187.92568899312477,1.5313445124667036,-7.353345779392839e-06,2.2564395469400135e-08,1.6653345369377348e-15,4.163336342344337e-17,1.6577011809710438,0.020769929279362487,-44.40047791098563,0.0,0.0,397.9286195011377,397.3362175202855,397.8221406124769,398.69331527112547,397.45880907592067,397.7923370328746,398.2925444464363,96.0,398.04244073965555,1.0108061236809067,1,1.5383767444688012,0.18950331484137517
173.25,0.0,398.039611896788,1.011100290455585,96.0,392.7088018676488,400.0000000000006,520611.8027420917,188.19725790839442,1.531302980577772,-7.364465176351587e-06,2.2598516327834613e-08,1.3646491344350884e-15,4.163336342344337e-17,1.6576798548377951,0.020769527850425976,-44.40047791098563,0.0,0.0,397.92505733754604,397.3330330190198,397.8197725052086,398.6919350555645,397.4544137439024,397.78958673629035,398.28963705728574,96.0,398.039611896788,1.011100290455585,1,1.5383767444688012,0.1895432848251574
173.5,0.0,398.0367830539212,1.0113947050320373,96.0,392.7041780933933,400.0000000000006,520611.5311731765,188.46882682361274,1.53126148433347,-7.375587358637858e-06,2.26326457332943e-08,1.3322676295501878e-15,4.163336342344337e-17,1.6576585794662377,0.020769126742403186,-44.40047791098563,0.0,0.0,397.9214995608987,397.32984601826996,397.8174022800785,398.69055267883533,397.4500157912795,397.78683787144024,398.2867282364022,96.0,398.0367830539212,1.0113947050320373,1,1.5383767444688012,0.18958325784697813
173.75,0.0,398.0339542110549,1.0116893713952166,96.0,392.69957477604885,400.0000000000006,520611.25960426126,188.74039573878068,1.5312200237709357,-7.386707949308402e-06,2.2666770254739584e-08,1.4173059888831793e-15,4.163336342344337e-17,1.6576373547051624,0.02076872595548031,-44.40047791098563,0.0,0.0,397.9179465288364,397.3266567369644,397.8150302421492,398.689168112195,397.4456152739937,397.78409041557626,398.28381800653364,96.0,398.0339542110549,1.0116893713952166,1,1.5383767444688012,0.18962323439075565
174.0,0.0,398.0311253681892,1.0119842659207614,96.0,392.6949917752406,400.0000000000006,520610.9880353462,189.01196465389194,1.5311785989272997,-7.3976525527541526e-06,2.270035474373475e-08,1.417305988883182e-15,4.163336342344337e-17,1.6576161804091947,0.020768325489840835,-44.40047791098563,0.0,0.0,397.91439858505885,397.3234653845616,397.812656710228,398.6877816534857,397.44121224947435,397.78134434550856,398.2809063908698,96.0,398.0311253681892,1.0119842659207614,1,1.5383767444688012,0.1896632150041151
174.25,0.0,398.0282965253239,1.012279379502595,96.0,392.69042894940435,400.0000000000007,520610.7164664311,189.2835335689541,1.5311372098328178,-7.408657239693639e-06,2.273412360427377e-08,1.4802973661668755e-15,4.163336342344337e-17,1.6575950563722075,0.020767925345677365,-44.40047791098563,0.0,0.0,397.91085606038064,397.32027216241113,397.81028201328195,398.6863934969479,397.4368067771883,397.77859963768105,398.2779934129667,96.0,398.0282965253239,1.012279379502595,1,1.5383767444688012,0.18970320022642598
174.5,0.0,398.0254676824591,1.0125747204884123,96.0,392.6858861567809,400.0000000000006,520610.44489751605,189.55510248396314,1.5310958565215833,-7.4196030936946045e-06,2.276771193070883e-08,1.2027416100105863e-15,2.949029909160572e-17,1.6575739824140074,0.020767525523096488,-44.40047791098563,0.0,0.0,397.90731927417113,397.3170772631955,397.8079064867412,398.6850034651493,397.43239891917244,397.77585626824276,398.27507909667565,96.0,398.0254676824591,1.0125747204884123,1,1.5383767444688012,0.18974319058832081
174.75,0.0,398.0226388395951,1.0128702962193614,96.0,392.681363256637,400.0000000000007,520610.17332860106,189.8266713989233,1.5310545390318193,-7.430491024251751e-06,2.2801122513905298e-08,1.3322676295501878e-15,4.163336342344337e-17,1.6575529583997637,0.020767126022224577,-44.40047791098563,0.0,0.0,397.90378853603755,397.3138808688863,397.80553046872467,398.68361138674857,397.427988740542,397.77311421311305,398.2721634660772,96.0,398.0226388395951,1.0128702962193614,1,1.5383767444688012,0.18978318661119586
175.0,0.0,398.0198099967315,1.0131661131829,96.0,392.6768601091443,400.0000000000007,520609.90175968624,190.0982403138286,1.5310132573987238,-7.441203877078806e-06,2.2833995855517027e-08,1.4173059888831793e-15,4.163336342344337e-17,1.6575319841877294,0.020766726843242204,-44.40047791098563,0.0,0.0,397.90026414766754,397.3106831506095,397.80315429622345,398.6822170954682,397.4235763099682,397.77037344804125,398.2692465454217,96.0,398.0198099967315,1.0131661131829,1,1.5383767444688012,0.1898231888066975
175.25,0.0,398.01698115386836,1.013462095668664,96.0,392.672376575234,400.0000000000007,520609.6301907714,190.36980922868295,1.5309720116555434,-7.451917639400563e-06,2.2866871987994133e-08,1.4173059888831793e-15,4.163336342344337e-17,1.6575110596340907,0.020766327986321997,-44.40047791098563,0.0,0.0,397.89674640477966,397.3074842686355,397.80077830129756,398.68082043019706,397.4191617001228,397.76763394866083,398.26632835907594,96.0,398.01698115386836,1.013462095668664,1,1.5383767444688012,0.1898631976761939
175.5,0.0,398.01415231100583,1.0137580399249395,96.0,392.6679125164325,400.0000000000007,520609.3586218566,190.64137814348626,1.530930801834333,-7.462630833288131e-06,2.289974637618038e-08,1.4802973661668755e-15,4.163336342344337e-17,1.6574901845958268,0.02076592945163153,-44.40047791098563,0.0,0.0,397.89323559905193,397.3042843724545,397.7984028073333,398.67942123508914,397.41474498807924,397.76489569017014,398.2634089318415,96.0,398.01415231100583,1.0137580399249395,1,1.5383767444688012,0.18990321371022936
175.75,0.0,398.0113234681439,1.014053383715072,96.0,392.66346779468546,400.0000000000007,520609.08705294185,190.9129470582359,1.530889627966437,-7.473287752191027e-06,2.293244807957153e-08,1.6653345369377348e-15,4.163336342344337e-17,1.6574693589322471,0.02076553123933598,-44.40047791098563,0.0,0.0,397.8897320198919,397.3010836070313,397.7960281285557,398.6780193598647,397.41032625566316,397.76215864614323,398.26048829014445,96.0,398.0113234681439,1.014053383715072,1,1.5383767444688012,0.18994323738795957
176.0,0.0,398.0084946252825,1.0143461248503358,96.0,392.6590422721734,400.0000000000007,520608.81548402715,191.1845159729325,1.5308484900827752,-7.483885497094889e-06,2.29649682022842e-08,1.5728159515523052e-15,4.163336342344337e-17,1.6574485825056908,0.02076513334960007,-44.40047791098563,0.0,0.0,397.886235955966,397.2978821252691,397.7936545533111,398.67661436746687,397.4059055897604,397.7594227884706,398.25756646209425,96.0,398.0084946252825,1.0143461248503358,1,1.5383767444688012,0.18998326917656552
176.25,0.0,398.00566578242154,1.014639361955281,96.0,392.6546358110952,400.0000000000007,520608.5439151125,191.45608488757705,1.5308073882139865,-7.49442440906023e-06,2.299730779089291e-08,1.2027416100105863e-15,3.382710778154774e-17,1.6574278551817223,0.02076473578258929,-44.40047791098563,0.0,0.0,397.8827476974571,397.29468000620903,397.791282294816,398.6752050790866,397.40148308293584,397.75668809039684,398.2546434744463,96.0,398.00566578242154,1.014639361955281,1,1.5383767444688012,0.1900233095306456
176.5,0.0,398.0028369395612,1.014937832860269,96.0,392.6502482200143,400.0000000000007,520608.27234619786,191.72765380217237,1.5307663224160057,-7.504963548399246e-06,2.302964807721796e-08,1.4173059888831766e-15,4.163336342344337e-17,1.6574071769306802,0.020764338538470442,-44.40047791098563,0.0,0.0,397.8792675376183,397.2914773193802,397.7889115069064,398.6737897091956,397.39705883432777,397.75395452713065,398.25171935199177,96.0,398.0028369395612,1.014937832860269,1,1.5383767444688012,0.19006335889158546
176.75,0.0,398.0000080967014,1.0152365425715977,96.0,392.64587915574083,400.00000000000074,520608.0007772834,191.99922271671346,1.5307252927160329,-7.515326814200307e-06,2.306144867995107e-08,1.2258712563569438e-15,2.7755575615628914e-17,1.6573865476052008,0.020763941617626756,-44.40047791098563,0.0,0.0,397.8757957758253,397.28827412672047,397.7865422865003,398.6723681822413,397.39263294950007,397.7512220739064,398.2487941194964,96.0,398.0000080967014,1.0152365425715977,1,1.5383767444688012,0.19010341768690706
177.0,0.0,397.9971792538422,1.015535463723105,96.0,392.6415283041414,400.00000000000074,520607.7292083689,192.27079163120078,1.5306842991422227,-7.525690818965813e-06,2.3093251550262296e-08,1.4173059888831793e-15,4.163336342344337e-17,1.657365967073153,0.020763545020213235,-44.40047791098563,0.0,0.0,397.8723327128931,397.2850704818708,397.78417472517015,398.67094053092774,397.3882055404731,397.7484907058444,398.24586780183995,96.0,397.9971792538422,1.015535463723105,1,1.5383767444688012,0.19014348632960001
177.25,0.0,397.9943504109835,1.015834607782035,96.0,392.6371953589692,400.00000000000074,520607.4576394544,192.54236054563677,1.5306433417233438,-7.5361116671501804e-06,2.3125228849659477e-08,1.4173059888831766e-15,4.163336342344337e-17,1.6573454351868047,0.020763148746409454,-44.40047791098563,0.0,0.0,397.86887864981776,397.2818664316137,397.78180891166085,398.66950673822555,397.38377672570425,397.7457603980138,398.24294042395314,96.0,397.9943504109835,1.015834607782035,1,1.5383767444688012,0.19018356521743937
177.5,0.0,397.99152156812534,1.0161339713697515,96.0,392.63288002093253,400.0000000000008,520607.18607054005,192.81392946002143,1.5306024204914548,-7.546357892351807e-06,2.3156670302904604e-08,1.417305988883182e-15,4.163336342344337e-17,1.6573249517705513,0.020762752796453492,-44.40047791098563,0.0,0.0,397.86543389736306,397.27866201662437,397.7794449305833,398.66806678918397,397.3793466300108,397.7430311255512,398.2400120106993,96.0,397.99152156812534,1.0161339713697515,1,1.5383767444688012,0.19022365473229405
177.75,0.0,397.98869272526764,1.0164335160973559,96.0,392.62858199739117,400.0000000000008,520606.9145016257,193.08549837435334,1.53056153547697,-7.556605766012581e-06,2.3188116814593223e-08,1.417305988883182e-15,4.163336342344337e-17,1.6573045167055345,0.020762357170700456,-44.40047791098563,0.0,0.0,397.8619987713343,397.27545727223674,397.77708286044736,398.6666206717832,397.37491538443857,397.7403028637022,398.2370825868332,96.0,397.98869272526764,1.0164335160973559,1,1.5383767444688012,0.1902637552394338
178.0,0.0,397.98586388241057,1.016733268709335,96.0,392.6243010030029,400.0000000000008,520606.64293271146,193.35706728863056,1.53052068670919,-7.566737679098878e-06,2.3219207490946498e-08,1.3322676295501878e-15,4.163336342344337e-17,1.657284129874816,0.02076196186930254,-44.40047791098563,0.0,0.0,397.85857359114726,397.272252229178,397.7747227715861,398.66516837723503,397.37048312607965,397.73757558783274,398.2341521769884,96.0,397.98586388241057,1.016733268709335,1,1.5383767444688012,0.1903038670868412
178.25,0.0,397.9830350395541,1.0170335897465201,96.0,392.6200367582591,400.0000000000008,520606.3713637972,193.62863620285938,1.5304798742160108,-7.576870103775946e-06,2.3250299737161543e-08,1.4173059888831793e-15,4.163336342344337e-17,1.6572637911608734,0.02076156689241552,-44.40047791098563,0.0,0.0,397.8551586781262,397.26904691425784,397.7723647241236,398.6637098989145,397.36604999784464,397.7348492734363,398.2312208056719,96.0,397.9830350395541,1.0170335897465201,1,1.5383767444688012,0.19034399060453688
178.5,0.0,397.98020619669813,1.0173341390355641,96.0,392.61578898914604,400.0000000000008,520606.09979488305,193.90020511703224,1.5304390980317228,-7.586942047055345e-06,2.3281206390829136e-08,1.4173059888831793e-15,4.163336342344337e-17,1.6572435004664063,0.020761172240192974,-44.40047791098563,0.0,0.0,397.8517543534373,397.2658413510198,397.770009235653,398.66224523304675,397.36161614819173,397.73212389623114,398.22828849716507,96.0,397.98020619669813,1.0173341390355641,1,1.5383767444688012,0.19038412610392808
178.75,0.0,397.97737735384266,1.0176348865806464,96.0,392.6115574269517,400.0000000000008,520605.8282259689,194.17177403115267,1.5303983581829308,-7.597014274551839e-06,2.3312113916642155e-08,1.4173059888831793e-15,4.163336342344337e-17,1.657223257665427,0.020760777912896638,-44.40047791098563,0.0,0.0,397.8483609355734,397.26263556034485,397.76765660006544,398.6607743783711,397.35718173085786,397.7293994323152,398.22535527537025,96.0,397.97737735384266,1.0176348865806464,1,1.5383767444688012,0.19042427387718827
179.0,0.0,397.9745485109879,1.0179358280996313,96.0,392.60734180805787,400.0000000000007,520605.5566570548,194.44334294521946,1.5303576546860276,-7.606970029883087e-06,2.3342664037258056e-08,1.4173059888831766e-15,4.163336342344337e-17,1.6572030626404972,0.02076038391083968,-44.40047791098563,0.0,0.0,397.84497873764434,397.2594295609766,397.7653070511091,398.6592973359901,397.3527469044861,397.72667585809205,398.2224211638836,96.0,397.9745485109879,1.0179358280996313,1,1.5383767444688012,0.19046443419667888
179.25,0.0,397.9717196681336,1.0182369760619177,96.0,392.6031418737516,400.00000000000074,520605.28508814087,194.7149118592311,1.5303169875633111,-7.616808801458319e-06,2.337285518281506e-08,1.942890293094024e-15,4.163336342344337e-17,1.6571829152674136,0.020759990234151662,-44.40047791098563,0.0,0.0,397.84160806443936,397.2562233699668,397.7629607700036,398.6578141093174,397.3483118322612,397.72395315025983,398.21948618600726,96.0,397.9717196681336,1.0182369760619177,1,1.5383767444688012,0.19050460731442206
179.5,0.0,397.96889082527986,1.0185383151123792,96.0,392.5989573700557,400.00000000000074,520605.0135192268,194.98648077319064,1.5302763568392725,-7.626766205248714e-06,2.340341036187445e-08,1.7578531223231646e-15,4.163336342344337e-17,1.657162815421693,0.020759596882946412,-44.40047791098563,0.0,0.0,397.8382492103752,397.25301700319835,397.76061787985236,398.65632470402954,397.34387668153124,397.72123128572986,398.2165503648298,96.0,397.96889082527986,1.0185383151123792,1,1.5383767444688012,0.1905447934616343
179.75,0.0,397.9660619824267,1.018839840875602,96.0,392.59478804757964,400.00000000000074,520604.741950313,195.25804968709505,1.5302357625382774,-7.636489584683659e-06,2.343324741638697e-08,1.4173059888831766e-15,4.163336342344337e-17,1.6571427629762252,0.020759203857326467,-44.40047791098563,0.0,0.0,397.8349024548306,397.249810475609,397.7582784414091,398.6548291280338,397.3394416234167,397.7185102417706,398.21361372308274,96.0,397.9660619824267,1.018839840875602,1,1.5383767444688012,0.19058499284832942
180.0,0.0,397.963233139574,1.019141550942716,96.0,392.59063366139145,400.0000000000007,520604.47038139915,195.52961860094678,1.530195204684311,-7.64621165671997e-06,2.346308045903051e-08,1.417305988883182e-15,4.163336342344337e-17,1.6571227578181233,0.020758811157359284,-44.40047791098563,0.0,0.0,397.8315680593903,397.2466038013412,397.75594245085915,398.65332739141024,397.3350068324118,397.71578999593567,398.2106762832124,96.0,397.963233139574,1.019141550942716,1,1.5383767444688012,0.19062520566299943
180.25,0.0,397.96040429672195,1.0194434431974175,96.0,392.5864939709556,400.0000000000007,520604.1988124853,195.80118751474427,1.5301546833010151,-7.655933501382606e-06,2.3492912803957705e-08,1.417305988883182e-15,4.163336342344337e-17,1.6571027998366183,0.020758418783163726,-44.40047791098563,0.0,0.0,397.82824626470347,397.2433969940422,397.75360983951975,398.6518195063687,397.330572485961,397.7130705260626,398.2077380673813,96.0,397.96040429672195,1.0194434431974175,1,1.5383767444688012,0.19066543200177122
180.5,0.0,397.9575754538705,1.0197455157778554,96.0,392.5823687400164,400.0000000000006,520603.92724357155,196.0727564284893,1.5301141984108206,-7.665597763661935e-06,2.3522568452220828e-08,1.3322676295501878e-15,4.163336342344337e-17,1.6570828889401565,0.02075802673486291,-44.40047791098563,0.0,0.0,397.82493728739877,397.2401900669371,397.75128047542034,398.6503054872021,397.32613876407703,397.71035181027565,398.2047990974652,96.0,397.9575754538705,1.0197455157778554,1,1.5383767444688012,0.19070567200671787
180.75,0.0,397.9547466110195,1.020047767064276,96.0,392.57825773657027,400.0000000000006,520603.6556746579,196.34432534217902,1.530073750031294,-7.675145781149695e-06,2.3551867393003176e-08,1.3322676295501878e-15,4.163336342344337e-17,1.6570630250212446,0.02075763501261714,-44.40047791098563,0.0,0.0,397.8216413171041,397.2369830328451,397.748954166624,398.64878535022876,397.32170584898677,397.70763382697515,398.201859395064,96.0,397.9547466110195,1.020047767064276,1,1.5383767444688012,0.19074592580395244
181.0,0.0,397.95191776816915,1.0203501955142549,96.0,392.5741607327656,400.0000000000006,520603.3841057442,196.6158942558148,1.53003333818743,-7.6847554169035e-06,2.3581355414914697e-08,1.4173059888831793e-15,4.163336342344337e-17,1.6570432079659712,0.02075724361657121,-44.40047791098563,0.0,0.0,397.8183585139007,397.23377590416834,397.74663066610174,398.6472591137473,397.3172739247239,397.7049165548185,398.1989189815199,96.0,397.95191776816915,1.0203501955142549,1,1.5383767444688012,0.1907861934969773
181.25,0.0,397.9490889253195,1.020652799853918,96.0,392.570077504862,400.0000000000006,520603.11253683065,196.88746316939432,1.5299929629033033,-7.694188383311484e-06,2.361030131122707e-08,1.4173059888831793e-15,4.163336342344337e-17,1.6570234376673496,0.02075685254686318,-44.40047791098563,0.0,0.0,397.815089005973,397.2305686928144,397.7443096779356,398.6457267979789,397.31284317675835,397.7021999727178,398.195977877921,96.0,397.9490889253195,1.020652799853918,1,1.5383767444688012,0.1908264751674511
181.5,0.0,397.9462600824702,1.020955355977579,96.0,392.566007833212,400.0000000000006,520602.8409679171,197.1590320829172,1.5299526242026007,-7.703620667598443e-06,2.3639245114390416e-08,1.5728159515523052e-15,2.949029909160572e-17,1.6570037140223521,0.0207564618036288,-44.40047791098563,0.0,0.0,397.8118328875921,397.2273614100635,397.7419908645925,398.64418842500754,397.3084137916464,397.6994840598377,398.1930361051027,96.0,397.9462600824702,1.020955355977579,1,1.5383767444688012,0.19086677087543347
181.75,0.0,397.94343123962153,1.0212580933707964,96.0,392.56195150225847,400.0000000000006,520602.56939900364,197.43060099638947,1.5299123221085815,-7.71299662005731e-06,2.3668016058329576e-08,1.4173059888831793e-15,4.163336342344337e-17,1.6569840369305298,0.020756071387006376,-44.40047791098563,0.0,0.0,397.80859021747574,397.22415406639425,397.73967385499213,398.6426440235101,397.3039859566992,397.696768795712,398.1900936835311,96.0,397.94343123962153,1.0212580933707964,1,1.5383767444688012,0.19090708065972947
182.0,0.0,397.9406023967734,1.0215610139697875,96.0,392.55790830064626,400.0000000000006,520602.2978300902,197.7021699098047,1.529872056644104,-7.722310726876458e-06,2.369659722342322e-08,1.4173059888831793e-15,4.163336342344337e-17,1.6569644062940048,0.020755681297135963,-44.40047791098563,0.0,0.0,397.80536101751903,397.22094667129977,397.7373582530535,398.6410936241292,397.29955985967405,397.6940541600973,398.18715063344956,96.0,397.9406023967734,1.0215610139697875,1,1.5383767444688012,0.19094740435597501
182.25,0.0,397.93777355392587,1.0218641161598732,96.0,392.55387802128087,400.0000000000006,520602.0262611769,197.9737388231664,1.5298318278315823,-7.731511885822329e-06,2.372483179792307e-08,1.4173059888831793e-15,4.163336342344337e-17,1.656944822016437,0.02075529153416142,-44.40047791098563,0.0,0.0,397.80214527198115,397.21773923305284,397.735043646487,398.6395372534019,397.29513568848625,397.69134013300345,398.1842069748482,96.0,397.93777355392587,1.0218641161598732,1,1.5383767444688012,0.19098774177892594
182.5,0.0,397.93494471107897,1.0221673993123634,96.0,392.549860461238,400.0000000000006,520601.75469226355,198.2453077364736,1.529791635776121,-7.740771309272532e-06,2.375324516223603e-08,1.4173059888831793e-15,4.163336342344337e-17,1.6569252848717975,0.020754902098228174,-44.40047791098563,0.0,0.0,397.79894292715153,397.21453175841407,397.7327296155681,398.63797493881066,397.2907136309423,397.6886266947108,398.1812627274471,96.0,397.93494471107897,1.0221673993123634,1,1.5383767444688012,0.19102809292928616
182.75,0.0,397.9321158682326,1.022471359679153,96.0,392.54585542175744,400.0000000000006,520601.4831233503,198.51687664972636,1.5297514805515846,-7.749912441568085e-06,2.378129553962111e-08,1.417305988883182e-15,4.163336342344337e-17,1.6569057951749404,0.020754512984903137,-44.40047791098563,0.0,0.0,397.7957538914324,397.2113242523477,397.73041574157327,398.63640670932625,397.28629387448603,397.6859138252565,398.1783179112087,96.0,397.9321158682326,1.022471359679153,1,1.5383767444688012,0.19106845776354797
183.0,0.0,397.9292870253868,1.0227800788624757,96.0,392.54186270814415,400.0000000000007,520601.2115544371,198.7884455629249,1.5297113620847362,-7.758995479889563e-06,2.3809167650480347e-08,1.3322676295501878e-15,4.163336342344337e-17,1.65688635138855,0.02075412418917777,-44.40047791098563,0.0,0.0,397.79257804642657,397.20811571819627,397.7281016146371,398.6348325953995,397.281876607525,397.6832015024063,398.17537254836725,96.0,397.9292870253868,1.0227800788624757,1,1.5383767444688012,0.1911088362127483
183.25,0.0,397.9264581825414,1.023088965697031,96.0,392.5378821283295,400.0000000000007,520600.93998552393,199.06001447607582,1.5296712803387893,-7.76808056457412e-06,2.383704604078668e-08,1.4173059888831766e-15,4.163336342344337e-17,1.6568669526168402,0.020753735711509524,-44.40047791098563,0.0,0.0,397.78941532455224,397.2048969957932,397.72578684053053,398.63325262892704,397.27746204621616,397.68048972280184,398.172426642281,96.0,397.9264581825414,1.023088965697031,1,1.5383767444688012,0.1911492282242643
183.5,0.0,397.9236293396966,1.0233979701430402,96.0,392.5339134917828,400.0000000000007,520600.6684166109,199.33158338918162,1.52963123530263,-7.776988070418156e-06,2.386437951462849e-08,1.4173059888831793e-15,4.163336342344337e-17,1.6568475983945246,0.020753347553463575,-44.40047791098563,0.0,0.0,397.78626552865853,397.20166861618617,397.72347104657297,398.6316668432232,397.27305053181277,397.6777784607895,398.1694802186037,96.0,397.9236293396966,1.0233979701430402,1,1.5383767444688012,0.19118963372819256
183.75,0.0,397.9208004968523,1.0237070967573567,96.0,392.5299566099223,400.00000000000074,520600.3968476978,199.6031523022353,1.5295912269822385,-7.786015174815475e-06,2.3892079987267148e-08,1.4173059888831766e-15,4.163336342344337e-17,1.6568282885285475,0.020752959716821874,-44.40047791098563,0.0,0.0,397.7831284243499,397.19843129049553,397.72115388726024,398.63007527291853,397.26864235704295,397.6750676908961,398.16653330280843,96.0,397.9208004968523,1.0237070967573567,1,1.5383767444688012,0.19123005263828588
184.0,0.0,397.91797165400857,1.0240163497574142,96.0,392.52601129614953,400.00000000000074,520600.12527878484,199.87472121524092,1.5295512553920911,-7.79486532564988e-06,2.391923746216123e-08,1.4173059888831793e-15,4.163336342344337e-17,1.6568090229728347,0.02075257220324992,-44.40047791098563,0.0,0.0,397.78000374343486,397.1951857781464,397.71883504837456,398.62847795405077,397.2642377995532,397.6723573882459,398.1635859197711,96.0,397.91797165400857,1.0240163497574142,1,1.5383767444688012,0.19127048485292417
184.25,0.0,397.9151428111652,1.0243257325270763,96.0,392.52207736601116,400.0000000000007,520599.8537098719,200.1462901281957,1.5295113205518385,-7.803716670196081e-06,2.3946398600066114e-08,1.4173059888831793e-15,4.163336342344337e-17,1.6567898017492848,0.02075218501452796,-44.40047791098563,0.0,0.0,397.77689118643383,397.19193287821406,397.71651424993047,398.62687492408776,397.25983712207443,397.6696475286263,398.16063809370416,96.0,397.9151428111652,1.0243257325270763,1,1.5383767444688012,0.19131093024090348
184.5,0.0,397.91231396832245,1.0246352479208807,96.0,392.51815463746277,400.0000000000006,520599.582140959,200.41785904110088,1.5294714224994927,-7.812510602889233e-06,2.3973383564594187e-08,1.3322676295501878e-15,4.163336342344337e-17,1.6567706248643321,0.020751798152403918,-44.40047791098563,0.0,0.0,397.7737904254277,397.188673422432,397.71419124797137,398.6252662218531,397.255440571299,397.6669380885376,398.1576898481073,96.0,397.91231396832245,1.0246352479208807,1,1.5383767444688012,0.19135138867256232
184.75,0.0,397.9094851254802,1.0249450071935706,96.0,392.5142429312104,400.0000000000007,520599.3105720461,200.6894279539543,1.529431561266656,-7.821304365052129e-06,2.4000368005835003e-08,1.4173059888831766e-15,4.163336342344337e-17,1.6567514923625186,0.020751411617870454,-44.40047791098563,0.0,0.0,397.77070110711696,397.18540826737654,397.7118658352391,398.6236518875196,397.25104837706186,397.6642290452449,398.15474120571554,96.0,397.9094851254802,1.0249450071935706,1,1.5383767444688012,0.19139186000122357
185.0,0.0,397.9066562826385,1.0252552347567412,96.0,392.5103420710988,400.0000000000007,520599.0390031333,200.96099686675774,1.5293917368769552,-7.829980972928752e-06,2.4026992948729663e-08,1.358251572679711e-15,4.163336342344337e-17,1.6567324043231753,0.020751025411737928,-44.40047791098563,0.0,0.0,397.76762286048603,397.1821382858224,397.7095378407868,398.6220319626009,397.24666075184206,397.6615203768079,398.1517921884691,96.0,397.9066562826385,1.0252552347567412,1,1.5383767444688012,0.19143234405072596
185.25,0.0,397.90382743979734,1.0255655873053504,96.0,392.50645188463153,400.0000000000007,520598.7674342205,201.23256577951125,1.5293519493521708,-7.838656955527767e-06,2.405361597290438e-08,1.4173059888831793e-15,4.163336342344337e-17,1.6567133608054312,0.020750639534689495,-44.40047791098563,0.0,0.0,397.76455530101236,397.1788643575218,397.70720712863493,398.6204064899468,397.2422778905769,397.65881206201783,398.14884281757696,96.0,397.90382743979734,1.0255655873053504,1,1.5383767444688012,0.19147284065706452
185.5,0.0,397.9009985969567,1.025876063728692,96.0,392.5025722034771,400.0000000000007,520598.4958653078,201.5041346922115,1.5293121987128764,-7.847274105188262e-06,2.4080058462975133e-08,1.295260195396016e-15,3.491130995403324e-17,1.6566943618495515,0.020750253987267587,-44.40047791098563,0.0,0.0,397.7614980296536,397.17558735966907,397.7048735955798,398.6187755137388,397.23789997077785,397.65610408059337,398.14589311332,96.0,397.9009985969567,1.025876063728692,1,1.5383767444688012,0.1915133496469087
185.75,0.0,397.8981697541167,1.026186661994569,96.0,392.4987028639991,400.0000000000006,520598.2242963952,201.7757036048611,1.529272484978646,-7.855776431142658e-06,2.410614860629226e-08,1.4802973661668755e-15,4.163336342344337e-17,1.656675407478295,0.020749868769907153,-44.40047791098563,0.0,0.0,397.75845063731697,397.1723081573102,397.702537168292,398.6171390794681,397.2335271528944,397.65339641319844,398.14294309503475,96.0,397.8981697541167,1.026186661994569,1,1.5383767444688012,0.19155387083855815
186.0,0.0,397.89534091127706,1.0264973606333294,96.0,392.49484370779254,400.0000000000007,520597.95272748254,202.0472725174592,1.529232808168037,-7.864337021601386e-06,2.4132417539422488e-08,1.4173059888831766e-15,4.163336342344337e-17,1.6566564976989315,0.02074948388295938,-44.40047791098563,0.0,0.0,397.75541270785703,397.1690275939346,397.7001977998526,398.61549723391533,397.2291595809104,397.65068904146875,398.13999278108537,96.0,397.89534091127706,1.0264973606333294,1,1.5383767444688012,0.1915944040428695
186.25,0.0,397.892512068438,1.0268081464432441,96.0,392.4909945822107,400.0000000000007,520597.6811585701,202.31884143000372,1.5291931683155695,-7.872663701391502e-06,2.415796869686401e-08,1.1796119636642288e-15,3.3393426912553537e-17,1.6566376326383978,0.020749099326742626,-44.40047791098563,0.0,0.0,397.7523838213759,397.16574648246217,397.69785546587667,398.61385002512316,397.22479738314286,397.64798194800215,398.137042188874,96.0,397.892512068438,1.0268081464432441,1,1.5383767444688012,0.19163494906455472
186.5,0.0,397.8896832255996,1.0271190673945816,96.0,392.48715534086483,400.0000000000006,520597.40958965756,202.59041034249486,1.5291535654365278,-7.881107308094215e-06,2.4183878654935345e-08,1.4173059888831793e-15,4.163336342344337e-17,1.6566188122611807,0.020748715103343536,-44.40047791098563,0.0,0.0,397.74936355715084,397.1624655968155,397.6955101603824,398.6121975023735,397.2204406732217,397.64527511644764,398.13409133475153,96.0,397.8896832255996,1.0271190673945816,1,1.5383767444688012,0.19167550571194694
186.75,0.0,397.8868543827616,1.0274299000631242,96.0,392.4833258440935,400.0000000000006,520597.13802074513,202.86197925493218,1.5291139995432512,-7.88943557950006e-06,2.420943469639128e-08,1.4173059888831793e-15,4.163336342344337e-17,1.6566000365214764,0.020748331212860713,-44.40047791098563,0.0,0.0,397.7463514964441,397.1591856642205,397.69316189155,398.6105397161369,397.21608955119177,397.6425685314891,398.13114023403426,96.0,397.8868543827616,1.0274299000631242,1,1.5383767444688012,0.19171607377811606
187.0,0.0,397.88402553992427,1.02774011320424,96.0,392.4795059593992,400.0000000000007,520596.8664518327,203.1335481673213,1.5290744706592,-7.897762714037526e-06,2.4234987249265492e-08,1.4173059888831793e-15,4.163336342344337e-17,1.656581305402551,0.020747947655200303,-44.40047791098563,0.0,0.0,397.74334722506353,397.15591072232195,397.69081067771907,398.60887671803005,397.21175078367276,397.6398621798712,398.12818889997743,96.0,397.88402553992427,1.02774011320424,1,1.5383767444688012,0.1917566530519562
187.25,0.0,397.8811966970875,1.0280494401805707,96.0,392.4756955618602,400.0000000000006,520596.5948829204,203.4051170796554,1.5290349787955964,-7.905974570121543e-06,2.4260186059953386e-08,1.4173059888831766e-15,4.163336342344337e-17,1.6565626188485565,0.020747564430280547,-44.40047791098563,0.0,0.0,397.74035033482585,397.15264434026966,397.68845654604706,398.6072085607936,397.20743051208615,397.63715605184876,398.1252373423261,96.0,397.8811966970875,1.0280494401805707,1,1.5383767444688012,0.19179724324905637
187.5,0.0,397.87836785425117,1.0283579459721974,96.0,392.4718945344741,400.0000000000006,520596.3233140081,203.6766859919391,1.5289955239626907,-7.914127309049945e-06,2.4285203464391892e-08,1.4173059888831793e-15,4.163336342344337e-17,1.6565439767959143,0.020747181537988334,-44.40047791098563,0.0,0.0,397.73736042124085,397.14938719064753,397.6860995297603,398.60553529824546,397.20312912231907,397.63445013841715,398.1222855700851,96.0,397.87836785425117,1.0283579459721974,1,1.5383767444688012,0.191837844060432
187.75,0.0,397.87553901141547,1.0286657151324157,96.0,392.46810276801943,400.0000000000006,520596.0517450959,203.948254904172,1.5289561061682506,-7.922279706917834e-06,2.4310219822255878e-08,1.4173059888831793e-15,4.163336342344337e-17,1.656525379172937,0.0207467989782342,-44.40047791098563,0.0,0.0,397.73437708824775,397.14613956789844,397.6837396633813,398.6038569851995,397.19884650767676,397.63174443052577,398.1193335923051,96.0,397.87553901141547,1.0286657151324157,1,1.5383767444688012,0.19187845526662553
188.0,0.0,397.8727101685802,1.0289767422474871,96.0,392.4643201609154,400.0000000000006,520595.7801761837,204.21982381635513,1.5289167254095632,-7.930374124498485e-06,2.4335058262452194e-08,1.4173059888831793e-15,4.163336342344337e-17,1.6565068258898135,0.020746416750954087,-44.40047791098563,0.0,0.0,397.73139995557176,397.14290137420045,397.6813769784696,398.60217456726497,397.1945826093151,397.6290389209052,398.11638141625525,96.0,397.8727101685802,1.0289767422474871,1,1.5383767444688012,0.19191907664758467
188.25,0.0,397.86988132574544,1.0292918389012637,96.0,392.4605466201041,400.0000000000006,520595.5086072716,204.49139272848925,1.528877381701916,-7.938351160419188e-06,2.4359536506586013e-08,1.2027416100105863e-15,3.382710778154774e-17,1.6564883169532014,0.020746034856093765,-44.40047791098563,0.0,0.0,397.7284287554023,397.13967216825614,397.67901149924927,398.6004877237646,397.1903374531958,397.6263336033569,398.11342904813404,96.0,397.86988132574544,1.0292918389012637,1,1.5383767444688012,0.19195970798317105
188.5,0.0,397.8670524829113,1.0296062579274203,96.0,392.4567820192598,400.0000000000006,520595.2370383595,204.76296164057862,1.5288380750554473,-7.94632825318331e-06,2.4384014925148916e-08,1.4173059888831766e-15,4.163336342344337e-17,1.6564698523103296,0.02074565329472776,-44.40047791098563,0.0,0.0,397.7254640888763,397.1364512365919,397.6766432319293,398.59879571627744,397.1861111404329,397.6236284837808,398.1104764820416,96.0,397.8670524829113,1.0296062579274203,1,1.5383767444688012,0.1920003490536102
188.75,0.0,397.8642236400774,1.029919521863562,96.0,392.4530262067822,400.0000000000006,520594.96546944743,205.03453055262094,1.528798805476405,-7.954306767032904e-06,2.4408497704438966e-08,1.4173059888831793e-15,4.163336342344337e-17,1.6564514318299133,0.02074527206745204,-44.40047791098563,0.0,0.0,397.72250629956864,397.1332376709465,397.67427217785627,398.59709860171455,397.1819038168785,397.62092361045126,398.1075236697036,96.0,397.8642236400774,1.029919521863562,1,1.5383767444688012,0.1920409996398885
189.0,0.0,397.86139479724415,1.030231923668834,96.0,392.4492790447109,400.0000000000006,520594.69390053547,205.30609946462533,1.5287595729738355,-7.962169831898791e-06,2.4432626218255447e-08,1.4173059888831766e-15,4.163336342344337e-17,1.6564330554096196,0.020744891173870468,-44.40047791098563,0.0,0.0,397.71955567366905,397.1300304462037,397.6718983271239,398.59539643457975,397.17771565018086,397.61821892853413,398.104570665954,96.0,397.86139479724415,1.030231923668834,1,1.5383767444688012,0.1920816595241032
189.25,0.0,397.85856595441106,1.0305433779649416,96.0,392.44554040832304,400.0000000000006,520594.42233162344,205.57766837659395,1.5287203775505533,-7.970088944375675e-06,2.4456926719150677e-08,1.4173059888831766e-15,4.163336342344337e-17,1.6564147229379935,0.020744510613688507,-44.40047791098563,0.0,0.0,397.7166125016573,397.1268284897546,397.6695216580767,398.59368927833907,397.173546862938,397.61551443172294,398.1016174770992,96.0,397.85856595441106,1.0305433779649416,1,1.5383767444688012,0.19212232848977048
189.5,0.0,397.85573711157843,1.0308539789712254,96.0,392.44181018561875,400.0000000000007,520594.15076271154,205.84923728852772,1.5286812192134003,-7.97789323314646e-06,2.4480874873292278e-08,1.3322676295501878e-15,4.163336342344337e-17,1.6563964343227355,0.020744130386644785,-44.40047791098563,0.0,0.0,397.71367707173715,397.1236307302484,397.6671421366244,398.59197708380134,397.16939770410926,397.6128101109275,398.0986641122293,96.0,397.85573711157843,1.0308539789712254,1,1.5383767444688012,0.19216300632209493
189.75,0.0,397.85290826874615,1.0311636712128334,96.0,392.4380882760434,400.0000000000006,520593.8791937997,206.12080620043042,1.5286420979741293,-7.985638120544536e-06,2.4504640749039058e-08,1.4173059888831793e-15,4.163336342344337e-17,1.6563781894907417,0.02074375049257273,-44.40047791098563,0.0,0.0,397.71074966227854,397.12043614213167,397.6647597152007,398.5902598212539,397.16526843625877,397.61010595633576,398.0957105811564,96.0,397.85290826874615,1.0311636712128334,1,1.5383767444688012,0.19220369280820523
190.0,0.0,397.8500794259141,1.0314718718064044,96.0,392.4343745894864,400.0000000000006,520593.6076248877,206.39237511230274,1.5286030138437026,-7.993497547431616e-06,2.4528758099394035e-08,1.4173059888831793e-15,4.163336342344337e-17,1.65635998836816,0.02074337093139716,-44.40047791098563,0.0,0.0,397.7078305343471,397.11724378122335,397.66237433341377,398.588537471115,397.16115932535456,397.60740195723685,398.09275689459133,96.0,397.8500794259141,1.0314718718064044,1,1.5383767444688012,0.19224438773735839
190.25,0.0,397.84725058308237,1.0317794273396201,96.0,392.4306690452278,400.0000000000006,520593.3360559759,206.66394402414664,1.528563966832122,-8.001240786370545e-06,2.455251891669732e-08,1.3322676295501878e-15,4.163336342344337e-17,1.6563418308791633,0.020742991703078913,-44.40047791098563,0.0,0.0,397.7049197907556,397.1140528120278,397.6599859197309,398.58681001919626,397.15707063168986,397.60469810527155,398.08980306089325,96.0,397.84725058308237,1.0317794273396201,1,1.5383767444688012,0.1922850909011156
190.5,0.0,397.84442174025094,1.0320858619526636,96.0,392.426971570779,400.0000000000006,520593.0644870641,206.93551293596232,1.5285249569483592,-8.008928261915571e-06,2.4576108619067287e-08,1.4173059888831766e-15,4.163336342344337e-17,1.6563237169454035,0.020742612807600775,-44.40047791098563,0.0,0.0,397.70201756665807,397.1108625277597,397.65759439338814,398.58507745695675,397.15300260182534,397.6019943887314,398.0868490917704,96.0,397.84442174025094,1.0320858619526636,1,1.5383767444688012,0.1923258020934928
190.75,0.0,397.8415928974198,1.0323914262202012,96.0,392.42328210065324,400.0000000000006,520592.7929181523,207.20708184775293,1.528485984200338,-8.016616305894786e-06,2.459970006572811e-08,1.417305988883182e-15,4.163336342344337e-17,1.656305646485863,0.020742234244958083,-44.40047791098563,0.0,0.0,397.6991239825835,397.10767236275257,397.65519965402456,398.58333978251,397.1489554520317,397.5992907955304,398.08389499930917,96.0,397.8415928974198,1.0323914262202012,1,1.5383767444688012,0.19236652111108674
191.0,0.0,397.83876405458886,1.0326961705478699,96.0,392.4196005750927,400.0000000000006,520592.52134924056,207.47865075951938,1.528447048594944,-8.024244777971035e-06,2.4623108710706855e-08,1.417305988883182e-15,4.163336342344337e-17,1.6562876194169398,0.020741856015152785,-44.40047791098563,0.0,0.0,397.6962391335716,397.1044819092524,397.6528015741627,398.5815970001443,397.14492937226123,397.59658731406506,398.0809407951128,96.0,397.83876405458886,1.0326961705478699,1,1.5383767444688012,0.1924072477516919
191.25,0.0,397.8359352117582,1.0330000725282165,96.0,392.4159269387968,400.0000000000006,520592.24978032877,207.75021967126287,1.5284081501380549,-8.031931628238453e-06,2.4646696494356874e-08,1.4173059888831793e-15,4.163336342344337e-17,1.656269635652575,0.02074147811818962,-44.40047791098563,0.0,0.0,397.69336308577647,397.1012909293848,397.65040002894824,398.5798491192148,397.1409245589227,397.5938839319087,398.07798649160776,96.0,397.8359352117582,1.0330000725282165,1,1.5383767444688012,0.19244798181681735
191.5,0.0,397.83310636892776,1.0333032231004666,96.0,392.4122611396728,400.0000000000006,520591.9782114171,208.02178858298407,1.5283692888158904,-8.039503370582679e-06,2.4669931059107835e-08,1.4173059888831793e-15,4.163336342344337e-17,1.6562516950323873,0.020741100554073647,-44.40047791098563,0.0,0.0,397.6904958744673,397.09809933212483,397.6479948984504,398.57809615360753,397.1369411748704,397.5911806359245,398.0750321019311,96.0,397.83310636892776,1.0333032231004666,1,1.5383767444688012,0.19248872311157525
191.75,0.0,397.8302775260975,1.0336056454518154,96.0,392.40860312764244,400.0000000000006,520591.70664250536,208.29335749468504,1.528330464522637,-8.0471332637444e-06,2.469334406481373e-08,1.1102230246251565e-15,3.122502256758253e-17,1.6562337970299266,0.020740723322380236,-44.40047791098563,0.0,0.0,397.687637502726,397.0949071639127,397.6455860696361,398.5763381213057,397.13297934292336,397.5884774123629,398.07207763983223,96.0,397.8302775260975,1.0336056454518154,1,1.5383767444688012,0.19252947144395846
192.0,0.0,397.8274486832675,1.0339073586413208,96.0,392.4049528535291,400.0000000000007,520591.43507359363,208.56492640636384,1.5282916772717858,-8.054761508446973e-06,2.4716752012076128e-08,1.4173059888831793e-15,4.163336342344337e-17,1.6562159415503348,0.020740346420612597,-44.40047791098563,0.0,0.0,397.6847879407759,397.0917145958373,397.6431734380423,398.5745750439756,397.1290391437027,397.5857742469804,398.06912311955483,96.0,397.8274486832675,1.0339073586413208,1,1.5383767444688012,0.19257022662487996
192.25,0.0,397.8246198404377,1.0342083934193613,96.0,392.40131026809826,400.0000000000007,520591.163504682,208.83649531802502,1.5282529271002714,-8.062275668407892e-06,2.4739809880163017e-08,1.417305988883182e-15,4.163336342344337e-17,1.656198128648971,0.02073996984887792,-44.40047791098563,0.0,0.0,397.6819471258924,397.08852190841446,397.64075690907185,398.57280694657436,397.12512061476764,397.5830711251592,398.0661685557163,96.0,397.8246198404377,1.0342083934193613,1,1.5383767444688012,0.19261098757882608
192.5,0.0,397.82179099760816,1.034508754481952,96.0,392.3976753212353,400.0000000000006,520590.8919357704,209.10806422966695,1.5282142140559625,-8.069787327258382e-06,2.4762860073370126e-08,1.4173059888831793e-15,4.163336342344337e-17,1.6561803584105985,0.020739593607598084,-44.40047791098563,0.0,0.0,397.6791149628821,397.0853294745096,397.63833640212056,398.5710338570231,397.1212237503167,397.580368032032,398.06321396318435,96.0,397.82179099760816,1.034508754481952,1,1.5383767444688012,0.1926517531104066
192.75,0.0,397.81896215477883,1.0348080342470585,96.0,392.3940479611209,400.0000000000007,520590.6203668587,209.379633141289,1.5281755381814177,-8.077358614855257e-06,2.4786093242688397e-08,1.4173059888831766e-15,4.163336342344337e-17,1.6561626308977584,0.020739217697323058,-44.40047791098563,0.0,0.0,397.6762913250562,397.0821377412491,397.63591184697435,398.56925580580594,397.1173485014647,397.5776649526072,398.0602593569503,96.0,397.81896215477883,1.0348080342470585,1,1.5383767444688012,0.19269252310965365
193.0,0.0,397.8161333119495,1.035106660208844,96.0,392.3904281336714,400.00000000000074,520590.34879794717,209.65120205289185,1.528136899513527,-8.08481223657509e-06,2.4808965343798745e-08,1.417305988883182e-15,4.163336342344337e-17,1.6561449461518831,0.0207388421185965,-44.40047791098563,0.0,0.0,397.6734760556422,397.0789472116926,397.63348318519274,398.56747282551,397.1134947772251,397.5749618718782,398.0573047520209,96.0,397.8161333119495,1.035106660208844,1,1.5383767444688012,0.19273329747969634
193.25,0.0,397.8133044691205,1.035404657303648,96.0,392.3868157821627,400.0000000000007,520590.07722903555,209.9227709644791,1.5280982980835713,-8.092322701713783e-06,2.483201187399505e-08,1.3322676295501884e-15,4.163336342344337e-17,1.656127304195096,0.020738466871928363,-44.40047791098563,0.0,0.0,397.6706689695802,397.0757584264453,397.63105037058557,398.56568495078335,397.1096624459708,397.57225877492095,398.05435016332007,96.0,397.8133044691205,1.035404657303648,1,1.5383767444688012,0.19277407614396658
193.5,0.0,397.8104756262917,1.0357020376427024,96.0,392.38321084694064,400.0000000000007,520589.80566012405,210.19433987605,1.528059733916753,-8.099718399989797e-06,2.4854706231866808e-08,1.4173059888831793e-15,4.163336342344337e-17,1.6561097050299611,0.020738091957782975,-44.40047791098563,0.0,0.0,397.66786985562527,397.07257194578915,397.6286133692711,398.56389221797735,397.1058513373215,397.56955564699246,398.0513956055909,96.0,397.8104756262917,1.0357020376427024,1,1.5383767444688012,0.1928148590017472
193.75,0.0,397.807646783463,1.0359988119428167,96.0,392.37961326505916,400.0000000000007,520589.53409121244,210.46590878760662,1.5280212070338415,-8.107229490406098e-06,2.4877754680783055e-08,1.1102230246251565e-15,2.7755575615628914e-17,1.6560921486447033,0.020737717376571298,-44.40047791098563,0.0,0.0,397.6650784785886,397.0693883327357,397.626172159534,398.56209466484285,397.10206124437605,397.566852473617,398.0484410933089,96.0,397.807646783463,1.0359988119428167,1,1.5383767444688012,0.1928556460023704
194.0,0.0,397.80481794063445,1.0362944265469933,96.0,392.3760229704845,400.0000000000007,520589.26252230094,210.73747769914542,1.5279827174524363,-8.11462382444006e-06,2.4900444852356752e-08,1.4173059888831793e-15,4.163336342344337e-17,1.6560746350172437,0.020737343128655345,-44.40047791098563,0.0,0.0,397.66229458190895,397.06620813726414,397.62372673152584,398.56029233027897,397.0982919262426,397.5641492406581,398.0454866406108,96.0,397.80481794063445,1.0362944265469933,1,1.5383767444688012,0.19289643707702323
194.25,0.0,397.80198909780603,1.0365865167437842,96.0,392.37243989663017,400.0000000000007,520588.9909533894,211.0090466106676,1.527944265186021,-8.1220780714375e-06,2.4923318872187046e-08,1.417305988883182e-15,4.163336342344337e-17,1.6560571641127675,0.020736969214353848,-44.40047791098563,0.0,0.0,397.6595178903918,397.0630318811801,397.6212770868287,398.55848440546004,397.0945431107925,397.5614459343753,398.04253226123683,96.0,397.80198909780603,1.0365865167437842,1,1.5383767444688012,0.19293723212667357
194.5,0.0,397.79916025497783,1.036872511785246,96.0,392.36886400336937,400.0000000000007,520588.7193844778,211.28061552217693,1.5279058502443703,-8.129531636313914e-06,2.4946190798868306e-08,1.4173059888831793e-15,4.163336342344337e-17,1.6560397358848646,0.02073659563393924,-44.40047791098563,0.0,0.0,397.65674809501536,397.05986004456736,397.6188232379096,398.55664020734054,397.090814497538,397.5587425416063,398.0395779683495,96.0,397.79916025497783,1.036872511785246,1,1.5383767444688012,0.1929780310534568
194.75,0.0,397.7963314121498,1.0371516010458208,96.0,392.3652952600577,400.0000000000006,520588.4478155664,211.55218443367215,1.527867472633962,-8.136868672181663e-06,2.496870514592336e-08,1.1102230246251565e-15,2.7755575615628914e-17,1.656022350276503,0.02073622238764031,-44.40047791098563,0.0,0.0,397.65398481462614,397.05669304917024,397.6163652074904,398.55472817358594,397.08710576053335,397.5560390568674,398.0366237674322,96.0,397.7963314121498,1.0371516010458208,1,1.5383767444688012,0.193018833760516
195.0,0.0,397.79350256932184,1.0374313050870276,96.0,392.3617320959024,400.0000000000006,520588.17624665494,211.82375334515768,1.5278291323715973,-8.144206390170439e-06,2.4991221586127446e-08,1.1102230246251565e-15,2.7755575615628914e-17,1.6560050071252357,0.0207358494756449,-44.40047791098563,0.0,0.0,397.65122762046434,397.05353105890333,397.61390302783894,398.55292188337125,397.0834165513255,397.5533355077387,398.03366963090485,96.0,397.79350256932184,1.0374313050870276,1,1.5383767444688012,0.19305964015185664
195.25,0.0,397.79067372649394,1.0377114482102983,96.0,392.35816968065836,400.0000000000007,520587.90467774344,212.0953222566356,1.5277908295917997,-8.15160322531483e-06,2.5013919432580926e-08,1.4173059888831766e-15,4.163336342344337e-17,1.6559877060949688,0.02073547689808713,-44.40047791098563,0.0,0.0,397.64847601309555,397.0503737875742,397.61143674004444,398.551129317318,397.0797465019436,397.55063188296134,398.0307155700264,96.0,397.79067372649394,1.0377114482102983,1,1.5383767444688012,0.1931004501570626
195.5,0.0,397.7878448836661,1.0379913888770749,96.0,392.35460728805566,400.00000000000074,520587.633108832,212.36689116810467,1.5277525645650545,-8.158939976965485e-06,2.503643290749055e-08,1.1367975119167167e-15,3.3393426912553537e-17,1.6559704468208523,0.020735104655433937,-44.40047791098563,0.0,0.0,397.64572951157004,397.0472214339162,397.60896639289103,398.54933236262355,397.07609522786436,397.54792817192384,398.02776159540844,96.0,397.7878448836661,1.0379913888770749,1,1.5383767444688012,0.19314126372007479
195.75,0.0,397.7850160408384,1.0382710036326825,96.0,392.3510449799007,400.00000000000074,520587.3615399205,212.6384600795662,1.5277143374757725,-8.166334993120472e-06,2.505912517221328e-08,1.4173059888831793e-15,4.163336342344337e-17,1.6559532289168286,0.02073473274897995,-44.40047791098563,0.0,0.0,397.64298762464455,397.0440742285819,397.6064920379441,398.5475273345679,397.07246233063535,397.5452243652012,398.0248077164756,96.0,397.7850160408384,1.0382710036326825,1,1.5383767444688012,0.19318208076001342
196.0,0.0,397.7821871980107,1.0385502620802942,96.0,392.3474829649536,400.00000000000074,520587.08997100906,212.9100289910184,1.5276761484077053,-8.173672370048735e-06,2.5081640565842848e-08,1.3322676295501882e-15,4.163336342344337e-17,1.655936052023024,0.020734361180441637,-44.40047791098563,0.0,0.0,397.64024985435464,397.04093234420225,397.60401372463133,398.5457136500055,397.06884740058047,397.542520454456,398.0218539415655,96.0,397.7821871980107,1.0385502620802942,1,1.5383767444688012,0.19322290119495356
196.25,0.0,397.77935835518315,1.038829159469075,96.0,392.3439214656794,400.0000000000006,520586.81840209756,213.1815979024648,1.5276379973523027,-8.181068864132612e-06,2.510433736572181e-08,1.4173059888831793e-15,4.163336342344337e-17,1.655918915832429,0.02073398995173581,-44.40047791098563,0.0,0.0,397.63751569960925,397.0377958764407,397.6015314940646,398.5438912896734,397.065250019393,397.5398164323871,398.0189002779792,96.0,397.77935835518315,1.038829159469075,1,1.5383767444688012,0.19326372494195332
196.5,0.0,397.7765295123557,1.0391076983391618,96.0,392.34036069537103,400.0000000000006,520586.5468331861,213.4531668139022,1.527599884231137,-8.188406070530618e-06,2.5126852236064125e-08,1.5265566588595906e-15,4.7704895589362195e-17,1.6559018201015498,0.020733619064742158,-44.40047791098563,0.0,0.0,397.63478465979847,397.03466484172486,397.59904537524045,398.5420603362725,397.0616697625743,397.5371122928241,398.01594673188737,96.0,397.7765295123557,1.0391076983391618,1,1.5383767444688012,0.19330455191708654
196.75,0.0,397.77370066952835,1.0393858805809137,96.0,392.33680085530005,400.0000000000007,520586.27526427474,213.7247357253301,1.5275618089225962,-8.195684500833522e-06,2.514918674673156e-08,1.3322676295501884e-15,4.163336342344337e-17,1.655884764647995,0.020733248521083054,-44.40047791098563,0.0,0.0,397.6320562381961,397.03153917912977,397.59655538223893,398.54022088958527,397.05810620170655,397.53440803056,398.0129933084966,96.0,397.77370066952835,1.0393858805809137,1,1.5383767444688012,0.19334538203548154
197.0,0.0,397.770871826701,1.0396619319829061,96.0,392.3332421368673,400.0000000000007,520586.0036953633,213.99630463674924,1.5275237712799086,-8.203021195640758e-06,2.5171700047212097e-08,1.417305988883182e-15,4.163336342344337e-17,1.655867749275811,0.020732878321955042,-44.40047791098563,0.0,0.0,397.6293299468974,397.02841875455994,397.59406151202177,398.5383730509829,397.0545589061864,397.53170364128545,398.0100400121167,96.0,397.770871826701,1.0396619319829061,1,1.5383767444688012,0.19338621532652112
197.25,0.0,397.7680429838738,1.0399371744492025,96.0,392.32968472189515,400.0000000000007,520585.7321264519,214.26787354815994,1.527485771188885,-8.210300535438364e-06,2.5194037348744907e-08,1.4173059888831793e-15,4.163336342344337e-17,1.655850774005588,0.020732508467945367,-44.40047791098563,0.0,0.0,397.62660433985627,397.025303365161,397.5915637433125,398.53651692019884,397.05102744483344,397.52899912352797,398.00708684421966,96.0,397.7680429838738,1.0399371744492025,1,1.5383767444688012,0.19342705157311454
197.5,0.0,397.7652141410467,1.0402120666628423,96.0,392.326128783905,400.0000000000006,520585.4605575405,214.53944245956302,1.5274478085110181,-8.217637343932438e-06,2.5216550998083617e-08,1.417305988883182e-15,4.163336342344337e-17,1.6558338396262788,0.020732138959375375,-44.40047791098563,0.0,0.0,397.6238782143674,397.0221927450327,397.5890620365492,398.5346525907442,397.0475113878538,397.5262944878125,398.00413379428096,96.0,397.7652141410467,1.0402120666628423,1,1.5383767444688012,0.19346789034176745
197.75,0.0,397.7623852982197,1.0404862001956263,96.0,392.3225744892704,400.0000000000006,520585.18898862915,214.81101137095501,1.5274098831360863,-8.224857168670496e-06,2.5238705672363435e-08,1.4173059888831793e-15,4.163336342344337e-17,1.6558169460256538,0.02073176979294385,-44.40047791098563,0.0,0.0,397.62115055449425,397.0190865712809,397.5865559710634,398.5327801566287,397.04401030826506,397.52358973945746,398.00118085698205,96.0,397.7623852982197,1.0404862001956263,1,1.5383767444688012,0.1935087315669816
198.0,0.0,397.7595564553928,1.0407596178458982,96.0,392.3190219982729,400.0000000000006,520584.91741971776,215.08258028233473,1.527371994983951,-8.232134746322117e-06,2.526103756659458e-08,1.417305988883182e-15,4.163336342344337e-17,1.6558000927849386,0.020731400967080604,-44.40047791098563,0.0,0.0,397.6184204050829,397.01598446988,397.5840454723061,398.53089970984337,397.0405237831509,397.52088486946997,397.99822804131577,96.0,397.7595564553928,1.0407596178458982,1,1.5383767444688012,0.19354957517981664
198.25,0.0,397.75672761256607,1.0410328160056792,96.0,392.31547146635677,400.0000000000007,520584.6458508064,215.35414919370555,1.5273341439939245,-8.239413688215791e-06,2.528337364712379e-08,1.3322676295501878e-15,4.163336342344337e-17,1.6557832796962846,0.020731032481807386,-44.40047791098563,0.0,0.0,397.6156868835469,397.0128860245594,397.5815305374864,398.52901134013723,397.0370513946937,397.51817987770823,397.99527534742396,96.0,397.75672761256607,1.0410328160056792,1,1.5383767444688012,0.19359042100045873
198.5,0.0,397.7538987697394,1.0413061248012885,96.0,392.3119230450552,400.0000000000007,520584.374281895,215.62571810506302,1.5272963301252238,-8.246693425917329e-06,2.5305712169660202e-08,9.992007221626409e-16,3.122502256758253e-17,1.6557665066576397,0.020730664337090705,-44.40047791098563,0.0,0.0,397.6129492129319,397.0097907843779,397.5790111543345,398.52711513532876,397.0335927310289,397.51547476727893,397.9923227721999,96.0,397.7538987697394,1.0413061248012885,1,1.5383767444688012,0.19363126893493074
198.75,0.0,397.751069926913,1.0415797035636245,96.0,392.3083768827713,400.0000000000007,520584.1027129836,215.89728701641178,1.5272585533541718,-8.253971628846557e-06,2.5328045982611292e-08,1.417305988883182e-15,4.163336342344337e-17,1.6557497736171498,0.02073029653256916,-44.40047791098563,0.0,0.0,397.6102066839198,397.0066982716148,397.576487292317,398.5252111814653,397.03014738694003,397.5127695431905,397.98937031063525,96.0,397.751069926913,1.0415797035636245,1,1.5383767444688012,0.19367211891477612
199.0,0.0,397.7482410840865,1.041853527431842,96.0,392.3048331254775,400.00000000000074,520583.8311440723,216.1688559277459,1.5272208136677212,-8.261190657776751e-06,2.5350198214883906e-08,1.4173059888831766e-15,4.163336342344337e-17,1.6557330805483217,0.02072992906753166,-44.40047791098563,0.0,0.0,397.6074586716629,397.0036079914935,397.5739589076913,398.5232995626645,397.02671496441116,397.5100642112145,397.9864179569585,96.0,397.7482410840865,1.041853527431842,1,1.5383767444688012,0.19371297086884173
199.25,0.0,397.7454122412602,1.0421273543667249,96.0,392.3012919172816,400.00000000000074,520583.55957516097,216.44042483906696,1.5271831110598248,-8.268412244660794e-06,2.5372358296465385e-08,1.4173059888831766e-15,4.163336342344337e-17,1.65571642743516,0.02072956194098142,-44.40047791098563,0.0,0.0,397.60470464076445,397.0005194384518,397.5714259504982,398.52138036160505,397.0232950730477,397.5073587413438,397.98346574117664,96.0,397.7454122412602,1.0421273543667249,1,1.5383767444688012,0.19375382472359
199.5,0.0,397.7425833984342,1.042401976264534,96.0,392.29775340086815,400.00000000000074,520583.2880062497,216.7119937503716,1.5271454455271225,-8.275574600702384e-06,2.53943366229393e-08,1.8897413185109023e-15,5.551115123125783e-17,1.6556998142438073,0.020729195151761293,-44.40047791098563,0.0,0.0,397.60194411061616,396.99743210376187,397.56888837204286,398.5194535285575,397.0198873303862,397.50465309730816,397.9805136995603,96.0,397.7425833984342,1.042401976264534,1,1.5383767444688012,0.19379468040337222
199.75,0.0,397.7397545556083,1.0426771598117248,96.0,392.2942177178122,400.0000000000006,520583.01643733843,216.983562661654,1.527107817062448,-8.28273616093611e-06,2.5416312507406012e-08,1.417305988883182e-15,4.163336342344337e-17,1.6556832408862199,0.02072882869864188,-44.40047791098563,0.0,0.0,397.59917671006406,396.9943454825875,397.5663461322079,398.5175186080012,397.0164913621106,397.50194730796983,397.97756180324683,96.0,397.7397545556083,1.0426771598117248,1,1.5383767444688012,0.19383553783066923
200.0,0.0,397.73692571278275,1.0429534130881963,96.0,392.29068500877224,400.0000000000007,520582.74486842717,217.25513157290922,1.5270702256650859,-8.289899710689497e-06,2.5438294496890733e-08,1.4173059888831766e-15,4.163336342344337e-17,1.6556667073596902,0.02072846258036302,-44.40047791098563,0.0,0.0,397.59640216308765,396.99125908051246,397.5637992065263,398.5155756711981,397.0131068021935,397.4992411072148,397.9746103183507,96.0,397.73692571278275,1.0429534130881963,1,1.5383767444688012,0.19387639692630598
200.25,0.0,397.73409686995757,1.0432312285611134,96.0,392.28715541356394,400.0000000000007,520582.4732995159,217.52670048411835,1.5270326713353137,-8.297060645645615e-06,2.54602684626375e-08,1.1102230246251565e-15,2.7755575615628914e-17,1.6556502136529676,0.020728096795862707,-44.40047791098563,0.0,0.0,397.59362028559957,396.98817241768535,397.56125567863495,398.51362478980604,397.00973329294993,397.49653408981993,397.9716596500953,96.0,397.73409686995757,1.0432312285611134,1,1.5383767444688012,0.1939172576096443
200.5,0.0,397.73126802713296,1.0435095713041453,96.0,392.28362907113257,400.0000000000007,520582.20173060475,217.7982693952867,1.5269951540718796,-8.30410698426931e-06,2.5481890779346982e-08,1.4173059888831766e-15,4.163336342344337e-17,1.6556337597432245,0.02072773134421674,-44.40047791098563,0.0,0.0,397.59083098245685,396.9850850365902,397.55872588241255,398.5116660357716,397.00637048512834,397.49382636960536,397.9687096846606,96.0,397.73126802713296,1.0435095713041453,1,1.5383767444688012,0.19395811979875766
200.75,0.0,397.7284391843088,1.0437873407487592,96.0,392.2801061194375,400.0000000000007,520581.93016169366,218.06983830641576,1.5269576738720674,-8.311094831014998e-06,2.550333360852702e-08,1.4802973661668755e-15,3.382710778154774e-17,1.6556173455996226,0.020727366224641264,-44.40047791098563,0.0,0.0,397.5880342436194,396.98199651076226,397.55620788209853,398.509699481305,397.0030180380368,397.491118279685,397.96576008893254,96.0,397.7284391843088,1.0437873407487592,1,1.5383767444688012,0.19399898341059027
201.0,0.0,397.7256103414849,1.044065913886513,96.0,392.2765866952522,400.00000000000074,520581.65859278257,218.34140721750956,1.5269202307313192,-8.318082336700172e-06,2.5524775391132538e-08,1.417305988883182e-15,4.163336342344337e-17,1.6556009711833741,0.020727001436493163,-44.40047791098563,0.0,0.0,397.58523013944483,396.9789064456222,397.55369931957597,398.50772518393285,396.9996756195441,397.4884099307833,397.9628107521864,96.0,397.7256103414849,1.044065913886513,1,1.5383767444688012,0.19403984836110297
201.25,0.0,397.72278149866133,1.0443455958927106,96.0,392.27307093388043,400.00000000000074,520581.38702387153,218.6129761285649,1.5268828246433264,-8.32501129366392e-06,2.5546037511779525e-08,1.417305988883182e-15,4.163336342344337e-17,1.655584636448916,0.020726636979256256,-44.40047791098563,0.0,0.0,397.5824188152521,396.97581448288355,397.55119604899835,398.50574303957256,396.9963429060687,397.48570198229146,397.9598610150312,96.0,397.72278149866133,1.0443455958927106,1,1.5383767444688012,0.19408071456540701
201.5,0.0,397.7199526558381,1.0446272326646147,96.0,392.2695589688157,400.0000000000007,520581.11545496044,218.88454503959713,1.5268454556001527,-8.331998060384649e-06,2.5567477026806925e-08,1.417305988883182e-15,4.163336342344337e-17,1.6555683413450424,0.02072627285252608,-44.40047791098563,0.0,0.0,397.5796004853021,396.97272030256914,397.54869382217447,398.50375303272307,396.9930195825584,397.48299407593043,397.9569112357458,96.0,397.7199526558381,1.0446272326646147,1,1.5383767444688012,0.19412158193788762
201.75,0.0,397.7171238130148,1.0449096816446548,96.0,392.26605093137414,400.00000000000074,520580.84388604946,219.15611395062368,1.526808123592424,-8.338869605495347e-06,2.5588562974077097e-08,1.4173059888831793e-15,4.163336342344337e-17,1.6555520858158046,0.02072590905599263,-44.40047791098563,0.0,0.0,397.5767754263438,396.9696236241412,397.54618931778964,398.50175512301325,396.98970534246354,397.4802860346877,397.9539615913421,96.0,397.7171238130148,1.0449096816446548,1,1.5383767444688012,0.19416245039231717
202.0,0.0,397.71429497019176,1.045189383464597,96.0,392.2625469502914,400.00000000000074,520580.57231713843,219.42768286164596,1.5267708286095794,-8.345798732989351e-06,2.560982561801134e-08,1.4173059888831766e-15,4.163336342344337e-17,1.6555358698012894,0.020725545589423605,-44.40047791098563,0.0,0.0,397.573943970868,396.96652420882003,397.5436802990537,398.499736475979,396.9863998877124,397.47757788974377,397.95101205063975,96.0,397.71429497019176,1.045189383464597,1,1.5383767444688012,0.1942033198419603
202.25,0.0,397.71146612736857,1.045467701668886,96.0,392.25904715140274,400.00000000000074,520580.3007482274,219.699251772669,1.5267335706400007,-8.35272763310968e-06,2.563108756422924e-08,1.3322676295501878e-15,4.163336342344337e-17,1.6555196932381184,0.02072518245264997,-44.40047791098563,0.0,0.0,397.57110650021053,396.9634218559316,397.541165426477,398.49770641287313,396.98310292869735,397.474869588219,397.9480626665181,96.0,397.71146612736857,1.045467701668886,1,1.5383767444688012,0.19424419019966957
202.5,0.0,397.70863728454543,1.0457440679120005,96.0,392.25555165691424,400.00000000000074,520580.0291793164,219.9708206836889,1.526696349671234,-8.359597870821744e-06,2.5652169499630435e-08,1.3322676295501878e-15,4.163336342344337e-17,1.6555035560600877,0.020724819645550195,-44.40047791098563,0.0,0.0,397.5682634375902,396.96031644491933,397.5386440868275,398.49566888766924,396.9798141843105,397.4721611586638,397.945113410427,96.0,397.70863728454543,1.0457440679120005,1,1.5383767444688012,0.194285061377974
202.75,0.0,397.70580844172235,1.0460188496922873,96.0,392.2520605849459,400.0000000000007,520579.75761040533,220.2423895947046,1.5266591656901194,-8.366584467012217e-06,2.567360849137058e-08,1.3322676295501882e-15,4.163336342344337e-17,1.6554874581985217,0.02072445716804015,-44.40047791098563,0.0,0.0,397.56541524130574,396.95720791451896,397.53611625729945,398.493623838104,396.97653338208374,397.46945263090385,397.94216425254086,96.0,397.70580844172235,1.0460188496922873,1,1.5383767444688012,0.19432593329069134
203.0,0.0,397.7029795988994,1.0462947639784859,96.0,392.2485740484612,400.0000000000007,520579.48604149435,220.51395850571396,1.5266220186831085,-8.37345430682035e-06,2.569468920576817e-08,1.4173059888831766e-15,4.163336342344337e-17,1.655471399583272,0.020724095020062585,-44.40047791098563,0.0,0.0,397.5625623980833,396.95409623984426,397.533582255796,398.4915690441027,396.97326025795417,397.46674400504867,397.93921519275017,96.0,397.7029795988994,1.0462947639784859,1,1.5383767444688012,0.19436680585541335
203.25,0.0,397.7001507560765,1.0465720830159664,96.0,392.2450921545378,400.0000000000007,520579.2144725833,220.78552741671555,1.5265849086367256,-8.380383320627516e-06,2.5715951500844243e-08,1.4173059888831793e-15,4.163336342344337e-17,1.6554553801442466,0.02072373320158037,-44.40047791098563,0.0,0.0,397.5597054166165,396.9509814333242,397.5310426810182,398.48950437271446,396.9699945560316,397.46403527978356,397.9362662323694,96.0,397.7001507560765,1.0465720830159664,1,1.5383767444688012,0.19440767899081912
203.5,0.0,397.69732191325375,1.04685055702838,96.0,392.24161500417273,400.0000000000007,520578.94290367234,221.0570963277017,1.5265478355362552,-8.387256173136848e-06,2.5737041459983393e-08,1.4173059888831766e-15,4.163336342344337e-17,1.6554393998066037,0.020723371712573144,-44.40047791098563,0.0,0.0,397.55684482166805,396.9478635397909,397.5284983386815,398.4874304488648,396.96673602859704,397.46132645309575,397.9333173734117,96.0,397.69732191325375,1.04685055702838,1,1.5383767444688012,0.19444855261415875
203.75,0.0,397.69449307043107,1.0471299709127742,96.0,392.2381426918685,400.0000000000006,520578.67133476137,221.32866523867253,1.526510799366654,-8.394127604560708e-06,2.5758127058395393e-08,1.4173059888831793e-15,4.163336342344337e-17,1.6554234584940868,0.020723010553021608,-44.40047791098563,0.0,0.0,397.5539811485957,396.94474263484545,397.52595013174874,398.48534789920024,396.96348443617285,397.4586175228241,397.93036861803813,96.0,397.69449307043107,1.0471299709127742,1,1.5383767444688012,0.19448942664143798
204.0,0.0,397.69166422760867,1.04741006774158,96.0,392.23467530530434,400.0000000000006,520578.3997658504,221.60023414962797,1.5264738001137323,-8.400998638080637e-06,2.577921143580379e-08,1.3415194880887309e-15,4.163336342344337e-17,1.6554075561330273,0.02072264972290941,-44.40047791098563,0.0,0.0,397.5511149383793,396.94161882312153,397.5233989538078,398.48325724726317,396.9602395476101,397.4559084866071,397.9274199686103,96.0,397.69166422760867,1.04741006774158,1,1.5383767444688012,0.19453030098761062
204.25,0.0,397.6888353847864,1.0476907310086143,96.0,392.2312129250942,400.0000000000007,520578.1281969395,221.8718030605675,1.5264368377651485,-8.407811179722557e-06,2.5800116325682742e-08,1.457167719820518e-15,4.163336342344337e-17,1.6553916926557688,0.020722289222230288,-44.40047791098563,0.0,0.0,397.54824673319223,396.93849223610755,397.52084560125843,398.48115893930554,396.9570011401907,397.45319934184437,397.9244714277284,96.0,397.6888353847864,1.0476907310086143,1,1.5383767444688012,0.19457117556676873
204.5,0.0,397.68600654196433,1.0479719077553793,96.0,392.2277556246049,400.0000000000007,520577.85662802856,222.14337197148816,1.526399912304629,-8.414625369823625e-06,2.5821026274005184e-08,1.4173059888831766e-15,4.163336342344337e-17,1.655375867980639,0.020721929050995756,-44.40047791098563,0.0,0.0,397.54537707253087,396.93536302974326,397.51829070633204,398.4790533509111,396.9537689997351,397.4504900856933,397.92152299823533,96.0,397.68600654196433,1.0479719077553793,1,1.5383767444688012,0.19461205029232378
204.75,0.0,397.6831776991424,1.0482532598271599,96.0,392.22430346983845,400.0000000000007,520577.58505911764,222.41494088238926,1.5263630237156751,-8.421440242045719e-06,2.584193831547666e-08,1.0639637319324418e-15,2.7755575615628914e-17,1.6553600820248924,0.020721569209185234,-44.40047791098563,0.0,0.0,397.54250648991183,396.93223138192826,397.5157346916534,398.47694080005476,396.9505429207178,397.4477807150545,397.9185746832304,96.0,397.6831776991424,1.0482532598271599,1,1.5383767444688012,0.19465292504109644
205.0,0.0,397.6803488563208,1.0485352514081654,96.0,392.2208565190641,400.0000000000006,520577.3134902067,222.68650979327077,1.5263261719816053,-8.428252101566613e-06,2.586284111220658e-08,1.4173059888831766e-15,4.163336342344337e-17,1.6553443347048238,0.020721209696772058,-44.40047791098563,0.0,0.0,397.53963551010895,396.92909748996294,397.51317774589296,398.47482154875263,396.9473227063898,397.44507122662,397.9156264860215,96.0,397.6803488563208,1.0485352514081654,1,1.5383767444688012,0.19469379957915844
205.25,0.0,397.6775200134993,1.0488171494014338,96.0,392.2174148440201,400.0000000000007,520577.0419212959,222.95807870412926,1.5262893570855802,-8.434950785840556e-06,2.5883396620626362e-08,1.4802973661668755e-15,4.163336342344337e-17,1.6553286259359006,0.020720850513723715,-44.40047791098563,0.0,0.0,397.53676464748696,396.92596156877073,397.51061981898465,398.4726956807353,396.9441081686184,397.44236161973464,397.91267840726397,96.0,397.6775200134993,1.0488171494014338,1,1.5383767444688012,0.194734673860571
205.5,0.0,397.67469117067805,1.0490988986894692,96.0,392.213978515389,400.0000000000007,520576.770352385,223.22964761496985,1.5262525790100387,-8.441765714906069e-06,2.5904308836526923e-08,1.4173059888831793e-15,4.163336342344337e-17,1.6553129556282609,0.02072049166000212,-44.40047791098563,0.0,0.0,397.5338944043536,396.9228238473827,397.5080606347187,398.4705633467712,396.9408991281681,397.4396518906133,397.90973045074287,96.0,397.67469117067805,1.0490988986894692,1,1.5383767444688012,0.19477554781341047
205.75,0.0,397.67186232785707,1.049380465644009,96.0,392.2105475951447,400.0000000000006,520576.49878347426,223.5012165257891,1.5262158377312056,-8.448404656746789e-06,2.592468101997737e-08,1.3322676295501878e-15,4.163336342344337e-17,1.6552973236926016,0.020720133135526276,-44.40047791098563,0.0,0.0,397.53102526965876,396.9196845661382,397.5054997183482,398.4684247285538,396.93769541485864,397.43694203504583,397.90678262066825,96.0,397.67186232785707,1.049380465644009,1,1.5383767444688012,0.19481642138540659
206.0,0.0,397.6690334850362,1.0496618301098655,96.0,392.20712213599415,400.0000000000006,520576.22721456346,223.7727854365893,1.5261791332300618,-8.455101237814233e-06,2.594523007452097e-08,1.4109084271278032e-15,3.447762908503904e-17,1.6552817300409097,0.02071977494019997,-44.40047791098563,0.0,0.0,397.5281577182707,396.9165439740774,397.5029364348908,398.4662799942255,396.9344968678368,397.43423204993616,397.90383492013615,96.0,397.6690334850362,1.0496618301098655,1,1.5383767444688012,0.19485729427593826
206.25,0.0,397.6662046422155,1.049942990019197,96.0,392.20370218168387,400.00000000000057,520575.9556456527,224.0443543473713,1.5261424654909868,-8.46174131652333e-06,2.5965605746553137e-08,1.5496863052059477e-15,4.163336342344337e-17,1.6552661745832236,0.020719417073973963,-44.40047791098563,0.0,0.0,397.52529221047894,396.91340232643006,397.5003700373397,398.4641293015118,396.93130333558594,397.4315219296048,397.90088735482635,96.0,397.6662046422155,1.049942990019197,1,1.5383767444688012,0.19489816635063462
206.5,0.0,397.66337579939506,1.050223951319484,96.0,392.2002877672835,400.00000000000057,520575.6840767419,224.315923258135,1.5261058344979657,-8.468439943953854e-06,2.5986161080543834e-08,1.4173059888831793e-15,4.163336342344337e-17,1.6552506572253078,0.020719059536795845,-44.40047791098563,0.0,0.0,397.5224291917756,396.9102598821381,397.4977997204671,398.46197280232263,396.92811467584977,397.4288116682945,397.8979399304958,96.0,397.66337579939506,1.050223951319484,1,1.5383767444688012,0.1949390376120229
206.75,0.0,397.66054695657476,1.0505047405326913,96.0,392.19687891949343,400.00000000000057,520575.4125078312,224.58749216887895,1.526069240217447,-8.475079624759019e-06,2.6006535531572397e-08,1.4173059888831793e-15,4.163336342344337e-17,1.6552351768328049,0.02071870232859452,-44.40047791098563,0.0,0.0,397.5195690929126,396.90711690146617,397.49522467618624,398.45981064297655,396.92493075560805,397.4261012600045,397.8949926531452,96.0,397.66054695657476,1.0505047405326913,1,1.5383767444688012,0.1949799080557381
207.0,0.0,397.6577181137547,1.0507853901142783,96.0,392.1934756614922,400.0000000000006,520575.14093892043,224.85906107960582,1.526032682629642,-8.481719419251021e-06,2.6026910331459133e-08,1.2844335524253789e-15,3.7730235602495554e-17,1.655219733379406,0.020718345446445408,-44.40047791098563,0.0,0.0,397.5167123356256,396.9039736445866,397.4926441474879,398.45764296639254,396.9217514509795,397.4233906981235,397.892045529386,96.0,397.6577181137547,1.0507853901142783,1,1.5383767444688012,0.19502077732231124
207.25,0.0,397.6548892709349,1.0510659322413263,96.0,392.1900780111347,400.0000000000006,520574.86937000975,225.1306299903193,1.5259961617110513,-8.488298959719032e-06,2.6047100236514754e-08,1.4173059888831793e-15,4.163336342344337e-17,1.655204327011314,0.02071798889214773,-44.40047791098563,0.0,0.0,397.51385932780624,396.90083036860915,397.49005747970875,398.4554699232078,396.91857664599496,397.42067997540227,397.88909856646734,96.0,397.6548892709349,1.0510659322413263,1,1.5383767444688012,0.19506164554429542
207.5,0.0,397.65206042811513,1.051346405923129,96.0,392.1866859774121,400.0000000000006,520574.597801099,225.40219890101588,1.5259596774400315,-8.494937844716333e-06,2.6067472245536113e-08,1.3322676295501878e-15,4.163336342344337e-17,1.655188957910361,0.02071763266786334,-44.40047791098563,0.0,0.0,397.5110104626991,396.8976873245484,397.48746416500546,398.45329166365434,396.91540623341336,397.417969084018,397.88615177221214,96.0,397.65206042811513,1.051346405923129,1,1.5383767444688012,0.19510251290715627
207.75,0.0,397.6492315852956,1.051626850701642,96.0,392.1832995606179,400.0000000000006,520574.3262321884,225.67376781169642,1.5259232298093979,-8.501459575427361e-06,2.608748475621132e-08,1.417305988883182e-15,4.163336342344337e-17,1.6551736262310015,0.020717276775429012,-44.40047791098563,0.0,0.0,397.5081661194099,396.8945447551756,397.48486387895457,398.4511083436922,396.912240114937,397.4152580156967,397.88320515489437,96.0,397.6492315852956,1.051626850701642,1,1.5383767444688012,0.195143379500586
208.0,0.0,397.646402742476,1.0519072958328917,96.0,392.179918753063,400.0000000000007,520574.0546632777,225.94533672236514,1.5258868188135084,-8.508039513799304e-06,2.6107675882270547e-08,1.417305988883182e-15,4.163336342344337e-17,1.6551583320496608,0.0207169212159678,-44.40047791098563,0.0,0.0,397.5053266622625,396.89140289337047,397.48225650798935,398.4489201297937,396.9090782014494,397.41254676175555,397.8802587231965,96.0,397.646402742476,1.0519072958328917,1,1.5383767444688012,0.19518424464142506
208.25,0.0,397.64357389965676,1.0521877694096626,96.0,392.1765435395594,400.0000000000007,520573.783094367,226.21690563302002,1.5258504444415688,-8.514620532196204e-06,2.6127870322482403e-08,1.2027416100105863e-15,3.122502256758253e-17,1.655143075211973,0.020716565989794315,-44.40047791098563,0.0,0.0,397.50249243972286,396.88826196069743,397.47964216635677,398.44672719557707,396.90592041345695,397.40983531278283,397.8773124865306,96.0,397.64357389965676,1.0521877694096626,1,1.5383767444688012,0.19522510654323935
208.5,0.0,397.6407450568375,1.0524682212280176,96.0,392.17317389857516,400.0000000000007,520573.5115254564,226.48847454366472,1.5258141066636044,-8.521143570305867e-06,2.6147886845026588e-08,1.3322676295501882e-15,4.163336342344337e-17,1.6551278552676385,0.020716211097198123,-44.40047791098563,0.0,0.0,397.4996637879401,396.88512216686837,397.4770212023602,398.44452971991655,396.90276668035574,397.407123658892,397.8743664547831,96.0,397.6407450568375,1.0524682212280176,1,1.5383767444688012,0.1952659643876412
208.75,0.0,397.6379162140185,1.052747527357321,96.0,392.1698098054234,400.0000000000006,520573.23995654576,226.76004345429573,1.525777805460309,-8.527666153668179e-06,2.6167901972138084e-08,1.4173059888831766e-15,4.163336342344337e-17,1.655112672368253,0.02071585653906656,-44.40047791098563,0.0,0.0,397.49684102967177,396.88198370851967,397.4743941940136,398.44232788664056,396.89961693990074,397.4044117898473,397.87142063818965,96.0,397.6379162140185,1.052747527357321,1,1.5383767444688012,0.1953068182989958
209.0,0.0,397.63508737119946,1.0530244366085582,96.0,392.16645123298827,400.0000000000006,520572.96838763513,227.0316123649199,1.5257415408156767,-8.534189873898868e-06,2.6187920587831297e-08,1.4173059888831793e-15,4.163336342344337e-17,1.6550975266267876,0.020715502314258324,-44.40047791098563,0.0,0.0,397.4940246302136,396.87884680741394,397.4717619345749,398.4401218812578,396.8964711379074,397.40169970195825,397.8684750404407,96.0,397.63508737119946,1.0530244366085582,1,1.5383767444688012,0.19534766838116946
209.25,0.0,397.6322585283806,1.053299996428611,96.0,392.1630981521216,400.0000000000006,520572.69681872457,227.30318127553562,1.5257053127168754,-8.540655386468643e-06,2.6207760588140495e-08,1.3322676295501884e-15,4.163336342344337e-17,1.6550824180717199,0.02071514842120363,-44.40047791098563,0.0,0.0,397.4912147360485,396.8757115159025,397.4691254091252,398.43791189171844,396.8933292262292,397.3989874201682,397.86552963659295,96.0,397.6322585283806,1.053299996428611,1,1.5383767444688012,0.19538851471190521
209.5,0.0,397.6294296855617,1.0535751409596463,96.0,392.1597505321108,400.0000000000006,520572.42524981394,227.5747501861432,1.5256691211529814,-8.547179334073007e-06,2.6227779901550053e-08,1.4173059888831766e-15,4.163336342344337e-17,1.6550673466782855,0.020714794858316173,-44.40047791098563,0.0,0.0,397.4884115280447,396.8725782087051,397.4664857636962,398.43569811183767,396.8901911611301,397.3962749526766,397.86258441844683,96.0,397.6294296855617,1.0535751409596463,1,1.5383767444688012,0.19542935734612998
209.75,0.0,397.626600842743,1.0538500323296096,96.0,392.15640834119523,400.0000000000007,520572.15368090326,227.8463190967414,1.5256329661125807,-8.553760693530421e-06,2.624797538833643e-08,1.4173059888831793e-15,4.163336342344337e-17,1.655052312387884,0.020714441624225324,-44.40047791098563,0.0,0.0,397.48561527999385,396.8694475049306,397.4638442680855,398.43348073747205,396.8870569001179,397.39356229092124,397.8596393945647,96.0,397.626600842743,1.0538500323296096,1,1.5383767444688012,0.195470196304556
210.0,0.0,397.62377199992426,1.0541247041098012,96.0,392.1530715471122,400.0000000000007,520571.88211199275,228.11788800733635,1.5255968475838042,-8.560167543691932e-06,2.626763537782892e-08,1.4173059888831793e-15,4.163336342344337e-17,1.655037315121754,0.020714088717878703,-44.40047791098563,0.0,0.0,397.4828262693482,396.8663200376499,397.4612022741678,398.431259965449,396.8839264010742,397.39084942386154,397.856694575987,96.0,397.62377199992426,1.0541247041098012,1,1.5383767444688012,0.19551103160042585
210.25,0.0,397.6209431571057,1.0543991672221693,96.0,392.14974011763746,400.0000000000007,520571.6105430821,228.3894569179234,1.5255607655687797,-8.566690752331851e-06,2.6287652423660362e-08,1.4173059888831766e-15,4.163336342344337e-17,1.6550223548108531,0.020713736138579655,-44.40047791098563,0.0,0.0,397.4800447612096,396.8631964066801,397.4585611715603,398.42903599284165,396.8807996225164,397.3881363404396,397.85374997377176,96.0,397.6209431571057,1.0543991672221693,1,1.5383767444688012,0.19555186324246576
210.5,0.0,397.61811431428714,1.054673427609865,96.0,392.14641402091144,400.0000000000007,520571.33897417155,228.6610258285062,1.5255247200746438,-8.57315609437137e-06,2.6307491900682303e-08,1.3322676295501882e-15,4.163336342344337e-17,1.655007431287808,0.02071338388605428,-44.40047791098563,0.0,0.0,397.47727100435645,396.8600771675226,397.4559223424521,398.42680901630797,396.87767652371923,397.3854230300993,397.85080559847484,96.0,397.61811431428714,1.054673427609865,1,1.5383767444688012,0.19559269118359923
210.75,0.0,397.61528547146855,1.0549474896082467,96.0,392.1430932258558,400.0000000000007,520571.067405261,228.93259473908074,1.525488711077646,-8.579621038506957e-06,2.632733015670064e-08,1.4173059888831766e-15,4.163336342344337e-17,1.6549925444074833,0.020713031960639408,-44.40047791098563,0.0,0.0,397.4745052292659,396.85696282692356,397.45328711735476,398.42457923150414,396.8745570649221,397.3827094829215,397.8478614600158,96.0,397.61528547146855,1.0549474896082467,1,1.5383767444688012,0.1956335153918257
211.0,0.0,397.61245662865014,1.0552213568735043,96.0,392.139777702696,400.0000000000007,520570.7958363504,229.2041636496503,1.5254527385559087,-8.586087744788529e-06,2.6347173820020643e-08,1.4173059888831766e-15,4.163336342344337e-17,1.6549776940749499,0.020712680362403927,-44.40047791098563,0.0,0.0,397.47174764648616,396.85385383988006,397.4506567334103,398.42234683258107,396.8714412076178,397.379995689654,397.8449175676464,96.0,397.61245662865014,1.0552213568735043,1,1.5383767444688012,0.19567433583814275
211.25,0.0,397.60962778583183,1.0554950328167754,96.0,392.13646742334555,400.0000000000007,520570.52426743985,229.4757325602156,1.5254168024967996,-8.592551836272833e-06,2.636700945960269e-08,1.417305988883182e-15,4.163336342344337e-17,1.6549628802362493,0.02071232909111066,-44.40047791098563,0.0,0.0,397.4689984449682,396.8507506073,397.44803229671845,398.4201120117709,396.8683289149372,397.37728164174854,397.841973929915,96.0,397.60962778583183,1.0554950328167754,1,1.5383767444688012,0.19571515248507929
211.5,0.0,397.6067989430135,1.0557685218928923,96.0,392.133162361731,400.0000000000007,520570.2526985293,229.74730147077364,1.525380902886027,-8.599017519372865e-06,2.6386849983199146e-08,1.4173059888831793e-15,4.163336342344337e-17,1.654948102834674,0.020711978146753032,-44.40047791098563,0.0,0.0,397.4662577904371,396.84765347422984,397.44541477452236,398.41787495950393,396.86522015210727,397.37456733137697,397.83903055465,96.0,397.6067989430135,1.0557685218928923,1,1.5383767444688012,0.19575596528781034
211.75,0.0,397.6039701001952,1.0560418276425474,96.0,392.12986249302105,400.0000000000007,520569.9811296187,230.0188703813245,1.5253450397074966,-8.605483088786059e-06,2.640669015793743e-08,1.0639637319324418e-15,3.122502256758253e-17,1.6549333618073316,0.020711627529371942,-44.40047791098563,0.0,0.0,397.46352582339,396.8445627311516,397.4428049461513,398.41563585940764,396.8621148856191,397.3718527514957,397.8360874488947,96.0,397.6039701001952,1.0560418276425474,1,1.5383767444688012,0.19579676341525243
212.0,0.0,397.60114125737704,1.056314953986905,96.0,392.1265677953921,400.0000000000007,520569.70956070814,230.2904392918692,1.5253092129433996,-8.611949169790023e-06,2.6426531902537486e-08,1.4173059888831766e-15,4.163336342344337e-17,1.6549186570845893,0.020711277239007713,-44.40047791098563,0.0,0.0,397.46080265834917,396.841478609997,397.4402033807137,398.4133948940711,396.85901308491617,397.36913789581604,397.833144618938,96.0,397.60114125737704,1.056314953986905,1,1.5383767444688012,0.1958375466799364
212.25,0.0,397.59831241455885,1.0565879053496792,96.0,392.1232782487095,400.0000000000006,520569.4379917977,230.56200820240758,1.525273422574436,-8.618296448048568e-06,2.64460090903479e-08,1.4173059888831793e-15,4.163336342344337e-17,1.6549039885909291,0.02071092727568032,-44.40047791098563,0.0,0.0,397.4580883826924,396.8384012845528,397.4376104130877,398.4111522453461,396.85591472236985,397.3664227582739,397.8302020708439,96.0,397.59831241455885,1.0565879053496792,1,1.5383767444688012,0.19587831555536614
212.5,0.0,397.5954835717409,1.0568606837973467,96.0,392.11999383587175,400.0000000000006,520569.1664228871,230.83357711294104,1.5252376685801001,-8.624760880593385e-06,2.6465845776504465e-08,1.4173059888831793e-15,4.163336342344337e-17,1.6548893562462863,0.02071057763938222,-44.40047791098563,0.0,0.0,397.45538305558335,396.83533087142126,397.435026146779,398.40890809336645,396.85281977524033,397.36370733535347,397.82725980812825,96.0,397.5954835717409,1.0568606837973467,1,1.5383767444688012,0.19591907061612016
212.75,0.0,397.5926547289229,1.0571332921517052,96.0,392.11671454275324,400.0000000000006,520568.89485397656,231.10514602346578,1.5252019509389652,-8.631225369981621e-06,2.6485682637090115e-08,1.4173059888831766e-15,4.163336342344337e-17,1.6548747599674027,0.02071022833007761,-44.40047791098563,0.0,0.0,397.452686706949,396.8322674312328,397.43245045719834,398.4066626164283,396.8497282262656,397.360991621502,397.8243178363436,96.0,397.5926547289229,1.0571332921517052,1,1.5383767444688012,0.19595981246666128
213.0,0.0,397.58982588610496,1.0574057318038226,96.0,392.11344035869575,400.0000000000006,520568.62328506605,231.37671493398778,1.52516626962895,-8.637632220143132e-06,2.6505342626582605e-08,1.4173059888831793e-15,4.163336342344337e-17,1.6548601996689918,0.020709879347704976,-44.40047791098563,0.0,0.0,397.449999336811,396.82921097042106,397.4298830016637,398.40441599079736,396.8466400641441,397.35827561178036,397.82137616042945,96.0,397.58982588610496,1.0574057318038226,1,1.5383767444688012,0.19600054167444822
213.25,0.0,397.58699704328706,1.0576780096302834,96.0,392.11017127580357,400.0000000000006,520568.35171615554,231.64828384450135,1.5251306246275491,-8.644038388183617e-06,2.6525000522926068e-08,1.4173059888831793e-15,4.163336342344337e-17,1.6548456752646656,0.020709530692181333,-44.40047791098563,0.0,0.0,397.44732091491414,396.826161443487,397.42732323605367,398.40216839054153,396.84355528396605,397.35555930262143,397.8184347839527,96.0,397.58699704328706,1.0576780096302834,1,1.5383767444688012,0.1960412587540087
213.5,0.0,397.58416820046926,1.0579501138495038,96.0,392.10690728879837,400.0000000000006,520568.0801472451,231.91985275500735,1.525095015912008,-8.650385325381649e-06,2.6544476664161964e-08,1.1102230246251565e-15,3.155028321932818e-17,1.654831186667639,0.020709182363406808,-44.40047791098563,0.0,0.0,397.4446513806257,396.82311875570167,397.424770437,398.39992027338417,396.8404738875989,397.3528426953208,397.8154937056177,96.0,397.58416820046926,1.0579501138495038,1,1.5383767444688012,0.196081964179269
213.75,0.0,397.58133935765153,1.0582220213694504,96.0,392.10364839484384,400.0000000000007,520567.8085783345,232.1914216655087,1.525059443458766,-8.656849644239628e-06,2.6564313001460357e-08,1.4173059888831793e-15,4.163336342344337e-17,1.654816733789419,0.020708834361269152,-44.40047791098563,0.0,0.0,397.44199064313307,396.8200827635512,397.4222237286399,398.3976718860014,396.83739588401363,397.3501257910886,397.81255292421446,96.0,397.58133935765153,1.0582220213694504,1,1.5383767444688012,0.19612265838683984
214.0,0.0,397.57851051483385,1.0584936637597022,96.0,392.10039459333683,400.0000000000006,520567.53700942406,232.4629905760053,1.525023907244885,-8.663199309921765e-06,2.6583797515292377e-08,1.417305988883182e-15,4.163336342344337e-17,1.6548023165435382,0.02070848668564493,-44.40047791098563,0.0,0.0,397.43933858196266,396.81705327595284,397.4196821129081,398.3954233865818,396.8343212895546,397.3474085875537,397.80961244211403,96.0,397.57851051483385,1.0584936637597022,1,1.5383767444688012,0.19616334177882222
214.25,0.0,397.5756816720162,1.0587649814389724,96.0,392.0971458856771,400.0000000000006,520567.26544051355,232.73455948649755,1.524988407252007,-8.669605819022763e-06,2.6603456458210354e-08,1.3322676295501878e-15,4.163336342344337e-17,1.654787934858457,0.02070813933640755,-44.40047791098563,0.0,0.0,397.43669504779393,396.814030058104,397.4171445014658,398.39317491841115,396.83125012816026,397.344691083847,397.8066722601854,96.0,397.5756816720162,1.0587649814389724,1,1.5383767444688012,0.19620401472551222
214.5,0.0,397.5728528291986,1.0590363483856795,96.0,392.09390227501274,400.0000000000006,520566.9938716031,233.00612839698272,1.524952943461963,-8.67595446152336e-06,2.662293783231883e-08,1.4802973661668755e-15,4.163336342344337e-17,1.6547735886643946,0.02070779231345352,-44.40047791098563,0.0,0.0,397.43405986356356,396.81101283552726,397.41460974973387,398.3909266254543,396.82818243152434,397.34197327997134,397.80373237842605,96.0,397.5728528291986,1.0590363483856795,1,1.5383767444688012,0.196244677567967
214.75,0.0,397.5700239863811,1.0593069172296448,96.0,392.0906637659699,400.0000000000006,520566.72230269265,233.27769730746692,1.524917515851953,-8.68230350192789e-06,2.6642420427430907e-08,1.4173059888831766e-15,4.163336342344337e-17,1.65475927787789,0.020707445616685357,-44.40047791098563,0.0,0.0,397.4314328258601,396.80800129832926,397.4120766911052,398.3886786518605,396.8251182391837,397.3392551761495,397.8007927966127,96.0,397.5700239863811,1.0593069172296448,1,1.5383767444688012,0.19628533062040818
215.0,0.0,397.56719514356354,1.059576323048307,96.0,392.08743036435715,400.0000000000006,520566.45073378214,233.5492662179483,1.5248821243998214,-8.688709215221024e-06,2.666207692834168e-08,1.4173059888831793e-15,4.163336342344337e-17,1.6547450024326316,0.02070709924598368,-44.40047791098563,0.0,0.0,397.42881370658745,396.80499510560395,397.4095441697345,398.3864311371579,396.8220575985381,397.3365367726635,397.7978535144636,96.0,397.56719514356354,1.059576323048307,1,1.5383767444688012,0.19632597417245412
215.25,0.0,397.56436630074603,1.0598437073789242,96.0,392.0842020768314,400.0000000000006,520566.17916487163,233.82083512842954,1.5248467690829721,-8.695116633816724e-06,2.6681738662125032e-08,1.4173059888831793e-15,4.163336342344337e-17,1.6547307622734517,0.020706753201667153,-44.40047791098563,0.0,0.0,397.4262022548792,396.8019938901672,397.40701107251664,398.38418422809497,396.81900056479896,397.33381806986455,397.7949145316275,96.0,397.56436630074603,1.0598437073789242,1,1.5383767444688012,0.19636660849117993
215.5,0.0,397.5615374579285,1.0601094924064691,96.0,392.080978910531,400.0000000000006,520565.9075959611,234.0924040389111,1.5248114498752525,-8.701522858700628e-06,2.670139673289758e-08,1.4173059888831766e-15,4.163336342344337e-17,1.654716557286258,0.020706407484511403,-44.40047791098563,0.0,0.0,397.42359819923587,396.7989972632057,397.404476337274,398.38193780519174,396.81594720088503,397.3310990664383,397.79197584941875,96.0,397.5615374579285,1.0601094924064691,1,1.5383767444688012,0.19640723382300984
215.75,0.0,397.558708615111,1.0603737748285627,96.0,392.07776087266393,400.0000000000006,520565.6360270506,234.36397294939425,1.524776166752586,-8.707930277296327e-06,2.6721058466680932e-08,1.3322676295501878e-15,4.163336342344337e-17,1.6547023873718034,0.020706062094088235,-44.40047791098563,0.0,0.0,397.42100124994914,396.7960048138403,397.40193893626594,398.37969167337866,396.81289757739535,397.32837976294314,397.78903746727883,96.0,397.558708615111,1.0603737748285627,1,1.5383767444688012,0.19644785025835154
216.0,0.0,397.5558797722935,1.060636575376243,96.0,392.07454796851744,400.0000000000006,520565.3644581401,234.63554185987718,1.5247409196925092,-8.714338150639378e-06,2.674072159589697e-08,1.4173059888831793e-15,4.163336342344337e-17,1.6546882524444035,0.02070571703000983,-44.40047791098563,0.0,0.0,397.4184111030627,396.79301612544845,397.3993980580199,398.37744564030174,396.8098517765423,397.3256601603887,397.7860993841982,96.0,397.5558797722935,1.060636575376243,1,1.5383767444688012,0.1964884537050322
216.25,0.0,397.55305092947583,1.0608979276324115,96.0,392.0713402032012,400.0000000000006,520565.09288922965,234.90711077036624,1.524705708673553,-8.720687702634677e-06,2.676020576087082e-08,1.4173059888831793e-15,4.163336342344337e-17,1.6546741524264617,0.020705372291981994,-44.40047791098563,0.0,0.0,397.4158274408769,396.7900307788802,397.3968529870191,398.37519952148733,396.80680988708696,397.3229402598302,397.7831615991215,96.0,397.55305092947583,1.0608979276324115,1,1.5383767444688012,0.19652904494392742
216.5,0.0,397.55022208665815,1.061158482959967,96.0,392.06813758146836,400.0000000000007,520564.8213203192,235.1786796808568,1.5246705336697108,-8.727036970412883e-06,2.677968905369924e-08,1.417305988883182e-15,4.163336342344337e-17,1.6546600871911024,0.020705027879765473,-44.40047791098563,0.0,0.0,397.41324993488445,396.78704835150614,397.3943031230253,398.37295314209814,396.80377200377205,397.320220062342,397.78022411097453,96.0,397.55022208665815,1.061158482959967,1,1.5383767444688012,0.19656962470246753
216.75,0.0,397.54739324384053,1.0614193765337405,96.0,392.0649401072075,400.0000000000007,520564.5497514087,235.45024859135458,1.5246353946580544,-8.733444047948069e-06,2.6799349740908076e-08,1.4173059888831793e-15,4.163336342344337e-17,1.654646056656016,0.020704683793099254,-44.40047791098563,0.0,0.0,397.41067824852433,396.7840684235015,397.3917479917518,398.3707063369246,396.8007382269185,397.31749956922135,397.77728691845965,96.0,397.54739324384053,1.0614193765337405,1,1.5383767444688012,0.19661019365071922
217.0,0.0,397.5445644010227,1.0616812315455915,96.0,392.0617477832464,400.00000000000074,520564.2781824982,235.72181750186235,1.5246002916175747,-8.739849079120177e-06,2.6819004148669818e-08,1.4173059888831766e-15,4.163336342344337e-17,1.6546320607601461,0.020704340031783796,-44.40047791098563,0.0,0.0,397.4081120400102,396.7810905814686,397.38918725049143,398.36845895112356,396.79770866205644,397.31477878031063,397.7743500217348,96.0,397.5445644010227,1.0616812315455915,1,1.5383767444688012,0.19665075250533656
217.25,0.0,397.5417355582049,1.061944594126502,96.0,392.0585606108622,400.0000000000007,520564.00661358767,235.99338641237813,1.5245652245271917,-8.746256497715876e-06,2.683866588245317e-08,1.417305988883182e-15,4.163336342344337e-17,1.6546180994381015,0.02070399659566082,-44.40047791098563,0.0,0.0,397.4055509650696,396.7781144213786,397.38662068731935,398.36621080891763,396.7946834194591,397.31205769386344,397.7714134225462,96.0,397.5417355582049,1.061944594126502,1,1.5383767444688012,0.19669130187680803
217.5,0.0,397.53890671538693,1.0622103249199077,96.0,392.0553785894249,400.0000000000007,520563.73504467716,236.2649553229013,1.5245301933657547,-8.752663461564225e-06,2.6858326220803833e-08,1.417305988883182e-15,4.163336342344337e-17,1.654604172621694,0.020703653484583213,-44.40047791098563,0.0,0.0,397.4029946796934,396.77513955114057,397.38404821040035,398.36396169199855,396.7916626135858,397.3093363084545,397.7684771223194,96.0,397.53890671538693,1.0622103249199077,1,1.5383767444688012,0.19673184217550702
217.75,0.0,397.5360778725689,1.0624770197060285,96.0,392.05220171624575,400.0000000000007,520563.4634757666,236.53652423343226,1.5244951981120616,-8.759126188806476e-06,2.687815767408782e-08,1.4173059888831793e-15,4.163336342344337e-17,1.6545902802411165,0.020703310698411047,-44.40047791098563,0.0,0.0,397.4004428427416,396.77216559306123,397.3814699292567,398.3617129247471,396.78864636248943,397.30661462188596,397.7655411232518,96.0,397.5360778725689,1.0624770197060285,1,1.5383767444688012,0.19677237370676992
218.0,0.0,397.5332490297508,1.0627438291879312,96.0,392.049029986444,400.0000000000007,520563.191906856,236.80809314396953,1.5244602387448671,-8.765589257109241e-06,2.6897990173946323e-08,1.4173059888831766e-15,4.163336342344337e-17,1.654576422225781,0.02070296823700951,-44.40047791098563,0.0,0.0,397.39789511819725,396.7691921837223,397.3788861476814,398.3594658101007,396.7856347872352,397.3038926315758,397.7626054279258,96.0,397.5332490297508,1.0627438291879312,1,1.5383767444688012,0.19681289686994097
218.25,0.0,397.5304201869326,1.0630102785934759,96.0,392.04586339280985,400.0000000000006,520562.9203379456,237.07966205451277,1.5244253152428682,-8.771936421680948e-06,2.6917467012898564e-08,1.4173059888831793e-15,4.163336342344337e-17,1.6545625985047865,0.020702626100247878,-44.40047791098563,0.0,0.0,397.3953511774102,396.7662189758856,397.37629726985165,398.3572204591399,396.7826280112799,397.3011703354932,397.759670038372,96.0,397.5304201869326,1.0630102785934759,1,1.5383767444688012,0.19685341201585813
218.5,0.0,397.52759134411434,1.0632763007470483,96.0,392.0427019257952,400.00000000000057,520562.648769035,237.3512309650642,1.5243904275846811,-8.778399660513969e-06,2.693730003604432e-08,1.4173059888831793e-15,4.163336342344337e-17,1.6545488090070861,0.020702284287998717,-44.40047791098563,0.0,0.0,397.39281070116243,396.7632456407162,397.3737037666299,398.3549769211097,396.7796261598393,397.2984477314665,397.7567349567623,96.0,397.52759134411434,1.0632763007470483,1,1.5383767444688012,0.19689391945076565
218.75,0.0,397.52476250129615,1.063541896088926,96.0,392.0395455736905,400.0000000000006,520562.37720012444,237.62279987562277,1.5243555756172167,-8.78486392252853e-06,2.695713619891363e-08,1.4173059888831766e-15,4.163336342344337e-17,1.6545350529257727,0.020701942800137138,-44.40047791098563,0.0,0.0,397.390273381533,396.76027186785245,397.3711061539947,398.3527352079771,396.77662935925775,397.2957248173079,397.7538001852842,96.0,397.52476250129615,1.063541896088926,1,1.5383767444688012,0.19693441944029288
219.0,0.0,397.5219336584776,1.063807056642726,96.0,392.03639432277623,400.0000000000006,520562.10563121387,237.89436878619034,1.5243207588584813,-8.791327616108902e-06,2.6976970617492075e-08,1.4173059888831766e-15,4.163336342344337e-17,1.6545213276513635,0.020701601634547047,-44.40047791098563,0.0,0.0,397.38773892354453,396.7572973659477,397.3685049745046,398.35049531850433,396.77363773638547,397.29300159086193,397.7508657260934,96.0,397.5219336584776,1.063807056642726,1,1.5383767444688012,0.19697491221338156
219.25,0.0,397.5191048156592,1.0640717822273897,96.0,392.03324815750733,400.0000000000006,520561.8340623033,238.16593769676527,1.5242859773839035,-8.797791082315598e-06,2.699680433835418e-08,1.417305988883182e-15,4.163336342344337e-17,1.6545076337922935,0.02070126078398672,-44.40047791098563,0.0,0.0,397.3852070465794,396.75432186306506,397.3659007800944,398.3482572393532,396.77065141797067,397.29027804999896,397.7479315813194,96.0,397.5191048156592,1.0640717822273897,1,1.5383767444688012,0.19701539796607673
219.5,0.0,397.5162759728407,1.0643360381005007,96.0,392.0301070607138,400.0000000000006,520561.5624933927,238.43750660734676,1.5242512312579886,-8.804312244592438e-06,2.7016815104738526e-08,1.4173059888831793e-15,4.163336342344337e-17,1.6544939718060938,0.020700920249185906,-44.40047791098563,0.0,0.0,397.38267748556495,396.7513451069418,397.3632941169445,398.34602095761636,396.7676705300729,397.28755419266173,397.7449977530194,96.0,397.5162759728407,1.0643360381005007,1,1.5383767444688012,0.19705587687564688
219.75,0.0,397.5134471300219,1.064599744307631,96.0,392.02697101380306,400.0000000000006,520561.2909244821,238.70907551793877,1.5242165205341847,-8.8107774161017e-06,2.7036654058473207e-08,1.4173059888831793e-15,4.163336342344337e-17,1.6544803420429728,0.02070058003107648,-44.40047791098563,0.0,0.0,397.38014999193456,396.7483668650708,397.3606855123027,398.343786463735,396.7646951975157,397.2848300168317,397.74206424321227,96.0,397.5134471300219,1.064599744307631,1,1.5383767444688012,0.19709634914172994
220.0,0.0,397.5106182872032,1.0648627963074255,96.0,392.0238399970246,400.0000000000007,520561.01935557154,238.9806444285377,1.524181845255171,-8.817240370717627e-06,2.7056486209473538e-08,1.3322676295501882e-15,4.163336342344337e-17,1.6544667447707833,0.020700240130597625,-44.40047791098563,0.0,0.0,397.3776243342968,396.74538692476074,397.35807546265636,398.34155374418106,396.7617255433249,397.2821055205797,397.73913105382667,96.0,397.5106182872032,1.0648627963074255,1,1.5383767444688012,0.19713681488159404
220.25,0.0,397.50778944438434,1.0651250181789087,96.0,392.02071398970463,400.0000000000007,520560.7477866609,239.25221333914578,1.5241472054534726,-8.823761646681305e-06,2.7076497324716056e-08,1.4173059888831766e-15,4.163336342344337e-17,1.654453180191985,0.020699900548610255,-44.40047791098563,0.0,0.0,397.3751002988976,396.7424050930244,397.355464423564,398.33932277888573,396.75876168819894,397.2793807022574,397.7361981865113,96.0,397.50778944438434,1.0651250181789087,1,1.5383767444688012,0.19717727419250242
220.5,0.0,397.5049606015655,1.0653862368653293,96.0,392.0175929704859,400.0000000000007,520560.47621775034,239.52378224976385,1.5241126011530004,-8.830226875033986e-06,2.7096336452879825e-08,1.4173059888831793e-15,4.163336342344337e-17,1.6544396485938093,0.02069956128586483,-44.40047791098563,0.0,0.0,397.3725776898555,396.73942119635586,397.3528528023985,398.3370935495998,396.7558037500223,397.27665556048504,397.7332656426459,96.0,397.5049606015655,1.0653862368653293,1,1.5383767444688012,0.19721772715426322
220.75,0.0,397.5021317587464,1.0656463900808444,96.0,392.01447691551226,400.0000000000007,520560.20464883966,239.795351160392,1.524078032101667,-8.83680721130986e-06,2.711652879994265e-08,1.4173059888831793e-15,4.163336342344337e-17,1.6544261492653745,0.020699222344172746,-44.40047791098563,0.0,0.0,397.37005632899377,396.73643508035497,397.3502409455401,398.33486591352346,396.7528518432986,397.2739300943438,397.7303334231489,96.0,397.5021317587464,1.0656463900808444,1,1.5383767444688012,0.19725817385477398
221.0,0.0,397.4993029159273,1.065905442078335,96.0,392.01136579857166,400.0000000000007,520559.9330799291,240.06692007102959,1.524043498286478,-8.843272894409893e-06,2.7136369323539104e-08,1.4173059888831793e-15,4.163336342344337e-17,1.6544126822529757,0.020698883724101953,-44.40047791098563,0.0,0.0,397.3675360556325,396.7334466094054,397.3476291334255,398.332639709471,396.74990607870416,397.2712043033152,397.7274015285395,96.0,397.4993029159273,1.065905442078335,1,1.5383767444688012,0.1972986143725072
221.25,0.0,397.4964740731081,1.0661633986607453,96.0,392.0082595937088,400.0000000000007,520559.6615110184,240.33848898167446,1.524008999745641,-8.84985311699893e-06,2.715656132174376e-08,1.4173059888831793e-15,4.163336342344337e-17,1.6543992477408611,0.02069854542593772,-44.40047791098563,0.0,0.0,397.36501672642237,396.73045566602656,397.34501757714565,398.33041473263756,396.7469665628328,397.2684781872951,397.72446995892113,96.0,397.4964740731081,1.0661633986607453,1,1.5383767444688012,0.1973390487506522
221.5,0.0,397.4936452302888,1.066420278412482,96.0,392.00515827537686,400.0000000000007,520559.3899421077,240.61005789233172,1.523974536510932,-8.856432316406426e-06,2.7176750180224867e-08,1.457167719820518e-15,4.163336342344337e-17,1.6543858458681748,0.02069820744991257,-44.40047791098563,0.0,0.0,397.36249821490736,396.72746215030065,397.34240641901044,398.32819076724826,396.74403339790854,397.2657517458095,397.72153871476786,96.0,397.4936452302888,1.066420278412482,1,1.5383767444688012,0.19737947711079518
221.75,0.0,397.4908163874693,1.0666760986753274,96.0,392.00206181861114,400.0000000000007,520559.11837319704,240.88162680299604,1.5239401086076467,-8.863012254778369e-06,2.7196941306284093e-08,1.4173059888831793e-15,4.163336342344337e-17,1.6543724767444274,0.02069786979615104,-44.40047791098563,0.0,0.0,397.359980410773,396.7244659791354,397.33979573637504,398.32596760242575,396.7411066814535,397.2630249788276,397.71860779611114,96.0,397.4908163874693,1.0666760986753274,1,1.5383767444688012,0.19741989950241934
222.0,0.0,397.4879875446498,1.0669308779061908,96.0,391.99897019915164,400.0000000000007,520558.84680428635,241.15319571367112,1.5239057160541185,-8.869591340499028e-06,2.7217129815907027e-08,1.4173059888831793e-15,4.163336342344337e-17,1.6543591404529727,0.020697532464709185,-44.40047791098563,0.0,0.0,397.3574632190054,396.7214670855005,397.33718554703296,398.3237450328745,396.7381865060026,397.2602978874176,397.715677201882,96.0,397.4879875446498,1.0669308779061908,1,1.5383767444688012,0.19746031592965455
222.25,0.0,397.4851587018302,1.06718463671298,96.0,391.99588339353915,400.0000000000007,520558.5752353757,241.4247646243583,1.5238713588620727,-8.876112104871936e-06,2.723713936128777e-08,1.4173059888831793e-15,4.163336342344337e-17,1.65434583705394,0.020697195455596205,-44.40047791098563,0.0,0.0,397.35494655898185,396.7184654176452,397.3345758156152,398.32152285907523,396.7352729588645,397.2575704728326,397.7127469308277,96.0,397.4851587018302,1.06718463671298,1,1.5383767444688012,0.19750072638405733
222.5,0.0,397.4823298590104,1.0674373952199854,96.0,391.9928013792077,400.0000000000007,520558.30366646504,241.69633353505483,1.5238370370371834,-8.882692668521486e-06,2.725733240606694e-08,1.4173059888831793e-15,4.163336342344337e-17,1.6543325665866175,0.020696858768790013,-44.40047791098563,0.0,0.0,397.35243036348373,396.7154609382577,397.33196646068876,398.31930088747015,396.7323661219149,397.25484273657935,397.7098169814414,96.0,397.4823298590104,1.0674373952199854,1,1.5383767444688012,0.1975411308659363
222.75,0.0,397.47950101619057,1.0676891745086172,96.0,391.989724134536,400.0000000000007,520558.0320975543,241.96790244576297,1.5238027505797573,-8.889328142913655e-06,2.7277693949343145e-08,1.3322676295501882e-15,4.163336342344337e-17,1.6543193290718847,0.02069652240424705,-44.40047791098563,0.0,0.0,397.34991457765085,396.7124536236253,397.3293573622516,398.3170789300884,396.72946607142853,397.2521146803868,397.7068873519943,96.0,397.47950101619057,1.0676891745086172,1,1.5383767444688012,0.1975815293702113
223.0,0.0,397.47667217337056,1.0679399973136714,96.0,391.9866516388725,400.0000000000007,520557.7605286436,242.2394713564815,1.5237684994854475,-8.895905637018586e-06,2.7297877574951672e-08,1.4173059888831766e-15,4.163336342344337e-17,1.6543061245145514,0.020696186361908373,-44.40047791098563,0.0,0.0,397.3473991579221,396.709443462782,397.32674836937804,398.31485680459735,396.7265728779483,397.2493863061339,397.7039580406072,96.0,397.47667217337056,1.0679399973136714,1,1.5383767444688012,0.19762192188711555
223.25,0.0,397.47384333055044,1.068189886919612,96.0,391.98358387335185,400.0000000000007,520557.4889597328,242.51104026720978,1.523734283745923,-8.902603639171502e-06,2.7318430990222423e-08,1.4173059888831793e-15,4.163336342344337e-17,1.6542929529055121,0.020695850641703404,-44.40047791098563,0.0,0.0,397.34488407332753,396.706430456783,397.3241393077777,398.31263433528846,396.7236866059644,397.2466576160168,397.7010290450841,96.0,397.47384333055044,1.068189886919612,1,1.5383767444688012,0.19766230838012397
223.5,0.0,397.4710144877304,1.0684388458508514,96.0,391.980520820401,400.0000000000007,520557.21739082213,242.78260917794697,1.5237001033496946,-8.909183861760539e-06,2.7338622988427078e-08,1.1102230246251565e-15,3.122502256758253e-17,1.6542798142243675,0.0206955152435522,-44.40047791098563,0.0,0.0,397.3423693030711,396.7034146177453,397.321529986991,398.31041135292475,396.72080731389707,397.2439286124559,397.6981003630047,96.0,397.4710144877304,1.0684388458508514,1,1.5383767444688012,0.1977026888265919
223.75,0.0,397.4681856449101,1.0686868796912796,96.0,391.9774624633054,400.0000000000007,520556.9458219114,243.05417808869342,1.5236659582881842,-8.915821837263138e-06,2.7358992206583062e-08,1.3322676295501884e-15,4.163336342344337e-17,1.654266708459442,0.020695180167368047,-44.40047791098563,0.0,0.0,397.33985483416666,396.7003959679545,397.31892020710075,398.30818769429004,396.71793505418975,397.24119929862053,397.69517199119963,96.0,397.4681856449101,1.0686868796912796,1,1.5383767444688012,0.19774306321335047
224.0,0.0,397.4653568020897,1.0689340109906313,96.0,391.97440878614765,400.00000000000074,520556.6742530006,243.32574699944865,1.5236318489404477,-8.922519839416054e-06,2.7379545621853816e-08,1.4173059888831793e-15,4.163336342344337e-17,1.6542536369269076,0.020694845413094853,-44.40047791098563,0.0,0.0,397.33734066032,396.6973745390579,397.3163097648603,398.305963202572,396.7150698733262,397.2384696782421,397.69224392593725,96.0,397.4653568020897,1.0689340109906313,1,1.5383767444688012,0.19778343152291733
224.25,0.0,397.4625279592692,1.069177493091165,96.0,391.971359773708,400.0000000000007,520556.40268408984,243.597315910215,1.5235977753980614,-8.929156848580533e-06,2.7399911874715336e-08,1.4173059888831766e-15,4.163336342344337e-17,1.6542405999914431,0.02069451098324892,-44.40047791098563,0.0,0.0,397.33472774217404,396.6943503712527,397.313698459095,398.30373772633504,396.7122118118454,397.2357403115998,397.68931560693864,96.0,397.4625279592692,1.069177493091165,1,1.5383767444688012,0.19782379373405315
224.5,0.0,397.4596991164487,1.069414497731611,96.0,391.9683154180907,400.0000000000007,520556.13111517904,243.86888482099164,1.5235637375325988,-8.935853941238747e-06,2.7420462499120714e-08,1.4173059888831793e-15,4.163336342344337e-17,1.6542275972678808,0.020694176878924327,-44.40047791098563,0.0,0.0,397.331912843497,396.6913235120342,397.3110860952187,398.3015111210283,396.7093608948689,397.233011833101,397.6863863997963,96.0,397.4596991164487,1.069414497731611,1,1.5383767444688012,0.197864149201434
224.75,0.0,397.456870273628,1.0696507737961642,96.0,391.9652757155037,400.0000000000006,520555.85954626824,244.14045373177274,1.5235297352571646,-8.942550067558841e-06,2.744101015823163e-08,1.4173059888831793e-15,4.163336342344337e-17,1.654214628492346,0.020693843099791737,-44.40047791098563,0.0,0.0,397.3290988356157,396.68829401550335,397.3084724889168,398.2992832410077,396.70651712025517,397.2302832180485,397.68345732920756,96.0,397.456870273628,1.0696507737961642,1,1.5383767444688012,0.19790449758166995
225.0,0.0,397.4540414308073,1.0698862776707652,96.0,391.96224066027594,400.00000000000057,520555.5879773575,244.41202264256097,1.5234957685019692,-8.949187986218021e-06,2.7461379201958527e-08,1.4173059888831766e-15,4.163336342344337e-17,1.6542016934770585,0.020693509645555292,-44.40047791098563,0.0,0.0,397.32628980825433,396.68526194265024,397.30585746889426,398.2970540976846,396.70368047123793,397.22755446296736,397.6805283986473,96.0,397.4540414308073,1.0698862776707652,1,1.5383767444688012,0.19794483889945416
225.25,0.0,397.4512125879865,1.0701210171942126,96.0,391.9592102450988,400.0000000000006,520555.3164084467,244.6835915533579,1.5234618371730797,-8.955883146199994e-06,2.748192389577498e-08,1.017704439239727e-15,2.7972416050126014e-17,1.6541887923978071,0.020693176515736492,-44.40047791098563,0.0,0.0,397.32349001130063,396.6822273602465,397.30324087872305,398.2948235680769,396.70085091218874,397.2248255583238,397.67759961764915,96.0,397.4512125879865,1.0701210171942126,1,1.5383767444688012,0.1979851731740493
225.5,0.0,397.4483837451657,1.0703549998939126,96.0,391.9561844609193,400.0000000000006,520555.04483953596,244.95516046416034,1.523427941236142,-8.962522031197295e-06,2.750229590479634e-08,1.1102230246251565e-15,3.209238430557093e-17,1.6541759246653938,0.020692843706129276,-44.40047791098563,0.0,0.0,397.32070335313796,396.6791903402561,397.30062257788114,398.29259153467666,396.6980283900222,397.2220964911032,397.6746709992282,96.0,397.4483837451657,1.0703549998939126,1,1.5383767444688012,0.19802550042018505
225.75,0.0,397.4455549023448,1.0705882328377887,96.0,391.95316329684545,400.0000000000006,520554.77327062504,245.22672937496878,1.5233940806599529,-8.969335027586567e-06,2.752320219010798e-08,1.1102230246251565e-15,3.252606517456513e-17,1.6541630900518876,0.020692511218486545,-44.40047791098563,0.0,0.0,397.3179333423981,396.67615095926146,397.2980024420665,398.29035788525266,396.6952128357203,397.2193672451972,397.67174255949226,96.0,397.4455549023448,1.0705882328377887,1,1.5383767444688012,0.19806582064809253
226.0,0.0,397.44272605952375,1.0708205776383855,96.0,391.9501467400394,400.0000000000006,520554.50170171424,245.49829828578117,1.5233602554154277,-8.976033370799996e-06,2.754375665195325e-08,9.448706592554547e-16,2.7755575615628914e-17,1.6541502884352821,0.02069217905408582,-44.40047791098563,0.0,0.0,397.315183039146,396.67310929791273,397.29538036288636,398.288122511921,396.69240416635307,397.21663780184036,397.66881431720714,96.0,397.44272605952375,1.0708205776383855,1,1.5383767444688012,0.19810613384819284
226.25,0.0,397.4398972167027,1.0710522132563836,96.0,391.9471347755992,400.0000000000006,520554.23013280344,245.76986719660073,1.523326465465678,-8.982731259266075e-06,2.7564309718365827e-08,1.3322676295501882e-15,4.163336342344337e-17,1.6541375196866401,0.020691847213721356,-44.40047791098563,0.0,0.0,397.31245501701255,396.67006544039657,397.2927562470683,398.28588531267656,396.6896022874889,397.2139081400764,397.6658862933291,96.0,397.4398972167027,1.0710522132563836,1,1.5383767444688012,0.1981464399992785
226.5,0.0,397.43706837388163,1.0712831344555156,96.0,391.9441273864319,400.0000000000006,520553.95856389264,246.04143610742233,1.5232927107345409,-8.989428863515059e-06,2.758486191263298e-08,1.3322676295501884e-15,4.163336342344337e-17,1.6541247835530493,0.020691515697596908,-44.40047791098563,0.0,0.0,397.30975133658353,396.66701947392534,397.2901300152502,398.2836461901359,396.6868070958883,397.2111782372503,397.6629585105131,96.0,397.43706837388163,1.0712831344555156,1,1.5383767444688012,0.1981867390998402
226.75,0.0,397.43423953106054,1.0715131507766067,96.0,391.94112455312137,400.0000000000006,520553.68699498184,246.31300501825035,1.5232589912004237,-8.996125956173273e-06,2.7605412537038354e-08,1.4173059888831793e-15,4.163336342344337e-17,1.6541120799426645,0.020691184504740993,-44.40047791098563,0.0,0.0,397.30707353008506,396.6639714882491,397.2875016005175,398.2814050520344,396.68401848238943,397.2084482484092,397.6600308137119,96.0,397.43423953106054,1.0715131507766067,1,1.5383767444688012,0.1982270311445337
227.0,0.0,397.4314106882394,1.0717420145923742,96.0,391.9381262537961,400.0000000000006,520553.41542607103,246.5845739290761,1.5232253068405026,-9.002823844639352e-06,2.7625965603450936e-08,1.4802973661668755e-15,4.163336342344337e-17,1.6540994087493666,0.020690853635089112,-44.40047791098563,0.0,0.0,397.3044226049788,396.6609215751873,397.28487094683953,398.2791618310937,396.68123633488415,397.2057183246164,397.6571030518624,96.0,397.4314106882394,1.0717420145923742,1,1.5383767444688012,0.19826731612439286
227.25,0.0,397.42858184541836,1.0719697237248509,96.0,391.93513246399516,400.0000000000006,520553.1438571601,246.8561428398947,1.5231916576315228,-9.009635761003665e-06,2.764686857460994e-08,1.3322676295501878e-15,4.163336342344337e-17,1.6540867698710597,0.020690523088428305,-44.40047791098563,0.0,0.0,397.3017990395484,396.657869828175,397.2822380071342,398.2769164425526,396.6784605412888,397.20298832380604,397.6541753670308,96.0,397.42858184541836,1.0719697237248509,1,1.5383767444688012,0.19830759402703635
227.5,0.0,397.42575300259733,1.0721966109173966,96.0,391.93214315653756,400.0000000000006,520552.8722882494,247.12771175071055,1.523158043549883,-9.016275839712762e-06,2.7667244246642105e-08,1.3322676295501878e-15,4.163336342344337e-17,1.6540741632095435,0.02069019286448527,-44.40047791098563,0.0,0.0,397.29920279749587,396.65481634186824,397.27960274396554,398.27466877858143,396.6756909924226,397.200258078235,397.6512479269598,96.0,397.42575300259733,1.0721966109173966,1,1.5383767444688012,0.19834786483686476
227.75,0.0,397.42292415977636,1.0724228681510182,96.0,391.9291583013966,400.0000000000006,520552.6007193385,247.39928066152567,1.5231244645708104,-9.023032845334455e-06,2.7687978719304077e-08,1.4173059888831766e-15,4.163336342344337e-17,1.6540615886479668,0.02068986296306392,-44.40047791098563,0.0,0.0,397.2966333583905,396.65176121172937,397.27696513213004,398.27241877624783,396.6729275847137,397.19752753936035,397.64832078019236,96.0,397.42292415977636,1.0724228681510182,1,1.5383767444688012,0.1983881285352448
228.0,0.0,397.4200953169554,1.0726484874452333,96.0,391.9261778655793,400.0000000000006,520552.3291504277,247.67084957233743,1.523090920667799,-9.029730563270277e-06,2.77085312624294e-08,1.4173059888831766e-15,4.163336342344337e-17,1.6540490460983135,0.020689533384335962,-44.40047791098563,0.0,0.0,397.29408975174,396.64870453360936,397.2743251590291,398.2701663644014,396.6701702226605,397.19479668347003,397.64539395044085,96.0,397.4200953169554,1.0726484874452333,1,1.5383767444688012,0.19842838510067953
228.25,0.0,397.4172664741345,1.0728734343151058,96.0,391.923201813011,400.0000000000006,520552.0575815169,247.94241848314937,1.5230574118142304,-9.036427485398235e-06,2.772908136354752e-08,1.1663247200184474e-15,3.426078865054194e-17,1.6540365354775493,0.02068920412789038,-44.40047791098563,0.0,0.0,397.29157059814435,396.64564640338745,397.2716828248259,398.2679114847716,396.66741882099063,397.1920654862816,397.64246746198734,96.0,397.4172664741345,1.0728734343151058,1,1.5383767444688012,0.19846863450896565
228.5,0.0,397.41443763131355,1.0730977002059088,96.0,391.92023010443336,400.0000000000007,520551.7860126061,248.2139873939588,1.5230239379830628,-9.043123782248585e-06,2.7749629545945694e-08,1.417305988883182e-15,4.163336342344337e-17,1.6540240567054787,0.020688875193328096,-44.40047791098563,0.0,0.0,397.28907415639367,396.6425869165731,397.2690381418877,398.2656540816158,396.66467330646657,397.18933392456205,397.63954133806504,96.0,397.41443763131355,1.0730977002059088,1,1.5383767444688012,0.19850887673333684
228.75,0.0,397.4116087884927,1.0733212795025964,96.0,391.9172626972872,400.0000000000007,520551.5144436953,248.4855563047625,1.5229904991467405,-9.04981934013449e-06,2.777017546076575e-08,1.4173059888831793e-15,4.163336342344337e-17,1.6540116097035662,0.02068854658027534,-44.40047791098563,0.0,0.0,397.28659837239684,396.63952616658395,397.2663911334319,398.26339409951004,396.6619336192938,397.18660197726103,397.63661559972434,96.0,397.4116087884927,1.0733212795025964,1,1.5383767444688012,0.1985491117445961
229.0,0.0,397.40877994567177,1.0735441421718988,96.0,391.9142995327586,400.0000000000007,520551.2428747845,248.7571252155672,1.522957095277205,-9.056516091732192e-06,2.779072503859661e-08,1.4173059888831793e-15,4.163336342344337e-17,1.6539991943942132,0.020688218288386837,-44.40047791098563,0.0,0.0,397.28414094048924,396.63646424757576,397.2637418318893,398.2611314951548,396.65919971373125,397.18386962549636,397.6336902658472,96.0,397.40877994567177,1.0735441421718988,1,1.5383767444688012,0.19858933953580982
229.25,0.0,397.4059511028509,1.0737652915943572,96.0,391.911340536772,400.0000000000006,520550.9713058737,249.02869412636707,1.522923726345963,-9.063212786486474e-06,2.7811274441998386e-08,1.4173059888831766e-15,4.163336342344337e-17,1.6539868107002758,0.020687890317344273,-44.40047791098563,0.0,0.0,397.2816993566301,396.6334012533613,397.2610902769056,398.2589188125466,396.6564715587481,397.1811368530237,397.6307653526783,96.0,397.4059511028509,1.0737652915943572,1,1.5383767444688012,0.19862956009321486
229.5,0.0,397.40312226003016,1.0739857871176686,96.0,391.9083856428766,400.0000000000006,520550.6997369629,249.30026303716244,1.5228903923241681,-9.069910447578877e-06,2.7831826810694623e-08,1.3322676295501878e-15,4.163336342344337e-17,1.6539744585447527,0.020687562666853083,-44.40047791098563,0.0,0.0,397.27927097792184,396.63033728627164,397.2584365143231,398.25669599057727,396.6537491389886,397.17840364629063,397.6278408737697,96.0,397.40312226003016,1.0739857871176686,1,1.5383767444688012,0.19866977064332492
229.75,0.0,397.4002934172094,1.0742052649417968,96.0,391.9054347823029,400.0000000000006,520550.4281680521,249.57183194795294,1.5228570931836356,-9.07660611915162e-06,2.785237307437285e-08,1.3322676295501882e-15,4.163336342344337e-17,1.6539621378539222,0.020687235336638663,-44.40047791098563,0.0,0.0,397.27685307929187,396.62727245066003,397.2557805941209,398.25446656598626,396.6510324542559,397.1756699953842,397.62491683903454,96.0,397.4002934172094,1.0742052649417968,1,1.5383767444688012,0.1987099708404431
230.0,0.0,397.3974645743888,1.074424039432131,96.0,391.9024878864849,400.0000000000006,520550.1565991413,249.84340085874274,1.5228238288949731,-9.083303723400604e-06,2.787292526864e-08,1.3322676295501884e-15,4.163336342344337e-17,1.6539498485502255,0.020686908326454596,-44.40047791098563,0.0,0.0,397.2744429092679,396.62420684579854,397.25312256844666,398.2522319739415,396.6483215185113,397.17293590431245,397.62199324446493,96.0,397.3974645743888,1.074424039432131,1,1.5383767444688012,0.19875016081844912
230.25,0.0,397.3946357315681,1.074642110255095,96.0,391.89954488493896,400.0000000000007,520549.8850302305,250.11496976952446,1.5227905994285813,-9.089999508660185e-06,2.78934718811764e-08,1.4173059888831793e-15,4.163336342344337e-17,1.65393759055577,0.0206865816360557,-44.40047791098563,0.0,0.0,397.27203774315745,396.6211405661501,397.25046248975127,398.2499927962896,396.6456163587656,397.1702013673082,397.6190700958279,96.0,397.3946357315681,1.074642110255095,1,1.5383767444688012,0.19879034072512272
230.5,0.0,397.3918068887474,1.0748594608548354,96.0,391.89660570708816,400.00000000000074,520549.6134613197,250.38653868030053,1.522757404754752,-9.096695805510535e-06,2.7914020063574575e-08,1.4173059888831793e-15,4.163336342344337e-17,1.6539253637924742,0.02068625526520614,-44.40047791098563,0.0,0.0,397.2696349325627,396.6180737015007,397.24780040913197,398.2477501446253,396.64291701370047,397.1674663810608,397.61614739643414,96.0,397.3918068887474,1.0748594608548354,1,1.5383767444688012,0.19883051082424952
230.75,0.0,397.388978045927,1.075076100343518,96.0,391.8936702924893,400.00000000000074,520549.341892409,250.65810759107234,1.5227242448437075,-9.103275175448289e-06,2.793420944534294e-08,1.3322676295501878e-15,4.163336342344337e-17,1.6539131681820889,0.02068592921367787,-44.40047791098563,0.0,0.0,397.26723195010885,396.6150063371956,397.24513637375003,398.24550375244644,396.6402235320879,397.16473094491766,397.6132251469362,96.0,397.388978045927,1.075076100343518,1,1.5383767444688012,0.19887067128627609
231.0,0.0,397.3861492031064,1.0752926654386759,96.0,391.89073859225755,400.00000000000074,520549.0703234982,250.92967650183868,1.5226911196656248,-9.109971756515733e-06,2.7954758499886543e-08,1.417305988883182e-15,4.163336342344337e-17,1.6539010036462318,0.020685603481248885,-44.40047791098563,0.0,0.0,397.26482642924503,396.6119385540765,397.242470424601,398.24326476008673,396.63753597058496,397.1619950666058,397.61030333960707,96.0,397.3861492031064,1.0752926654386759,1,1.5383767444688012,0.19891082230101628
231.25,0.0,397.383320360286,1.0755091826542162,96.0,391.88781055608825,400.00000000000074,520548.7987545875,251.20124541259918,1.5226580291906582,-9.116610982573548e-06,2.7975131555482416e-08,1.2027416100105863e-15,2.7755575615628914e-17,1.653888870106433,0.020685278067701745,-44.40047791098563,0.0,0.0,397.262416198656,396.6088704280181,397.23980259464065,398.2410319914713,396.6348543916636,397.1592587684725,397.6073819520994,96.0,397.383320360286,1.0755091826542162,1,1.5383767444688012,0.19895096394601586
231.5,0.0,397.38049151746554,1.0757245896562215,96.0,391.8848861303604,400.0000000000006,520548.52718567674,251.4728143233637,1.5226249733889552,-9.123250094944524e-06,2.799550426222012e-08,1.4173059888831793e-15,4.163336342344337e-17,1.6538767674841772,0.020684952972822378,-44.40047791098563,0.0,0.0,397.25999931029213,396.60580203102563,397.2371329078354,398.23879486245824,396.632178861329,397.1565220213747,397.6044610135564,96.0,397.38049151746554,1.0757245896562215,1,1.5383767444688012,0.19899109629060507
231.75,0.0,397.377662674645,1.0759388294495331,96.0,391.8819652585604,400.0000000000007,520548.2556167659,251.74438323412804,1.5225919522306641,-9.130004201551856e-06,2.8016229838998712e-08,1.4173059888831766e-15,4.163336342344337e-17,1.653864695700951,0.020684628196399123,-44.40047791098563,0.0,0.0,397.25757406101417,396.6027334307355,397.2344613782256,398.2365532855369,396.62950944666005,397.1537848284608,397.60154052082936,96.0,397.377662674645,1.0759388294495331,1,1.5383767444688012,0.19903121931518064
232.0,0.0,397.3748338318246,1.0761516142798027,96.0,391.8790478814033,400.0000000000007,520547.98404785513,252.01595214489603,1.5225589657010916,-9.136643598139926e-06,2.8036603417881842e-08,1.4173059888831793e-15,4.163336342344337e-17,1.6538526547433217,0.020684303738221922,-44.40047791098563,0.0,0.0,397.2551390077207,396.59966468891014,397.23178800904174,398.23430718370213,396.62684621339986,397.1510471974502,397.59862046619884,96.0,397.3748338318246,1.0761516142798027,1,1.5383767444688012,0.19907133307754812
232.25,0.0,397.3720049890041,1.076362943992073,96.0,391.8761339367012,400.0000000000007,520547.7124789444,252.28752105566417,1.5225260137686725,-9.14328236945039e-06,2.805697507804503e-08,1.1102230246251565e-15,3.122502256758253e-17,1.6538406445303542,0.020683979598621685,-44.40047791098563,0.0,0.0,397.2526929761003,396.59659585954915,397.2291127931784,398.2320564908979,396.6241892236739,397.1483091351873,397.59570084282086,96.0,397.3720049890041,1.076362943992073,1,1.5383767444688012,0.19911143762835748
232.5,0.0,397.3691761461835,1.0765731848375042,96.0,391.8732233596097,400.0000000000007,520547.44091003365,252.55908996643288,1.5224930963980505,-9.149922220785811e-06,2.807735005236085e-08,1.4173059888831793e-15,4.163336342344337e-17,1.6538286649648015,0.020683655777811904,-44.40047791098563,0.0,0.0,397.25023506324993,396.59352698690304,397.2264356909494,398.22980067467915,396.6215385336427,397.145570653691,397.5927816386762,96.0,397.3691761461835,1.0765731848375042,1,1.5383767444688012,0.19915153301142186
232.75,0.0,397.366347303363,1.0767826804500358,96.0,391.8703160830118,400.0000000000007,520547.16934112285,252.8306588772032,1.5224602135548098,-9.156619540817701e-06,2.8097901374482573e-08,1.3322676295501878e-15,4.163336342344337e-17,1.653816715952887,0.020683332275422305,-44.40047791098563,0.0,0.0,397.2477646341693,396.5904581042961,397.2237566204799,398.2275392225627,396.6188941913218,397.1428317669008,397.58986283982523,96.0,397.366347303363,1.0767826804500358,1,1.5383767444688012,0.19919161926403373
233.0,0.0,397.3635184605425,1.0769914680948127,96.0,391.86741203798283,400.0000000000007,520546.8977722121,253.10222778797353,1.522427365205638,-9.163259278466285e-06,2.811827599994022e-08,1.4173059888831793e-15,4.163336342344337e-17,1.6538047974047911,0.020683009091097923,-44.40047791098563,0.0,0.0,397.2452813136048,396.58738923268106,397.2210754870132,398.22527203258863,396.61625623458355,397.14009248818337,397.5869444329016,96.0,397.3635184605425,1.0769914680948127,1,1.5383767444688012,0.19923169641727856
233.25,0.0,397.3606896177219,1.077199564236631,96.0,391.8645111517112,400.0000000000007,520546.6262033013,253.37379669874574,1.5223945513203951,-9.16995534794296e-06,2.813882348462205e-08,1.4173059888831766e-15,4.163336342344337e-17,1.6537929092414247,0.020682686224509552,-44.40047791098563,0.0,0.0,397.24278497219206,396.5843203786201,397.2183921986323,398.22299905709,396.61362468912887,397.1373528311288,397.58402640431495,96.0,397.3606896177219,1.077199564236631,1,1.5383767444688012,0.19927176431008917
233.5,0.0,397.3578607749014,1.0774069805719049,96.0,391.8616133670244,400.0000000000006,520546.35463439056,253.64536560951885,1.5223617718744809,-9.17659372134949e-06,2.8159193923781636e-08,1.417305988883182e-15,4.163336342344337e-17,1.653781051402585,0.020682363675368083,-44.40047791098563,0.0,0.0,397.2402757102001,396.5812515286224,397.21570667618175,398.22072027264824,396.6109995697226,397.13461280896485,397.58110874083786,96.0,397.3578607749014,1.0774069805719049,1,1.5383767444688012,0.19931182058105398
233.75,0.0,397.35503193208075,1.0776137259220984,96.0,391.8587186503829,400.0000000000006,520546.08306547976,253.91693452029108,1.5223290268384035,-9.183290359260354e-06,2.8179743152754324e-08,1.4173059888831793e-15,4.163336342344337e-17,1.653769223804561,0.02068204144344129,-44.40047791098563,0.0,0.0,397.2377538372309,396.578182647398,397.21301886199586,398.21843564774997,396.6083808821595,397.1318724332502,397.5781914309114,96.0,397.35503193208075,1.0776137259220984,1,1.5383767444688012,0.19935186131489255
234.0,0.0,397.3522030892602,1.0778198417493352,96.0,391.8558269565079,400.0000000000007,520545.811496569,254.18850343106533,1.522296316182489,-9.189929926378682e-06,2.8200117254924715e-08,1.4173059888831766e-15,4.163336342344337e-17,1.653757426407641,0.02068171952846491,-44.40047791098563,0.0,0.0,397.2352198446018,396.5751136825923,397.2103287092492,398.21614601011066,396.6057686163576,397.1291317146059,397.5752744639146,96.0,397.3522030892602,1.0778198417493352,1,1.5383767444688012,0.19939188751440906
234.25,0.0,397.3493742464396,1.078025335147211,96.0,391.85293823270854,400.0000000000007,520545.5399276582,254.46007234184214,1.5222636398751146,-9.196627189567153e-06,2.822066840261735e-08,1.4173059888831793e-15,4.163336342344337e-17,1.6537456591379596,0.02068139793021768,-44.40047791098563,0.0,0.0,397.23267437824984,396.5720445589742,397.20763618370944,398.2138512783554,396.60316274124483,397.1263906627778,397.57235783010145,96.0,397.3493742464396,1.078025335147211,1,1.5383767444688012,0.19943190005291642
234.5,0.0,397.3465454036191,1.0782301614474255,96.0,391.85005242206586,400.0000000000007,520545.2683587474,254.73164125261928,1.5222309978803215,-9.203323713791178e-06,2.824121728273187e-08,1.4173059888831766e-15,4.163336342344337e-17,1.6537339219003848,0.020681076648430025,-44.40047791098563,0.0,0.0,397.23011821084964,396.5689751820725,397.2049412658748,398.2115506425556,396.6005632052389,397.1236492865246,397.5694415207134,96.0,397.3465454036191,1.0782301614474255,1,1.5383767444688012,0.19947189968574108
234.75,0.0,397.3437165607984,1.0784343124909967,96.0,391.8471694665283,400.0000000000007,520544.9967898367,255.00321016339922,1.5221983901592322,-9.20996305353583e-06,2.8261590687185916e-08,1.4173059888831766e-15,4.163336342344337e-17,1.6537222145931127,0.020680755682800436,-44.40047791098563,0.0,0.0,397.227552213345,396.56590544199764,397.20224395275187,398.2092441153507,396.5979699370806,397.12090759354123,397.5665255280557,96.0,397.3437165607984,1.0784343124909967,1,1.5383767444688012,0.19951188706186648
235.0,0.0,397.34088771797775,1.078637839029096,96.0,391.8442893097086,400.0000000000007,520544.7252209259,255.2747790741819,1.5221658166714158,-9.216661624122935e-06,2.8282145846747528e-08,1.3322676295501878e-15,4.163336342344337e-17,1.6537105371095437,0.020680435033015414,-44.40047791098563,0.0,0.0,397.2249773264214,396.5628352167101,397.1995442592379,398.20693172012534,396.59538284678,397.1181655904084,397.56360984554703,96.0,397.34088771797775,1.078637839029096,1,1.5383767444688012,0.1995518627352415
235.25,0.0,397.3380588751572,1.0788407498278816,96.0,391.8414118992728,400.0000000000007,520544.4536520151,255.54634798496465,1.522133277377267,-9.223359853649526e-06,2.8302699959734624e-08,1.4173059888831793e-15,4.163336342344337e-17,1.6536988893129394,0.020680114698753867,-44.40047791098563,0.0,0.0,397.22239453257333,396.559764374729,397.1968422191728,398.2046134887585,396.5928018266751,397.1154232825542,397.56069446775996,96.0,397.3380588751572,1.0788407498278816,1,1.5383767444688012,0.19959182717546167
235.5,0.0,397.3352300323365,1.0790430515221767,96.0,391.838537188877,400.0000000000007,520544.1820831043,255.81791689574888,1.522100772236868,-9.23005745789851e-06,2.8323252154001772e-08,1.4173059888831766e-15,4.163336342344337e-17,1.6536872710772403,0.02067979467991579,-44.40047791098563,0.0,0.0,397.2198048293721,396.5566927774691,397.1941378859636,398.20228946062457,396.5902267526196,397.1126806742575,397.55777939041536,96.0,397.3352300323365,1.0790430515221767,1,1.5383767444688012,0.1996317807776605
235.75,0.0,397.3324011895156,1.079244750323624,96.0,391.83566513964456,400.0000000000007,520543.9105141935,256.08948580653805,1.5220683012104843,-9.236697167125385e-06,2.8343626692244878e-08,1.4173059888831793e-15,4.163336342344337e-17,1.6536756822979624,0.02067947497630995,-44.40047791098563,0.0,0.0,397.21720920447524,396.55362028128314,397.1914313327962,398.1999596818658,396.58765748530516,397.10993776867554,397.5548646103559,96.0,397.3324011895156,1.079244750323624,1,1.5383767444688012,0.19967172387153606
236.0,0.0,397.32957234669493,1.0794458521491395,96.0,391.8327957212045,400.0000000000006,520543.6389452827,256.3610547173276,1.5220358642597684,-9.243392582902743e-06,2.836417217099222e-08,1.417305988883182e-15,4.163336342344337e-17,1.6536641228723652,0.020679155587585367,-44.40047791098563,0.0,0.0,397.21460861284885,396.55054673928316,397.18872265244494,398.1976242047985,396.58509387171785,397.1071945678941,397.55195012549575,96.0,397.32957234669493,1.0794458521491395,1,1.5383767444688012,0.1997116567294973
236.25,0.0,397.3267435038742,1.0796463626651476,96.0,391.8299289123269,400.0000000000007,520543.367376372,256.63262362812293,1.522003461347797,-9.250030927887565e-06,2.8384542522937262e-08,1.4173059888831793e-15,4.163336342344337e-17,1.6536525927007355,0.020678836513389368,-44.40047791098563,0.0,0.0,397.2120039565938,396.5474720029906,397.18601195669294,398.1952830873881,396.58253574671767,397.10445107299637,397.549035934752,96.0,397.3267435038742,1.0796463626651476,1,1.5383767444688012,0.1997515795739524
236.5,0.0,397.3239146610533,1.0798462873209616,96.0,391.82706470120024,400.0000000000007,520543.0958074611,256.9041925389224,1.5219710924373049,-9.256785233446863e-06,2.8405268710217652e-08,1.4173059888831793e-15,4.163336342344337e-17,1.6536410916910942,0.020678517753379144,-44.40047791098563,0.0,0.0,397.20939606768513,396.5443959238549,397.1832993753828,398.1929363927763,396.5799829347233,397.1017072841494,397.5461220379572,96.0,397.3239146610533,1.0798462873209616,1,1.5383767444688012,0.1997914925837864
236.75,0.0,397.32108581823246,1.0800456313780675,96.0,391.8242030853975,400.00000000000074,520542.8242385503,257.175761449725,1.5219387574964098,-9.263480592380802e-06,2.842581401453591e-08,1.417305988883182e-15,4.163336342344337e-17,1.653629619770218,0.020678199307215865,-44.40047791098563,0.0,0.0,397.20678569384916,396.54131835466717,397.1805850551232,398.19058418885015,396.577435251483,397.0989632007042,397.54320843576073,96.0,397.32108581823246,1.0800456313780675,1,1.5383767444688012,0.19983139590008644
237.0,0.0,397.31825697541154,1.08024438556875,96.0,391.8213440715812,400.0000000000007,520542.5526696395,257.4473303605354,1.5219064564991176,-9.270176349218673e-06,2.8446360539857767e-08,1.417305988883182e-15,4.163336342344337e-17,1.6536181768749423,0.020677881174600322,-44.40047791098563,0.0,0.0,397.204173487714,396.5382391508895,397.1778691576806,398.18822654784896,396.57489250590186,397.0962188186407,397.54029513218234,96.0,397.31825697541154,1.08024438556875,1,1.5383767444688012,0.19987128963118206
237.25,0.0,397.31542813259057,1.0804425024423878,96.0,391.8184876749917,400.0000000000007,520542.28110072867,257.7188992713469,1.521874189413127,-9.276932985358144e-06,2.846709387873068e-08,1.417305988883182e-15,4.163336342344337e-17,1.6536067629169102,0.020677563355286296,-44.40047791098563,0.0,0.0,397.2015599992885,396.53515817191067,397.1751518580965,398.1858635460059,396.5723545019017,397.09347413089785,397.5373821342833,96.0,397.31542813259057,1.0804425024423878,1,1.5383767444688012,0.19991117385706522
237.5,0.0,397.3125992897696,1.0806399855686601,96.0,391.81563391875676,400.0000000000007,520542.00953181786,257.99046818216345,1.5218419562068244,-9.283627434797381e-06,2.848763639218356e-08,9.71445146547012e-16,3.0357660829594124e-17,1.6535953778087507,0.020677245848996877,-44.40047791098563,0.0,0.0,397.19894565574987,396.5320752822282,397.1724333425682,398.1834952632202,396.56982104028214,397.09072913574965,397.5344694437894,96.0,397.3125992897696,1.0806399855686601,1,1.5383767444688012,0.19995104863325808
237.75,0.0,397.30977044694845,1.0808368385568643,96.0,391.8127828330367,400.0000000000007,520541.73796290706,258.2620370929829,1.521809756848144,-9.290323760069441e-06,2.8508184661796277e-08,1.4173059888831793e-15,4.163336342344337e-17,1.6535840214539126,0.020676928655457897,-44.40047791098563,0.0,0.0,397.1963307679753,396.5289903527014,397.1697138061425,398.1811217827569,396.56729192055207,397.08798383053954,397.53155706335747,96.0,397.30977044694845,1.0808368385568643,1,1.5383767444688012,0.19999091399418875
238.0,0.0,397.30694160412736,1.0810330655055982,96.0,391.80993445401555,400.0000000000007,520541.46639399626,258.5336060038102,1.5217775913216913,-9.297019346377056e-06,2.8528730663830875e-08,1.0269562977782698e-15,3.209238430557093e-17,1.65357269383522,0.020676611774367595,-44.40047791098563,0.0,0.0,397.19371554053566,396.5259032622059,397.16699345030224,398.1787431909736,396.56476694270475,397.0852382124229,397.5286449958318,96.0,397.30694160412736,1.0810330655055982,1,1.5383767444688012,0.200030769956133
238.25,0.0,397.3041127613062,1.0812286704999525,96.0,391.80708882277327,400.0000000000006,520541.1948250854,258.80517491464184,1.5217454596036282,-9.303773936153448e-06,2.8549457723256694e-08,9.448706592554547e-16,2.7755575615628914e-17,1.6535613948986623,0.020676295205622336,-44.40047791098563,0.0,0.0,397.1911000768765,396.52281389938565,397.16427248049274,398.17635957706784,396.5622459089073,397.0824922784839,397.52573324412856,96.0,397.3041127613062,1.0812286704999525,1,1.5383767444688012,0.20007061651977467
238.5,0.0,397.301283918485,1.0814236576616487,96.0,391.80424598406233,400.0000000000007,520540.9232561746,259.07674382547543,1.5217133616615073,-9.310470545642602e-06,2.857000686501484e-08,1.3322676295501882e-15,4.163336342344337e-17,1.6535501245540913,0.020675978949058507,-44.40047791098563,0.0,0.0,397.1884843870007,396.51972216446455,397.16155110350707,398.17397103284605,396.55972862507525,397.0797460258414,397.5228218111287,96.0,397.301283918485,1.0814236576616487,1,1.5383767444688012,0.2001104536724312
238.75,0.0,397.29845507566387,1.0816180258298074,96.0,391.801405985009,400.0000000000007,520540.65168726374,259.3483127363111,1.5216812974672962,-9.31722536279267e-06,2.8590734622157005e-08,1.3322676295501884e-15,4.163336342344337e-17,1.6535388827294424,0.020675663004433218,-44.40047791098563,0.0,0.0,397.1858683973053,396.5166279710867,397.15882952492206,398.1715775020752,396.5572149023109,397.07699945174596,397.5199106995817,96.0,397.29845507566387,1.0816180258298074,1,1.5383767444688012,0.2001502813899874
239.0,0.0,397.2956262328426,1.0818117696983496,96.0,391.7985688737573,400.0000000000007,520540.38011835294,259.61988164714614,1.5216492669889878,-9.323920949100284e-06,2.8611280624191606e-08,1.4173059888831793e-15,4.163336342344337e-17,1.653527669337847,0.020675347371530543,-44.40047791098563,0.0,0.0,397.1832519622031,396.5135312481521,397.15610794660483,398.1691788163903,396.5547045581861,397.07425255366405,397.51699991202116,96.0,397.2956262328426,1.0818117696983496,1,1.5383767444688012,0.20019009963857423
239.25,0.0,397.2927973900214,1.0820049147045618,96.0,391.7941697664828,400.0000000000007,520540.1085494421,259.8914505579845,1.521617270194816,-9.330675140972744e-06,2.8632006462613824e-08,1.4173059888831793e-15,4.163336342344337e-17,1.6535164842944337,0.020675032050105513,-44.40047791098563,0.0,0.0,397.18063487713385,396.51043194161673,397.15338656433374,398.1667756936184,396.5521974178546,397.0715053293491,397.5140894506937,96.0,397.2927973900214,1.0820049147045618,1,1.5383767444688012,0.2002299083760263
239.5,0.0,397.2899685472001,1.0821974648608637,96.0,391.7895825028319,400.0000000000007,520539.8369805312,260.1630194688238,1.5215853070605647,-9.337428764411015e-06,2.8652730556745183e-08,1.4173059888831793e-15,4.163336342344337e-17,1.653505327539026,0.020674717039913075,-44.40047791098563,0.0,0.0,397.17801689256146,396.5073300162406,397.1506655655616,398.1643682462335,396.54969331498125,397.0687577768983,397.51117931750196,96.0,397.2899685472001,1.0821974648608637,1,1.5383767444688012,0.2002697075531463
239.75,0.0,397.28713970437894,1.0823894218155998,96.0,391.78501607571803,400.0000000000007,520539.5654116204,260.43458837966375,1.521553377562123,-9.344126112864615e-06,2.8673281966081444e-08,1.4173059888831766e-15,4.163336342344337e-17,1.6534941990135092,0.020674402340749083,-44.40047791098563,0.0,0.0,397.1753977285444,396.50422545718476,397.147945127398,398.16195657910254,396.5471920924823,397.0660098947945,397.50826951396334,96.0,397.28713970437894,1.0823894218155998,1,1.5383767444688012,0.2003094971148026
240.0,0.0,397.28431086155774,1.0825807929412687,96.0,391.7804706900957,400.0000000000007,520539.2938427096,260.70615729049507,1.521521481668747,-9.35082363184847e-06,2.8693833898704966e-08,1.3322676295501878e-15,4.163336342344337e-17,1.6534830986400681,0.02067408795241938,-44.40047791098563,0.0,0.0,397.1727770894833,396.50111827151187,397.14522541483007,398.1595407966885,396.5446936030728,397.06326168193345,397.5053600411821,96.0,397.28431086155774,1.0825807929412687,1,1.5383767444688012,0.20034927700088176
240.25,0.0,397.2814820187366,1.082771582627272,96.0,391.77594653997755,400.0000000000007,520539.0222737987,260.9777262013241,1.5214896193501186,-9.35763625875552e-06,2.8714739050227547e-08,9.992007221626409e-16,3.122502256758253e-17,1.6534720263423694,0.020673773874700648,-44.40047791098563,0.0,0.0,397.170154678655,396.49800848950093,397.1425065791602,398.157121004351,396.54219770962175,397.0605131376355,397.5024508998378,96.0,397.2814820187366,1.082771582627272,1,1.5383767444688012,0.20038904714776615
240.5,0.0,397.2786531759155,1.0829620070657264,96.0,391.77144380869345,400.00000000000074,520538.7507048879,261.2492951121468,1.5214577905768187,-9.364330821881595e-06,2.87352819125386e-08,1.4173059888831793e-15,4.163336342344337e-17,1.6534609820476143,0.020673460107369864,-44.40047791098563,0.0,0.0,397.1675302121734,396.4948961657638,397.1397887567396,398.15469730804256,396.53970428531403,397.05776426164357,397.4995420901875,96.0,397.2786531759155,1.0829620070657264,1,1.5383767444688012,0.2004288075020166
240.75,0.0,397.2758243330946,1.0831537802961353,96.0,391.7669626691728,400.00000000000074,520538.4791359771,261.520864022962,1.5214259953220333,-9.371026976623398e-06,2.8755829658864057e-08,1.4173059888831793e-15,4.163336342344337e-17,1.6534499656935275,0.020673146650209164,-44.40047791098563,0.0,0.0,397.16490343205066,396.49178138012155,397.1370720664261,398.15232406627274,396.5372132136439,397.0550150541123,397.49663361207695,96.0,397.2758243330946,1.0831537802961353,1,1.5383767444688012,0.20046855799295285
241.0,0.0,397.2729954902737,1.0833450539367266,96.0,391.76250328445155,400.00000000000074,520538.2075670663,261.79243293376874,1.521394233556148,-9.377722562931012e-06,2.8776375660898658e-08,1.4173059888831793e-15,4.163336342344337e-17,1.6534389772066997,0.02067283350302052,-44.40047791098563,0.0,0.0,397.16227411806744,396.48866423917724,397.13435660928087,398.14994865681854,396.5347243882347,397.0522655155789,397.4937254649685,96.0,397.2729954902737,1.0833450539367266,1,1.5383767444688012,0.2005082985476135
241.25,0.0,397.27016664745287,1.0835356875868878,96.0,391.75806580682104,400.0000000000006,520537.9359981555,262.06400184456476,1.5213625052498292,-9.384420309288544e-06,2.879692829123852e-08,1.3322676295501878e-15,4.163336342344337e-17,1.6534280165149922,0.02067252066558736,-44.40047791098563,0.0,0.0,397.15964209820027,396.4855448739379,397.1316424704576,398.1475681959798,396.53223771250316,397.049515646923,397.4908176479828,96.0,397.27016664745287,1.0835356875868878,1,1.5383767444688012,0.20054802909122668
241.5,0.0,397.26733780463223,1.083725676814525,96.0,391.75365037905533,400.0000000000006,520537.6644292447,262.33557075534674,1.5213308103740102,-9.391117146151373e-06,2.8817478130713012e-08,1.417305988883182e-15,4.163336342344337e-17,1.6534170835474686,0.02067220813769402,-44.40047791098563,0.0,0.0,397.1570072573909,396.4824234431534,397.12892971827813,398.1451829775225,396.529753099184,397.0467654493189,397.48791015994556,96.0,397.26733780463223,1.083725676814525,1,1.5383767444688012,0.20058774954762004
241.75,0.0,397.2645089618117,1.083915026822853,96.0,391.7492571346542,400.0000000000007,520537.3928603339,262.60713966611604,1.5212991488998733,-9.39781261877215e-06,2.8838023783889438e-08,1.4173059888831793e-15,4.163336342344337e-17,1.6534061782343783,0.02067189591912621,-44.40047791098563,0.0,0.0,397.15436954450894,396.479300132071,397.12621840439846,398.1427930672253,396.5272704697333,397.04401492418316,397.48500299944016,96.0,397.2645089618117,1.083915026822853,1,1.5383767444688012,0.20062745983957805
242.0,0.0,397.26168011899136,1.0841037086349818,96.0,391.7448861981121,400.0000000000007,520537.12129142316,262.87870857687085,1.521267520798852,-9.404449940575432e-06,2.8858390996110936e-08,1.4173059888831793e-15,4.163336342344337e-17,1.6533953005071667,0.02067158400967146,-44.40047791098563,0.0,0.0,397.1517289774079,396.4761751517853,397.123508564296,398.14040009983245,396.52478975363033,397.0412640731165,397.4820961648663,96.0,397.26168011899136,1.0841037086349818,1,1.5383767444688012,0.20066715988915299
242.25,0.0,397.25885127617113,1.0842917072992144,96.0,391.7405376852495,400.0000000000006,520536.8497225124,263.150277487611,1.5212359260424575,-9.411087432908971e-06,2.8878758731619688e-08,1.4173059888831793e-15,4.163336342344337e-17,1.653384450297936,0.020671272409119496,-44.40047791098563,0.0,0.0,397.14908564598034,396.4730487387062,397.1208002179992,398.13800496498754,396.5223108875971,397.0385128978601,397.47918965448224,96.0,397.25885127617113,1.0842917072992144,1,1.5383767444688012,0.20070684961777
242.5,0.0,397.2560224333511,1.0844788814930835,96.0,391.7362117033861,400.0000000000007,520536.57815360173,263.42184639833357,1.5212043646019,-9.417665125965868e-06,2.8898942967730018e-08,1.4173059888831766e-15,4.163336342344337e-17,1.6533736275386022,0.020670961117261615,-44.40047791098563,0.0,0.0,397.1464397084832,396.469921154104,397.11809337098657,398.1355943303362,396.51983381472695,397.0357614002481,397.47628346645416,96.0,397.2560224333511,1.0844788814930835,1,1.5383767444688012,0.20074652880235255
242.75,0.0,397.25319359053134,1.084665356255327,96.0,391.7319069828024,400.0000000000007,520536.30658469105,263.6934153090349,1.521172836450767,-9.424243046396441e-06,2.891912790155669e-08,1.1102230246251565e-15,2.7755575615628914e-17,1.6533628321700444,0.020670650133889572,-44.40047791098563,0.0,0.0,397.1437913985734,396.46679268153275,397.11538801535994,398.13317863314387,396.51735848368,397.03300958210457,397.47337759895817,96.0,397.25319359053134,1.084665356255327,1,1.5383767444688012,0.2007861973662702
243.0,0.0,397.2503647477118,1.0848511638075637,96.0,391.7276233871782,400.0000000000007,520536.03501578036,263.9649842197172,1.5211413415480382,-9.430822103695391e-06,2.8939316323965082e-08,1.4173059888831793e-15,4.163336342344337e-17,1.653352064050292,0.020670339458812154,-44.40047791098563,0.0,0.0,397.141141020045,396.4636636218701,397.1126841311219,398.13076124034166,396.5148848477316,397.0302574451928,397.47047205023074,96.0,397.2503647477118,1.0848511638075637,1,1.5383767444688012,0.2008258552375851
243.25,0.0,397.2475359048924,1.0850363085430004,96.0,391.7233611294354,400.0000000000007,520535.7634468697,264.2365531303799,1.521109879854918,-9.437403264200839e-06,2.8959511200249655e-08,1.417305988883182e-15,4.163336342344337e-17,1.653341323084147,0.020670029091712904,-44.40047791098563,0.0,0.0,397.13848894208354,396.4605342941977,397.1099816875738,398.12834214948094,396.5124128638704,397.0275049911598,397.4675668186249,96.0,397.2475359048924,1.0850363085430004,1,1.5383767444688012,0.20086550234506792
243.5,0.0,397.24470706207325,1.0852207951596797,96.0,391.7191204231289,400.0000000000007,520535.49187795905,264.50812204101874,1.5210784513478264,-9.443926046515116e-06,2.897952693786295e-08,1.3322676295501884e-15,4.163336342344337e-17,1.6533306092278166,0.020669719032289778,-44.40047791098563,0.0,0.0,397.1358355931998,396.4574050346183,397.1072806447992,398.1259213263586,396.5099424919069,397.02475222148723,397.4646619026592,96.0,397.24470706207325,1.0852207951596797,1,1.5383767444688012,0.20090513864756335
243.75,0.0,397.24187821925426,1.085404627222041,96.0,391.714901473445,400.0000000000007,520535.2203090484,264.77969095163957,1.5210470560030098,-9.450447805647855e-06,2.89995395357527e-08,1.4173059888831793e-15,4.163336342344337e-17,1.6533199224350767,0.020669409280357452,-44.40047791098563,0.0,0.0,397.13318145377946,396.45427619386965,397.1045809552046,398.1234987148444,396.5074736936191,397.02199913744744,397.46175730106114,96.0,397.24187821925426,1.085404627222041,1,1.5383767444688012,0.20094476410362114
244.0,0.0,397.23904937643556,1.085587807677749,96.0,391.71070447691267,400.0000000000007,520534.94874013786,265.0512598622384,1.5210156937965633,-9.456910106564465e-06,2.9019369680818542e-08,1.4173059888831793e-15,4.163336342344337e-17,1.653309262658328,0.02066909983574044,-44.40047791098563,0.0,0.0,397.13052704750146,396.4511481346473,397.10188256508536,398.12107425125765,396.5050064319547,397.0192457400658,397.4588530128053,96.0,397.23904937643556,1.085587807677749,1,1.5383767444688012,0.2009843786432092
244.25,0.0,397.2362205336171,1.0857703392794897,96.0,391.70652962131334,400.0000000000007,520534.67717122723,265.32282877281557,1.5209843646540786,-9.463431297263014e-06,2.9039380534417434e-08,1.417305988883182e-15,4.163336342344337e-17,1.6532986296563665,0.020668790698269313,-44.40047791098563,0.0,0.0,397.1278729317708,396.4480212287708,397.09918541618447,398.1186478758658,396.5025406702924,397.01649203009373,397.45594903714044,96.0,397.2362205336171,1.0857703392794897,1,1.5383767444688012,0.2010239821968234
244.5,0.0,397.2333916907987,1.0859522245979292,96.0,391.70237708558324,400.0000000000007,520534.4056023167,265.594397683372,1.5209530685399766,-9.469838005315978e-06,2.905904008783721e-08,1.1102230246251565e-15,3.122502256758253e-17,1.6532880233360878,0.020668481867368235,-44.40047791098563,0.0,0.0,397.1252196874505,396.44489585423116,397.09648944721675,398.1162195331491,396.5000763717784,397.01373800799047,397.45304537360715,96.0,397.2333916907987,1.0859522245979292,1,1.5383767444688012,0.20106357469551953
244.75,0.0,397.23056284798076,1.0861334660179183,96.0,391.6982470397015,400.00000000000074,520534.13403340615,265.8659665939074,1.5209218054417264,-9.476301613631222e-06,2.907887424477203e-08,1.4173059888831766e-15,4.163336342344337e-17,1.6532774436921553,0.020668173342720097,-44.40047791098563,0.0,0.0,397.12256790813797,396.4417723921551,397.0937945953326,398.11378917170185,396.4976134987468,397.0109836739144,397.450142022047,96.0,397.23056284798076,1.0861334660179183,1,1.5383767444688012,0.20110315607094909
245.0,0.0,397.2277340051628,1.086314065606474,96.0,391.69413964457647,400.00000000000074,520533.86246449564,266.1375355044205,1.520890575345028,-9.482706559538201e-06,2.909852839089014e-08,1.4173059888831793e-15,4.163336342344337e-17,1.653266890713055,0.020667865124201677,-44.40047791098563,0.0,0.0,397.1199181892392,396.4386512237234,397.09110079750195,398.111356744102,396.49515201222977,397.0082290277248,397.447238982601,96.0,397.2277340051628,1.086314065606474,1,1.5383767444688012,0.20114272625539775
245.25,0.0,397.2249051623451,1.086494025175314,96.0,391.6900550460982,400.0000000000007,520533.59089558525,266.40910441491565,1.5208593782339384,-9.488994919593097e-06,2.9117824782952962e-08,1.4173059888831793e-15,4.163336342344337e-17,1.6532563643818758,0.020667557211706294,-44.40047791098563,0.0,0.0,397.1172711171603,396.43553272740877,397.0884079917985,398.1089222064454,396.49269187165504,397.00547406897846,397.4443362557119,96.0,397.2249051623451,1.086494025175314,1,1.5383767444688012,0.2011822851873537
245.5,0.0,397.2220763195278,1.0866733465509941,96.0,391.68599337684486,400.0000000000007,520533.3193266747,266.68067332539147,1.5208282140909157,-9.495457732100476e-06,2.9137656497880575e-08,1.4173059888831793e-15,4.163336342344337e-17,1.6532458646765795,0.020667249605133844,-44.40047791098563,0.0,0.0,397.1146272586296,396.43241727571376,397.08571611856235,398.10648551860385,396.4902330345107,397.00271879695924,397.4414338420963,96.0,397.2220763195278,1.0866733465509941,1,1.5383767444688012,0.20122183280066733
245.75,0.0,397.2192474767105,1.0868520314644867,96.0,391.6819547590654,400.0000000000007,520533.04775776423,266.9522422358484,1.5207970828970963,-9.50180356085184e-06,2.9157129237749296e-08,1.4173059888831793e-15,4.163336342344337e-17,1.6532353915710385,0.020666942304384425,-44.40047791098563,0.0,0.0,397.1119871505667,396.4293052320555,397.08302512143666,398.10404664416717,396.4877754561025,396.99996321071063,397.43853174271027,96.0,397.2192474767105,1.0868520314644867,1,1.5383767444688012,0.20126136902733016
246.0,0.0,397.21641863389345,1.0870300813370453,96.0,391.67793930516007,400.0000000000007,520532.7761888538,267.22381114628865,1.5207659846361543,-9.508152288617566e-06,2.91766108735014e-08,1.4173059888831793e-15,4.163336342344337e-17,1.6532249450528866,0.020666635309356304,-44.40047791098563,0.0,0.0,397.1093512906838,396.4261969478616,397.0803349482679,398.1016055502497,396.48531908944415,396.99720730907507,397.4356299587118,96.0,397.21641863389345,1.0870300813370453,1,1.5383767444688012,0.2013008938001286
246.25,0.0,397.21358979107646,1.087207498364918,96.0,391.6739471175273,400.0000000000007,520532.5046199433,267.4953800567114,1.520734919299565,-9.514500732166198e-06,2.9196091637108075e-08,1.417305988883182e-15,4.163336342344337e-17,1.6532145251118384,0.020666328619966142,-44.40047791098563,0.0,0.0,397.10672013752867,396.42309275979596,397.0776455518666,398.0991622073964,396.48286388524457,396.9944510906539,397.43272849149906,96.0,397.21358979107646,1.087207498364918,1,1.5383767444688012,0.2013404070526822
246.5,0.0,397.21076094825975,1.0873842854099467,96.0,391.66997828825913,400.0000000000007,520532.23305103293,267.76694896711933,1.5207038868777105,-9.520788637473743e-06,2.9215386633738207e-08,1.417305988883182e-15,4.163336342344337e-17,1.6532041317444368,0.02066602223609222,-44.40047791098563,0.0,0.0,397.1040940887679,396.41999298701865,397.0749569041321,398.0967165907916,396.48040979208065,396.9916945542798,397.4298273422398,96.0,397.21076094825975,1.0873842854099467,1,1.5383767444688012,0.20137990810885023
246.75,0.0,397.2079321054432,1.0875604415153735,96.0,391.6660329008363,400.0000000000007,520531.96148212254,268.03851787751375,1.520672887358216,-9.52707893020488e-06,2.923468895638995e-08,1.417305988883182e-15,4.163336342344337e-17,1.6531937649559174,0.020665716157659112,-44.40047791098563,0.0,0.0,397.1014734771531,396.4168979289451,397.07226898155955,398.0942686749987,396.4779567555064,396.988937698638,397.42692651224843,96.0,397.2079321054432,1.0875604415153735,1,1.5383767444688012,0.20141939655323907
247.0,0.0,397.2051032626268,1.0877359554104518,96.0,391.66211102908846,400.00000000000074,520531.6899132122,268.3100867878916,1.5206419207238004,-9.533311128961941e-06,2.9253813012515847e-08,1.4173059888831766e-15,4.163336342344337e-17,1.6531834247340746,0.020665410384653596,-44.40047791098563,0.0,0.0,397.09885856752356,396.4138078630842,397.06958174992906,398.0918184410183,396.47550471843545,396.98618052202124,397.4240260032322,96.0,397.2051032626268,1.0877359554104518,1,1.5383767444688012,0.20145887232108128
247.25,0.0,397.2022744198104,1.0879062719287997,96.0,391.65821273459363,400.0000000000007,520531.4183443018,268.581655698256,1.520610986952781,-9.539601535379916e-06,2.9273115684025758e-08,1.4173059888831793e-15,4.163336342344337e-17,1.6531731110504688,0.020665104917035652,-44.40047791098563,0.0,0.0,397.0962495539485,396.410723043087,397.0668951804579,398.08936587329833,396.4730536228111,396.9834230228368,397.42112581678407,96.0,397.2022744198104,1.0879062719287997,1,1.5383767444688012,0.20149833577028442
247.5,0.0,397.19944557699426,1.0880771698016545,96.0,391.65433806704783,400.0000000000007,520531.1467753914,268.8532246086088,1.5205800860199183,-9.54589097545977e-06,2.9292415390241213e-08,1.4173059888831793e-15,4.163336342344337e-17,1.653162823863074,0.02066479975473143,-44.40047791098563,0.0,0.0,397.0936464238136,396.4076436970421,397.0642092501637,398.0869109593123,396.470603409943,396.98066520027663,397.41822595371195,96.0,397.19944557699426,1.0880771698016545,1,1.5383767444688012,0.2015377872200327
247.75,0.0,397.1966167341782,1.088248850099854,96.0,391.65048706404286,400.0000000000007,520530.8752064811,269.12479351895024,1.5205492178982543,-9.552123913181276e-06,2.9311541713945225e-08,1.4173059888831766e-15,4.163336342344337e-17,1.6531525631227615,0.020664494897634424,-44.40047791098563,0.0,0.0,397.0910491768012,396.4045700260147,397.06152394164974,398.0844536892265,396.46815402081774,396.9779070534258,397.4153264149306,96.0,397.1966167341782,1.088248850099854,1,1.5383767444688012,0.20157722695321714
248.0,0.0,397.19378789136226,1.0884198310066298,96.0,391.64665975084364,400.0000000000007,520530.60363757075,269.39636242928157,1.5205183825594972,-9.558356794059364e-06,2.9330667863220153e-08,9.448706592554547e-16,2.7755575615628914e-17,1.6531423288000169,0.020664190345616982,-44.40047791098563,0.0,0.0,397.0884577620107,396.4015022028588,397.058839242947,398.0819940559386,396.4657053964207,396.97514858155085,397.4124272011736,96.0,397.19378789136226,1.0884198310066298,1,1.5383767444688012,0.20161665521879057
248.25,0.0,397.1909590485464,1.088590107905421,96.0,391.64285614016234,400.0000000000007,520530.3320686604,269.66793133960266,1.5204875799749813,-9.564589333876938e-06,2.9349792965920567e-08,1.4173059888831793e-15,4.163336342344337e-17,1.6531321209791114,0.020663886098555545,-44.40047791098563,0.0,0.0,397.08587203688757,396.39844037131496,397.05615514736274,398.0795320547428,396.4632574780758,396.97238978437343,397.40952831271926,96.0,397.1909590485464,1.088590107905421,1,1.5383767444688012,0.201656072234071
248.5,0.0,397.1881302057306,1.0887596830278836,96.0,391.63907623190426,400.0000000000007,520530.0604997501,269.93950024991517,1.520456810123322,-9.570821077886649e-06,2.9368915626613775e-08,1.4173059888831793e-15,4.163336342344337e-17,1.6531219396937789,0.020663582156653672,-44.40047791098563,0.0,0.0,397.0832917889603,396.39538464536867,397.05347165328817,398.07706768320094,396.4608102078581,396.96963066203335,397.4066297494278,96.0,397.1881302057306,1.0887596830278836,1,1.5383767444688012,0.2016954782004908
248.75,0.0,397.18530136291497,1.0889285587873503,96.0,391.63532001272984,400.0000000000007,520529.78893083986,270.2110691602177,1.5204260729945147,-9.57693697500872e-06,2.938768280082981e-08,1.4173059888831793e-15,4.163336342344337e-17,1.6531117849676813,0.020663278519840077,-44.40047791098563,0.0,0.0,397.0807167394005,396.3923351087399,397.05078876397886,398.0746009410494,396.4583635293883,396.9668712150879,397.40373151074203,96.0,397.18530136291497,1.0889285587873503,1,1.5383767444688012,0.20173487337948104
249.0,0.0,397.18247252009934,1.0890967377832816,96.0,391.6315874560802,400.0000000000007,520529.5173619295,270.48263807051137,1.5203953685792226,-9.583168321114499e-06,2.9406804240519416e-08,1.417305988883182e-15,4.163336342344337e-17,1.653101656803123,0.020662975188085523,-44.40047791098563,0.0,0.0,397.0781465496673,396.3892918151628,397.04810648728545,398.0721318300429,396.4559173881135,396.9641114446078,397.4008335955911,96.0,397.18247252009934,1.0890967377832816,1,1.5383767444688012,0.2017742579060089
249.25,0.0,397.1796436772839,1.089264222768699,96.0,391.62787852186295,400.0000000000007,520529.2457930192,270.7542069807978,1.5203646968657232,-9.589399951437372e-06,2.9425926552354454e-08,1.4173059888831793e-15,4.163336342344337e-17,1.6530915551836443,0.020662672161363867,-44.40047791098563,0.0,0.0,397.07558082766207,396.38625478862923,397.04542483530736,398.0696603537709,396.45347173091756,396.9613513522016,397.3979360023662,96.0,397.1796436772839,1.089264222768699,1,1.5383767444688012,0.20181363180008505
249.5,0.0,397.17681483446853,1.089431000742304,96.0,391.624193156342,400.0000000000007,520528.97422410897,271.025775891076,1.5203340578399889,-9.595515848559444e-06,2.9444693726570487e-08,1.4173059888831766e-15,4.163336342344337e-17,1.6530814800808862,0.020662369439637424,-44.40047791098563,0.0,0.0,397.0730191347088,396.3832240239142,397.04274382399,398.06718651753886,396.4510265067118,396.95859094004294,397.395038728894,96.0,397.17681483446853,1.089431000742304,1,1.5383767444688012,0.20185299508630247
249.75,0.0,397.1739859916532,1.089597074952843,96.0,391.62053129207874,400.0000000000007,520528.70265519875,271.2973448013483,1.5203034514858147,-9.60163106356049e-06,2.946345880763749e-08,1.4173059888831766e-15,4.163336342344337e-17,1.6530714314584658,0.02066206702285659,-44.40047791098563,0.0,0.0,397.07046099254893,396.38019948735456,397.040063472669,398.06471032824885,396.4485816667091,396.9558302108947,397.39214177241155,96.0,397.1739859916532,1.089597074952843,1,1.5383767444688012,0.2018923478341732
250.0,0.0,397.17115714883795,1.0897624385672389,96.0,391.6168928477685,400.0000000000007,520528.4310862884,271.56891371161277,1.5202728777842298,-9.607862693883362e-06,2.9482581119472527e-08,1.4173059888831766e-15,4.163336342344337e-17,1.6530614092732996,0.020661764910959394,-44.40047791098563,0.0,0.0,397.06790459612625,396.37718111789206,397.0373838035692,398.0622317942533,396.4461371646582,396.95306917430463,397.38924512337115,96.0,397.17115714883795,1.0897624385672389,1,1.5383767444688012,0.2019316900957128
250.25,0.0,397.1683283060227,1.089927044989512,96.0,391.6132777281142,400.0000000000006,520528.1595173782,271.84048262187093,1.520242336715183,-9.613976999389706e-06,2.9501343409674153e-08,1.4173059888831793e-15,4.163336342344337e-17,1.653051413478571,0.020661463103866587,-44.40047791098563,0.0,0.0,397.0653469427547,396.3741688283508,397.0347048412732,398.05975092523045,396.4436929569351,396.9503078465643,397.3863487654812,96.0,397.1683283060227,1.089927044989512,1,1.5383767444688012,0.20197102190710536
250.5,0.0,397.16549946320765,1.090090996152966,96.0,391.6096858237257,400.0000000000006,520527.8879484679,272.11205153212376,1.5202118282573176,-9.62014968308722e-06,2.9520284838547057e-08,1.4173059888831766e-15,4.163336342344337e-17,1.6530414440245704,0.02066116160148918,-44.40047791098563,0.0,0.0,397.062792182125,396.3711625069219,397.03202661217404,398.0572677320679,396.4412490024685,396.94754621140174,397.38345271501345,96.0,397.16549946320765,1.090090996152966,1,1.5383767444688012,0.20201034329026044
250.75,0.0,397.1626706203926,1.0902542969811877,96.0,391.60611701104466,400.0000000000006,520527.61637955764,272.38362044236686,1.5201813523878085,-9.626321400446614e-06,2.9539223302125498e-08,1.4173059888831766e-15,4.163336342344337e-17,1.6530315008583085,0.02066086040372745,-44.40047791098563,0.0,0.0,397.0602399584652,396.3681620188867,397.0293491439263,398.05478222675026,396.43880526315957,396.94478427225835,397.3805569685267,96.0,397.1626706203926,1.0902542969811877,1,1.5383767444688012,0.2020496542542608
251.0,0.0,397.1598417775776,1.0904216621994987,96.0,391.60257115229945,400.0000000000006,520527.3448106474,272.6551893526055,1.5201509090825178,-9.632436217543727e-06,2.9557987162188898e-08,1.4173059888831766e-15,4.163336342344337e-17,1.6530215839237836,0.020660559510469165,-44.40047791098563,0.0,0.0,397.057920447823,396.36516720847703,397.026672464909,398.05229442224885,396.436361703907,396.942020939418,397.3776626157371,96.0,397.1598417775776,1.0904216621994987,1,1.5383767444688012,0.2020889547967032
251.25,0.0,397.15701293476263,1.0905903575087048,96.0,391.59904809549096,400.0000000000007,520527.07324173726,272.9267582628416,1.5201204983163639,-9.638493338570697e-06,2.9576573976730053e-08,1.4173059888831793e-15,4.163336342344337e-17,1.6530116931624521,0.020660258921589687,-44.40047791098563,0.0,0.0,397.05570619195646,396.3621779022734,397.02399660371464,398.04980433241514,396.4339183128298,396.93925669858646,397.3747691709388,96.0,397.15701293476263,1.0905903575087048,1,1.5383767444688012,0.2021282449049342
251.5,0.0,397.1541840919478,1.0907582355563916,96.0,391.5955476744111,400.0000000000006,520526.801672827,273.19832717307384,1.5200901200633798,-9.644665965424792e-06,2.959551523117387e-08,1.4173059888831793e-15,4.163336342344337e-17,1.6530018285139911,0.020659958636952067,-44.40047791098563,0.0,0.0,397.05349031440437,396.35919391049225,397.02132158867335,398.04731197187675,396.4314750949268,396.93649199317133,397.3718761907241,96.0,397.1541840919478,1.0907582355563916,1,1.5383767444688012,0.2021675245571857
251.75,0.0,397.15135524913285,1.0909252270652436,96.0,391.59206970869576,400.0000000000006,520526.53010391677,273.4698960833026,1.5200597742967124,-9.650780725678487e-06,2.9614278916808185e-08,1.4173059888831793e-15,4.163336342344337e-17,1.652991989915903,0.02065965865641015,-44.40047791098563,0.0,0.0,397.0512633679729,396.3562150286448,397.01864744742136,398.0448173559332,396.429032069952,396.9337268592233,397.3689836390424,96.0,397.15135524913285,1.0909252270652436,1,1.5383767444688012,0.2022067937236137
252.0,0.0,397.14852640631807,1.0910913489070153,96.0,391.5886140039141,400.0000000000006,520526.25853500655,273.74146499352554,1.5200294609887135,-9.65689656595714e-06,2.963304591659513e-08,1.4173059888831793e-15,4.163336342344337e-17,1.6529821773034008,0.020659358979808192,-44.40047791098563,0.0,0.0,397.0490203918001,396.35324103975165,397.0159742065232,398.04232050046227,396.42658927326494,396.9309613196195,397.3660914930165,96.0,397.14852640631807,1.0910913489070153,1,1.5383767444688012,0.20224605236724588
252.25,0.0,397.14569756350323,1.0912566218718966,96.0,391.58518035169334,400.0000000000006,520525.9869660963,274.0130339037461,1.5199991801113861,-9.663070670740126e-06,2.9651991706195185e-08,1.4173059888831793e-15,4.163336342344337e-17,1.652972390610875,0.020659059606980643,-44.40047791098563,0.0,0.0,397.04675708327716,396.35027171654997,397.0133018911491,398.0398214218304,396.4241467544516,396.9281954000883,397.3631997269181,96.0,397.14569756350323,1.0912566218718966,1,1.5383767444688012,0.2022853004448438
252.5,0.0,397.1428687206885,1.0914210671063356,96.0,391.5817685298823,400.0000000000006,520525.7153971861,274.28460281396303,1.519968931641993,-9.669127166489488e-06,2.9670576602016394e-08,1.417305988883182e-15,4.163336342344337e-17,1.6529626297920585,0.02065876053775571,-44.40047791098563,0.0,0.0,397.0444696911336,396.34730682371696,397.01063052481436,398.0373201368055,396.4217045754984,396.9254291293616,397.3603083120153,96.0,397.1428687206885,1.0914210671063356,1,1.5383767444688012,0.20232453790768443
252.75,0.0,397.14003987787373,1.0915847058310475,96.0,391.5783783027536,400.0000000000006,520525.4438282759,274.55617172417567,1.519938715550455,-9.675241017248482e-06,2.9689337496785333e-08,1.4802973661668755e-15,3.729655473350135e-17,1.6529528947743746,0.020658461772003676,-44.40047791098563,0.0,0.0,397.04215505140314,396.3443461200899,397.0079601291758,398.0348166624724,396.4192628085027,396.9226625386339,397.3574172171136,96.0,397.14003987787373,1.0915847058310475,1,1.5383767444688012,0.20236376470226677
253.0,0.0,397.1372110350591,1.0917475591965897,96.0,391.5750094212433,400.0000000000006,520525.1722593657,274.8277406343817,1.5199085318062477,-9.68135509538115e-06,2.9708099089270614e-08,1.4173059888831793e-15,4.163336342344337e-17,1.6529431854839225,0.020658163309535602,-44.40047791098563,0.0,0.0,397.0398106166328,396.34138936085674,397.0052907238891,398.03231101615165,396.4168215330217,396.91989566097345,397.35452640914474,96.0,397.1372110350591,1.0917475591965897,1,1.5383767444688012,0.20240298077094987
253.25,0.0,397.13438219224446,1.091909648148265,96.0,391.5716616232304,400.0000000000006,520524.90069045546,275.09930954458457,1.5198783803785014,-9.687471219876898e-06,2.9726866961202992e-08,1.417305988883182e-15,4.163336342344337e-17,1.6529335018457214,0.02065786515015245,-44.40047791098563,0.0,0.0,397.03743447209354,396.33843629969874,397.00262232652057,398.0298032153222,396.41438083317126,396.91712853072295,397.351635853766,96.0,397.13438219224446,1.091909648148265,1,1.5383767444688012,0.20244218605252673
253.5,0.0,397.13155334943,1.0920709933518,96.0,391.5683346342496,400.0000000000006,520524.62912154524,275.3708784547803,1.5198482612442836,-9.693587287529226e-06,2.9745634658706285e-08,1.4173059888831766e-15,4.163336342344337e-17,1.6529238438287712,0.020657567293647025,-44.40047791098563,0.0,0.0,397.0350253390132,396.3354866908634,396.9999549525097,398.027293276851,396.4119407945792,396.9143611829051,397.34874551595476,96.0,397.13155334943,1.0920709933518,1,1.5383767444688012,0.20248138048273945
253.75,0.0,397.12872450661547,1.092231616340595,96.0,391.5650281769259,400.0000000000006,520524.35755263513,275.64244736496954,1.5198181743803494,-9.699587621980754e-06,2.9764047218590573e-08,1.4173059888831793e-15,4.163336342344337e-17,1.6529142114173587,0.020657269739870542,-44.40047791098563,0.0,0.0,397.0325825653539,396.3325402911454,396.9972886151645,398.0247811995449,396.40950150130055,396.91159365264207,397.3458553605889,96.0,397.12872450661547,1.092231616340595,1,1.5383767444688012,0.202520564001026
254.0,0.0,397.12589566380103,1.0923915366295962,96.0,391.5617419451895,400.0000000000006,520524.0859837249,275.91401627515444,1.5197881197362348,-9.705703234885732e-06,2.9782813520661176e-08,1.4173059888831793e-15,4.163336342344337e-17,1.6529046044745563,0.020656972488690813,-44.40047791098563,0.0,0.0,397.0301061048446,396.32959686146023,396.99462332555476,398.0222669768455,396.4070630328512,396.9088259746127,397.34296535298944,96.0,397.12589566380103,1.0923915366295962,1,1.5383767444688012,0.2025597366837484
254.25,0.0,397.12306682098665,1.09255077314066,96.0,391.55847562157317,400.0000000000006,520523.8144148147,276.1855851853312,1.519758097263976,-9.7118173130184e-06,2.9801575113146457e-08,1.3361061666034113e-15,4.163336342344337e-17,1.6528950228685033,0.020656675539784803,-44.40047791098563,0.0,0.0,397.02759648549676,396.32665616880365,396.9919590927317,398.0197506039185,396.40462546127753,396.90605818251925,397.3400754594542,96.0,397.12306682098665,1.09255077314066,1,1.5383767444688012,0.2025988984530369
254.5,0.0,397.1202379781724,1.092709344075959,96.0,391.55522887951355,400.0000000000006,520523.5428459046,276.4571540955031,1.5197281069172783,-9.717815657950268e-06,2.981998156801274e-08,1.4173059888831766e-15,4.163336342344337e-17,1.6528854664717478,0.02065637889281387,-44.40047791098563,0.0,0.0,397.0250547684526,396.32371798786374,396.98929592384223,398.0172320777651,396.4021888484426,396.90329030861045,397.33718564773426,96.0,397.1202379781724,1.092709344075959,1,1.5383767444688012,0.20263804923141993
254.75,0.0,397.1174091353582,1.0928672668746495,96.0,391.5520013837205,400.0000000000007,520523.2712769944,276.72872300567116,1.5196981486522352,-9.723930816107895e-06,2.9838746474650653e-08,1.3322676295501882e-15,4.163336342344337e-17,1.6528759351622395,0.02065608254742918,-44.40047791098563,0.0,0.0,397.02248249864255,396.3207821025151,396.9866338242849,398.01471139698856,396.3997532436397,396.90052238325615,397.3342958874602,96.0,397.1174091353582,1.0928672668746495,1,1.5383767444688012,0.20267718889839892
255.0,0.0,397.1145802925439,1.0930245581510811,96.0,391.54879279064335,400.0000000000007,520522.9997080842,277.0002919158321,1.5196682224269626,-9.729987368700677e-06,2.985733154490095e-08,1.3322676295501882e-15,4.163336342344337e-17,1.652866428822976,0.0206557865032821,-44.40047791098563,0.0,0.0,397.01988164864645,396.3178483071665,396.98397279779925,398.0121885616414,396.3973186815721,396.897754434576,397.331406150512,96.0,397.1145802925439,1.0930245581510811,1,1.5383767444688012,0.2027163173773201
255.25,0.0,397.11175144972987,1.093181233663503,96.0,391.54560274894254,400.0000000000007,520522.72813917405,277.2718608259838,1.519638328201089,-9.73604528553551e-06,2.987592080144931e-08,1.4173059888831793e-15,4.163336342344337e-17,1.6528569473413544,0.020655490760027123,-44.40047791098563,0.0,0.0,397.01725455723624,396.31491640796037,396.9813128465987,398.00966357304225,396.39488518071147,396.89498648812923,397.32851641133044,96.0,397.11175144972987,1.093181233663503,1,1.5383767444688012,0.20275543459083414
255.5,0.0,397.10892260691577,1.0933373082998183,96.0,391.5424308999779,400.0000000000007,520522.45657026395,277.54342973613257,1.519608465935453,-9.742044426275243e-06,2.989432969832279e-08,1.4173059888831793e-15,4.163336342344337e-17,1.6528474906087802,0.020655195317322544,-44.40047791098563,0.0,0.0,397.01460386413316,396.3119862238154,396.97865397150144,398.007136433609,396.3924527420754,396.89221856666813,397.32562664716346,96.0,397.10892260691577,1.0933373082998183,1,1.5383767444688012,0.20279454046111267
255.75,0.0,397.10609376410184,1.093492796076795,96.0,391.5392768783233,400.00000000000074,520522.1850013538,277.8149986462755,1.5195786355919803,-9.748101433615375e-06,2.991291616400578e-08,1.4173059888831793e-15,4.163336342344337e-17,1.652838058520408,0.020654900174830883,-44.40047791098563,0.0,0.0,397.011932442507,396.3090575873098,396.97599617205475,398.0046071467036,396.390021348444,396.8894506899558,397.32273683824786,96.0,397.10609376410184,1.093492796076795,1,1.5383767444688012,0.20283363491003759
256.0,0.0,397.1032649212879,1.093647564580675,96.0,391.5361403123067,400.00000000000074,520521.91343244363,278.08656755641096,1.519548837121785,-9.754158554642345e-06,2.9931502978546935e-08,1.417305988883182e-15,4.163336342344337e-17,1.6528286509478631,0.020654605332219734,-44.40047791098563,0.0,0.0,397.0092433307189,396.30613034540494,396.97333944664734,398.00207235272416,396.38759096402066,396.886682874649,397.3198469679269,96.0,397.1032649212879,1.093647564580675,1,1.5383767444688012,0.2028727178593678
256.25,0.0,397.1004360784741,1.0938012314183243,96.0,391.5330208245097,400.00000000000074,520521.6418635335,278.35813646653935,1.5195190704888446,-9.760156444826862e-06,2.9949908037980525e-08,9.743978673571838e-16,2.862293735361732e-17,1.6528192677893097,0.020654310789134708,-44.40047791098563,0.0,0.0,397.0065396651416,396.30320437288924,396.9706837926102,397.99952299318954,396.38516153453526,396.88391513424784,397.31695702270025,96.0,397.1004360784741,1.0938012314183243,1,1.5383767444688012,0.20291178923088382
256.5,0.0,397.0976072356603,1.093953764618944,96.0,391.5299180322318,400.00000000000074,520521.3702946234,278.62970537666433,1.5194893356594852,-9.766154107637703e-06,2.9968312399697776e-08,1.3322676295501878e-15,4.163336342344337e-17,1.6528099089523827,0.020654016545248115,-44.40047791098563,0.0,0.0,397.0038246155276,396.30027959318477,396.96802920630404,397.99695928071986,396.3827329877727,396.88114747911277,397.31406699220787,96.0,397.0976072356603,1.093953764618944,1,1.5383767444688012,0.20295084894651363
256.75,0.0,397.0947783928466,1.0941051636590668,96.0,391.52683154823626,400.00000000000074,520521.0987257133,278.90127428678176,1.519459632600311,-9.772152679943247e-06,2.99867195522804e-08,1.3322676295501884e-15,4.163336342344337e-17,1.652800574348842,0.02065372260024225,-44.40047791098563,0.0,0.0,397.0011013222938,396.29735593947316,396.965375683189,397.994381436546,396.3803052345047,396.8783799165229,397.3111768691703,96.0,397.0947783928466,1.0941051636590668,1,1.5383767444688012,0.20298989692844152
257.0,0.0,397.09194955003295,1.0942554794871964,96.0,391.5237609813652,400.0000000000007,520520.8271568032,279.17284319689077,1.5194299612783655,-9.778150058536994e-06,3.0005123041852215e-08,1.4173059888831793e-15,4.163336342344337e-17,1.6527912638936515,0.020653428953804173,-44.40047791098563,0.0,0.0,396.99837283862155,396.29443335491226,396.96272321787575,397.99178968788635,396.3778781697894,396.875612450792,397.3082866492739,96.0,397.09194955003295,1.0942554794871964,1,1.5383767444688012,0.2030289330992022
257.25,0.0,397.08912070721937,1.094404741577313,96.0,391.5207059371631,400.0000000000007,520520.55558789306,279.44441210699546,1.5194003216610117,-9.784205644791655e-06,3.002370514680805e-08,1.4173059888831793e-15,4.163336342344337e-17,1.6527819775043018,0.020653135605631045,-44.40047791098563,0.0,0.0,396.995642077863,396.2915117927665,396.96007180415893,397.98918426744035,396.37545167459535,396.8728450834316,397.3053963310071,96.0,397.08912070721937,1.094404741577313,1,1.5383767444688012,0.20306795738176067
257.5,0.0,397.0862918644059,1.0945529621515797,96.0,391.51766601850454,400.0000000000006,520520.284018983,279.7159810170916,1.5193707137178274,-9.790145668375771e-06,3.004193263743214e-08,1.4173059888831766e-15,4.163336342344337e-17,1.652772715108215,0.020652842555426293,-44.40047791098563,0.0,0.0,396.9929117670611,396.2885912164453,396.95742143503537,397.98656541307196,396.37302561770366,396.8700778133541,397.30250591545763,96.0,397.0862918644059,1.0945529621515797,1,1.5383767444688012,0.2031069696995819
257.75,0.0,397.0834630215924,1.0947001492634336,96.0,391.5146408262334,400.0000000000006,520520.0124500729,279.9875499271815,1.5193411374197503,-9.796143558560289e-06,3.006033769686573e-08,1.4173059888831793e-15,4.163336342344337e-17,1.6527634766391797,0.020652549802913475,-44.40047791098563,0.0,0.0,396.99018440717833,396.2856715994523,396.9547721027108,397.9839333674195,396.3705998578371,396.8673106371123,397.2996154060725,96.0,397.0834630215924,1.0947001492634336,1,1.5383767444688012,0.20314596997668857
258.0,0.0,397.080634178779,1.0948463047147927,96.0,391.5116299598024,400.0000000000006,520519.74088116275,280.259118837266,1.5193115927350143,-9.802199315345206e-06,3.007892032510882e-08,1.4173059888831766e-15,4.163336342344337e-17,1.6527542620174067,0.02065225734783192,-44.40047791098563,0.0,0.0,396.9874622404745,396.28275292524836,396.9521237985948,397.98128837743457,396.3681742459645,396.8645435491667,397.29672480839145,96.0,397.080634178779,1.0948463047147927,1,1.5383767444688012,0.203184958137711
258.25,0.0,397.0778053359657,1.094991451404443,96.0,391.5086330179102,400.0000000000006,520519.4693122527,280.5306877473427,1.519282079632217,-9.808140021050349e-06,3.009714990888195e-08,1.4173059888831766e-15,4.163336342344337e-17,1.6527450711683547,0.020651965189897283,-44.40047791098563,0.0,0.0,396.98474722530096,396.27983518703246,396.9494765132872,397.9786306940018,396.36574862772164,396.8617765421734,397.2938341297581,96.0,397.0778053359657,1.094991451404443,1,1.5383767444688012,0.20322393410792858
258.5,0.0,397.0749764931525,1.0951355750911196,96.0,391.5056495991362,400.0000000000006,520519.1977433426,280.8022566574127,1.519252598080407,-9.814140526032133e-06,3.0115562992053494e-08,1.4173059888831793e-15,4.163336342344337e-17,1.6527359040203946,0.020651673328836655,-44.40047791098563,0.0,0.0,396.98204101839855,396.2769183874476,396.94683988111115,397.9759605715732,396.36332284589645,396.85900958664416,397.2909433996609,96.0,397.0749764931525,1.0951355750911196,1,1.5383767444688012,0.20326289781330453
258.75,0.0,397.07214765033933,1.0952784765603205,96.0,391.50267930255455,400.0000000000006,520518.9261744326,281.0738255674754,1.5192231480490976,-9.820021944051405e-06,3.013361064628996e-08,1.417305988883182e-15,4.163336342344337e-17,1.6527267605042884,0.02065138176438389,-44.40047791098563,0.0,0.0,396.97934496467747,396.27400253837243,396.94429317114304,397.9732782677732,396.360896742887,396.85624250458585,397.2880527960928,96.0,397.07214765033933,1.0952784765603205,1,1.5383767444688012,0.20330184902180948
259.0,0.0,397.06931880752626,1.0954203823133386,96.0,391.49972172835476,400.0000000000006,520518.6546055225,281.34539447753536,1.5191937295088975,-9.826021539538488e-06,3.0152020938596134e-08,1.417305988883182e-15,4.163336342344337e-17,1.6527176405559394,0.0206510904962787,-44.40047791098563,0.0,0.0,396.9766600940955,396.27108766320936,396.94174936714074,397.9705840430825,396.3584701626131,396.85347548994633,397.2851621251061,96.0,397.06931880752626,1.0954203823133386,1,1.5383767444688012,0.20334078762436716
259.25,0.0,397.0664899647131,1.0955613328275082,96.0,391.49677647847085,400.0000000000006,520518.38303661253,281.61696338759043,1.5191643424304104,-9.831904037582717e-06,3.0170071906985235e-08,1.4173059888831793e-15,4.163336342344337e-17,1.6527085441116183,0.020650799524272376,-44.40047791098563,0.0,0.0,396.973987125384,396.26817380172594,396.9391936937937,397.9678781604981,396.3560429532677,396.85070856076754,397.2822713686589,96.0,397.0664899647131,1.0955613328275082,1,1.5383767444688012,0.20337971355465403
259.5,0.0,397.06366112190017,1.0956998497326023,96.0,391.4938431571939,400.0000000000006,520518.11146770243,281.88853229763953,1.5191349867843809,-9.837902723575098e-06,3.018847940842603e-08,1.4802973661668755e-15,4.163336342344337e-17,1.6526994711085916,0.020650508848119045,-44.40047791098563,0.0,0.0,396.9713264761204,396.26526100285133,396.93662477158057,397.9651608852049,396.3536149696308,396.8479417030903,397.27938054071,96.0,397.06366112190017,1.0956998497326023,1,1.5383767444688012,0.20341862674667577
259.75,0.0,397.0608322790872,1.0958373479059653,96.0,391.49092137177263,400.0000000000006,520517.8398987924,282.1601012076803,1.519105662541973,-9.843842917689472e-06,3.020670742233738e-08,1.5728159515523052e-15,4.163336342344337e-17,1.6526904214862923,0.02065021846757625,-44.40047791098563,0.0,0.0,396.9686782785325,396.26234932225134,396.9340436357011,397.9624324842692,396.3511860752003,396.84517494267,397.2764896155045,96.0,397.0608322790872,1.0958373479059653,1,1.5383767444688012,0.20345752713484289
260.0,0.0,397.0580034362744,1.0959739389578378,96.0,391.48801073300285,400.0000000000006,520517.56832988234,282.43167011771106,1.519076369674753,-9.849784703419573e-06,3.022494032026313e-08,1.417305988883182e-15,4.163336342344337e-17,1.65268139518621,0.02064992838240718,-44.40047791098563,0.0,0.0,396.9660424003214,396.2594388209923,396.93145169629594,397.95969322633374,396.34875614407053,396.8424082646011,397.2735986079477,96.0,397.0580034362744,1.0959739389578378,1,1.5383767444688012,0.2034964146540348
260.25,0.0,397.05517459346174,1.0961096264942802,96.0,391.4851108557357,400.0000000000006,520517.29676097236,282.7032390277333,1.519047108154664,-9.85566833833218e-06,3.024299477723396e-08,1.4173059888831766e-15,4.163336342344337e-17,1.652672392151775,0.02064963859238064,-44.40047791098563,0.0,0.0,396.9634184697512,396.2565295644475,396.92885037362765,397.9569433813059,396.34632506254616,396.8396416521609,397.2707075347625,96.0,397.05517459346174,1.0961096264942802,1,1.5383767444688012,0.20353528916408084
260.5,0.0,397.05234575064907,1.0962444012787,96.0,391.4822213594822,400.0000000000006,520517.0251920623,282.9748079377446,1.519017877954002,-9.861610919870145e-06,3.0261230117166914e-08,1.417305988883182e-15,4.163336342344337e-17,1.6526634123282238,0.020649349097270973,-44.40047791098563,0.0,0.0,396.96080590415147,396.2536216213086,396.9262410359799,397.9541832200724,396.3438927304751,396.83687508973617,397.2678164115619,96.0,397.05234575064907,1.0962444012787,1,1.5383767444688012,0.20357415056997538
260.75,0.0,397.0495169078365,1.0963782559161903,96.0,391.47934186931985,400.0000000000007,520516.75362315227,283.24637684774706,1.518988679045382,-9.8675510571411e-06,3.0279457956649174e-08,1.4173059888831766e-15,4.163336342344337e-17,1.6526544556624538,0.020649059896857877,-44.40047791098563,0.0,0.0,396.9582039410115,396.2507150631138,396.92362498620986,397.9514129629342,396.3414590622755,396.83410856328237,397.26492525239064,96.0,397.0495169078365,1.0963782559161903,1,1.5383767444688012,0.20361299880765052
261.0,0.0,397.04668806502406,1.0965111869779844,96.0,391.4764720256226,400.0000000000006,520516.48205424234,283.5179457577407,1.5189595114017058,-9.873373699065269e-06,3.0297325251210766e-08,1.4173059888831793e-15,4.163336342344337e-17,1.6526455221028793,0.020648770990926147,-44.40047791098563,0.0,0.0,396.9556116701368,396.24780997281556,396.9210034634174,397.9486328298962,396.33902398717066,396.8313420604697,397.2620340695785,96.0,397.04668806502406,1.0965111869779844,1,1.5383767444688012,0.20365183277136936
261.25,0.0,397.0438592222119,1.0966431947714081,96.0,391.4736114808912,400.0000000000006,520516.21048533235,283.7895146677216,1.518930374996138,-9.879257447664713e-06,3.031538005703977e-08,1.3322676295501884e-15,4.163336342344337e-17,1.6526366115992575,0.02064848237926538,-44.40047791098563,0.0,0.0,396.9530280677365,396.2449064366861,396.9183776445098,397.945843077072,396.336587449678,396.8285755706473,397.2591428737763,96.0,397.0438592222119,1.0966431947714081,1,1.5383767444688012,0.2036906515933111
261.5,0.0,397.0410303793996,1.096774373686716,96.0,391.4707598921749,400.0000000000007,520515.93891642237,284.0610835776928,1.5189012698020585,-9.885139718335267e-06,3.0333430327712523e-08,1.417305988883182e-15,4.163336342344337e-17,1.6526277241025633,0.020648194061669626,-44.40047791098563,0.0,0.0,396.95045197744395,396.2420045362421,396.9157486397887,397.943043965772,396.3341494102073,396.8258090300653,397.25625172873396,96.0,397.0410303793996,1.096774373686716,1,1.5383767444688012,0.2037294554160712
261.75,0.0,397.03820153658756,1.0969048486836184,96.0,391.4679169228225,400.0000000000007,520515.6673475124,284.3326524876509,1.5188721957930318,-9.89102210269266e-06,3.0351480947243456e-08,1.4173059888831766e-15,4.163336342344337e-17,1.6526188595648286,0.020647906037937064,-44.40047791098563,0.0,0.0,396.9478823019186,396.2391043518883,396.9131174950754,397.9402357601339,396.33170984497383,396.8230423523701,397.2533607208049,96.0,397.03820153658756,1.0969048486836184,1,1.5383767444688012,0.20376824437454508
262.0,0.0,397.03537269377557,1.0970347019580162,96.0,391.4650822434294,400.0000000000007,520515.39577860245,284.6042213975968,1.5188431529427713,-9.896847245727258e-06,3.036935591668483e-08,1.295260195396016e-15,2.7755575615628914e-17,1.6526100179389784,0.020647618307869556,-44.40047791098563,0.0,0.0,396.94531789584914,396.23620596216597,396.91048481505766,397.9374187230441,396.329268745497,396.820275552132,397.2504698354192,96.0,397.03537269377557,1.0970347019580162,1,1.5383767444688012,0.20380701859465725
262.25,0.0,397.0325438509638,1.0971643860135072,96.0,391.46225553258984,400.0000000000007,520515.12420969247,284.8757903075299,1.5188141412251048,-9.902728379529435e-06,3.038740269877587e-08,1.4173059888831766e-15,4.163336342344337e-17,1.6526011991786849,0.020647330871272265,-44.40047791098563,0.0,0.0,396.94275761327805,396.2333094429723,396.9078508486631,397.93459311763127,396.3268261178607,396.81750868906664,397.24757901286085,96.0,397.0325438509638,1.0971643860135072,1,1.5383767444688012,0.20384577819989794
262.5,0.0,397.029715008152,1.0972939447521743,96.0,391.4594364776688,400.0000000000006,520514.8526407826,285.1473592174576,1.5187851606126592,-9.908494575938676e-06,3.040509678525511e-08,1.4173059888831766e-15,4.163336342344337e-17,1.652592403196818,0.020647043727953215,-44.40047791098563,0.0,0.0,396.94020034968406,396.2304148672948,396.9052159005157,397.93175918087377,396.3243819817276,396.8147417729617,397.24468824334235,96.0,397.029715008152,1.0972939447521743,1,1.5383767444688012,0.2038845233094665
262.75,0.0,397.02688616534033,1.0974227762344282,96.0,391.4566247754725,400.0000000000006,520514.5810718726,285.41892812737797,1.518756211094177,-9.914376619235554e-06,3.042314635821153e-08,1.4173059888831766e-15,4.163336342344337e-17,1.6525836298312273,0.02064675687748225,-44.40047791098563,0.0,0.0,396.9376450667062,396.22752230458036,396.90258032629794,397.9289171872643,396.32193636915076,396.811974787833,397.24179754284773,96.0,397.02688616534033,1.0974227762344282,1,1.5383767444688012,0.20392325399807412
263.0,0.0,397.02405732252873,1.0975505752900718,96.0,391.45382013278066,400.0000000000006,520514.30950296274,285.69049703728973,1.5187272926442976,-9.920143099861889e-06,3.04408413168362e-08,1.417305988883182e-15,4.163336342344337e-17,1.6525748790301218,0.020646470319799375,-44.40047791098563,0.0,0.0,396.93509051331125,396.22463182011734,396.8999445156824,397.9260674254085,396.31948932332637,396.8092077321967,397.23890691286084,96.0,397.02405732252873,1.0975505752900718,1,1.5383767444688012,0.20396197025045085
263.25,0.0,397.0212284797173,1.097677353429213,96.0,391.4510222668375,400.0000000000007,520514.0379340528,285.96206594719433,1.5186984052346817,-9.925965230195288e-06,3.045870704153602e-08,1.3322676295501878e-15,4.163336342344337e-17,1.6525661507674736,0.020646184054878683,-44.40047791098563,0.0,0.0,396.932536211076,396.22174347456564,396.89730897881975,397.9232101619804,396.31704089694006,396.80644061308664,397.2360163463479,96.0,397.0212284797173,1.097677353429213,1,1.5383767444688012,0.2040006721444234
263.5,0.0,397.0183996369058,1.0978031484881863,96.0,391.44823090627574,400.00000000000074,520513.766365143,286.2336348570905,1.5186695488375297,-9.93167344631729e-06,3.0476223210347586e-08,1.3322676295501878e-15,4.163336342344337e-17,1.6525574450203093,0.020645898082551795,-44.40047791098563,0.0,0.0,396.92998153851744,396.21885732358874,396.8946742745128,397.9203456624403,396.31459115054275,396.8036734344261,397.23312583938554,96.0,397.0183996369058,1.0978031484881863,1,1.5383767444688012,0.20403935974812412
263.75,0.0,397.0155707940946,1.0979280037258363,96.0,391.4454458059488,400.0000000000007,520513.4947962331,286.5052037669786,1.5186407234253652,-9.937496258771716e-06,3.049409102819644e-08,1.417305988883182e-15,4.163336342344337e-17,1.6525487617664922,0.020645612402608666,-44.40047791098563,0.0,0.0,396.9274258953088,396.21597341753863,396.89204090952836,397.9174742152544,396.312140150867,396.80090619968377,397.2302353885054,96.0,397.0155707940946,1.0979280037258363,1,1.5383767444688012,0.20407803312429343
264.0,0.0,397.01274195128326,1.0980520962030031,96.0,391.4426667407464,400.0000000000007,520513.22322732315,286.77677267685715,1.5186119289707187,-9.943319810190587e-06,3.051196111362341e-08,1.3322676295501878e-15,4.163336342344337e-17,1.652540100980669,0.020645327014857495,-44.40047791098563,0.0,0.0,396.9248688083625,396.2130918010247,396.8894093178378,397.9145961933641,396.3096879693153,396.7981389145775,397.227344987989,96.0,397.01274195128326,1.0980520962030031,1,1.5383767444688012,0.20411669243946343
264.25,0.0,397.0099131084722,1.098175587721832,96.0,391.4398935008715,400.0000000000007,520512.95165841334,287.04834158672577,1.518583165446097,-9.949025638888997e-06,3.0529469956413365e-08,1.4173059888831766e-15,4.163336342344337e-17,1.6525314626334473,0.020645041919114128,-44.40047791098563,0.0,0.0,396.9223099345084,396.21021251296645,396.8867798493487,397.9117118082413,396.30723468009114,396.7953715852298,397.22445463171454,96.0,397.0099131084722,1.098175587721832,1,1.5383767444688012,0.20415533773606617
264.5,0.0,397.00708426566115,1.0982985132524539,96.0,391.43712588584646,400.0000000000006,520512.6800895035,287.31991049658535,1.518554432824006,-9.954731694961083e-06,3.054697949691966e-08,1.4173059888831766e-15,4.163336342344337e-17,1.6525228466917063,0.02064475711519704,-44.40047791098563,0.0,0.0,396.9197490587178,396.2073355863307,396.8841527661946,397.9088212163791,396.3047803584577,396.7926042165475,397.2215643147747,96.0,397.00708426566115,1.0982985132524539,1,1.5383767444688012,0.20419396912195067
264.75,0.0,397.00425542285024,1.0984208830128284,96.0,391.4343637049167,400.0000000000006,520512.4085205936,287.59147940643265,1.5185257311490388,-9.960556099031237e-06,3.056485219878292e-08,1.4173059888831793e-15,4.163336342344337e-17,1.6525142527482617,0.020644472602925054,-44.40047791098563,0.0,0.0,396.9171860889287,396.2044610480018,396.8815282465267,397.90592474286353,396.30232507910705,396.7898368125479,397.21867403315264,96.0,397.00425542285024,1.0984208830128284,1,1.5383767444688012,0.2042325866945368
265.0,0.0,397.00142658003944,1.0985427024463235,96.0,391.43160677739263,400.0000000000006,520512.1369516838,287.8630483162681,1.51849706039884,-9.966262837224349e-06,3.0582363832438254e-08,1.4802973661668755e-15,4.163336342344337e-17,1.6525056807489678,0.020644188381564652,-44.40047791098563,0.0,0.0,396.9146210479,396.2015889188148,396.8789063856028,397.903022735725,396.2998689145782,396.78706937679027,397.2157837832886,96.0,397.00142658003944,1.0985427024463235,1,1.5383767444688012,0.20427119047021644
265.25,0.0,396.99859773722875,1.0986639751137857,96.0,391.42885493241243,400.00000000000057,520511.8653827739,288.1346172260936,1.518468420526181,-9.972028067295469e-06,3.060005495362303e-08,1.4173059888831766e-15,4.163336342344337e-17,1.652497130764509,0.020643904450934152,-44.40047791098563,0.0,0.0,396.9120540624755,396.19871921357685,396.87628719815825,397.9001155379401,396.2974119338102,396.7843019124047,397.2128935620528,96.0,396.99859773722875,1.0986639751137857,1,1.5383767444688012,0.20430978045914303
265.5,0.0,396.99576889441823,1.0987846994479644,96.0,391.42610800898643,400.0000000000006,520511.59381386416,288.406186135909,1.518439811488761,-9.977677564165788e-06,3.0617390937188806e-08,1.4173059888831793e-15,4.163336342344337e-17,1.6524886028345465,0.020643620811091834,-44.40047791098563,0.0,0.0,396.9094853506503,396.195851941128,396.8736706223001,397.89720347478095,396.29495420084595,396.78153442210015,397.21000336673615,96.0,396.99576889441823,1.0987846994479644,1,1.5383767444688012,0.20434835667324017
265.75,0.0,396.9929400516077,1.0989048783583337,96.0,391.42336585609536,400.00000000000057,520511.3222449543,288.67775504571114,1.518411233250434,-9.983444101635541e-06,3.063508607024256e-08,1.4173059888831793e-15,4.163336342344337e-17,1.6524800969446105,0.020643337462050357,-44.40047791098563,0.0,0.0,396.9069152069254,396.1929871044175,396.8710565253857,397.8942868695512,396.29249577368057,396.7787669081542,397.2071131950613,96.0,396.9929400516077,1.0989048783583337,1,1.5383767444688012,0.20438691911262533
266.0,0.0,396.9901112087974,1.0990245188610894,96.0,391.42062833279846,400.0000000000006,520511.05067604454,288.94932395550313,1.5183826857741105,-9.989093314288766e-06,3.0652421181662905e-08,1.4173059888831793e-15,4.163336342344337e-17,1.652471613073371,0.020643054403769928,-44.40047791098563,0.0,0.0,396.9043439863652,396.1901247006174,396.8684447108408,397.8913660301288,396.29003670327864,396.7759993724053,397.2042230451895,96.0,396.9901112087974,1.0990245188610894,1,1.5383767444688012,0.20442546777104598
266.25,0.0,396.98728236598726,1.0991436280337388,96.0,391.41789530832364,400.0000000000006,520510.77910713473,289.2208928652823,1.5183541690270028,-9.994800507229229e-06,3.066993421075093e-08,1.4173059888831766e-15,4.163336342344337e-17,1.6524631512129948,0.020642771636103285,-44.40047791098563,0.0,0.0,396.90177208782933,396.18726472125746,396.8658349260554,397.88844124509376,396.28757703276784,396.77323181625525,397.20133291571915,96.0,396.98728236598726,1.0991436280337388,1,1.5383767444688012,0.20446400263786604
266.5,0.0,396.9844535231771,1.0992622128078657,96.0,391.41516666214704,400.0000000000006,520510.50753822504,289.4924617750545,1.518325682976746,-1.000039151222154e-05,3.068709070678726e-08,1.417305988883182e-15,4.163336342344337e-17,1.6524547113429198,0.02064248915887892,-44.40047791098563,0.0,0.0,396.8991999368405,396.18440715237836,396.8632268713576,397.8855127916282,396.28511679681577,396.77046424067424,397.1984428056799,96.0,396.9844535231771,1.0992622128078657,1,1.5383767444688012,0.2045025236984669
266.75,0.0,396.9816246803671,1.0993802796979328,96.0,391.412442284061,400.0000000000006,520510.2359693153,289.7640306848124,1.5182972275914353,-1.0006040213283995e-05,3.070442424834583e-08,1.4173059888831793e-15,4.163336342344337e-17,1.6524462934334947,0.02064220697189033,-44.40047791098563,0.0,0.0,396.89662796852923,396.18155197470645,396.86062020957155,397.88258093702007,396.2826560211906,396.7676966462161,397.1955527145181,96.0,396.9816246803671,1.0993802796979328,1,1.5383767444688012,0.2045410309346225
267.0,0.0,396.97879583755724,1.0994984630223983,96.0,391.40972207422965,400.0000000000006,520509.96440040553,290.0355995945607,1.518268802839733,-1.0011689710154315e-05,3.0721760231911604e-08,1.3322676295501884e-15,4.163336342344337e-17,1.6524378974487328,0.02064192507490693,-44.40047791098563,0.0,0.0,396.8940566110757,396.17869916384745,396.8580145758801,397.8796635809217,396.2801947225042,396.764929033039,397.19266264207545,96.0,396.97879583755724,1.0994984630223983,1,1.5383767444688012,0.20457952432485005
267.25,0.0,396.9759669947475,1.0996168402216844,96.0,391.40700594329974,400.0000000000006,520509.6928314958,290.30716850429553,1.5182404086900803,-1.0017337217504974e-05,3.0739090110459373e-08,1.4173059888831766e-15,4.163336342344337e-17,1.652429523338828,0.02064164346768329,-44.40047791098563,0.0,0.0,396.8914862700346,396.1758486906339,396.855409587615,397.87676362761397,396.2777329081339,396.76216140093425,397.18977258856074,96.0,396.9759669947475,1.0996168402216844,1,1.5383767444688012,0.20461800384473586
267.5,0.0,396.9731381519379,1.099734695946844,96.0,391.4042938032082,400.0000000000006,520509.421262586,290.5787374140182,1.5182120451114047,-1.0022985406976659e-05,3.075642208215617e-08,1.4173059888831793e-15,4.163336342344337e-17,1.6524211710511894,0.020641362149962993,-44.40047791098563,0.0,0.0,396.8889173138847,396.17300052114786,396.852804854234,397.8738620203231,396.27527057615373,396.7593937493636,397.18688255451224,96.0,396.9731381519379,1.099734695946844,1,1.5383767444688012,0.20465646942519836
267.75,0.0,396.9703093091284,1.099852028645864,96.0,391.4015855777399,400.0000000000006,520509.1496936763,290.8503063237283,1.5181837120743715,-1.0028576753029483e-05,3.077357962476701e-08,1.4173059888831793e-15,4.163336342344337e-17,1.6524128405450438,0.020641081121486608,-44.40047791098563,0.0,0.0,396.8863500611111,396.1701546171962,396.85019998675324,397.87095871712427,396.27280771569724,396.75662607750246,397.18399254075445,96.0,396.9703093091284,1.099852028645864,1,1.5383767444688012,0.2046949210166841
268.0,0.0,396.9674804663191,1.0999688179025582,96.0,391.3988812026582,400.0000000000006,520508.87812476663,291.12187523342857,1.5181554095503118,-1.00341674738047e-05,3.079073524865791e-08,1.3877787807814457e-15,3.122502256758253e-17,1.6524045317779754,0.020640800382001605,-44.40047791098563,0.0,0.0,396.8837847690645,396.16731093708415,396.84759460607773,397.86805313798635,396.2703443074543,396.7538583842904,397.1811025483477,96.0,396.9674804663191,1.0999688179025582,1,1.5383767444688012,0.20473335858764985
268.25,0.0,396.9646516235098,1.1000850592095408,96.0,391.39618062565046,400.0000000000006,520508.606555857,291.3934441431158,1.5181271375111576,-1.0039699475328234e-05,3.080771068730302e-08,1.4173059888831793e-15,4.163336342344337e-17,1.6523962447068201,0.02064051993126189,-44.40047791098563,0.0,0.0,396.8812216247908,396.1644694355447,396.84498835094456,397.8651450967891,396.26788032419813,396.75109066848944,397.1782125785301,96.0,396.9646516235098,1.1000850592095408,1,1.5383767444688012,0.2047717821050792
268.5,0.0,396.96182278070074,1.1002007596275631,96.0,391.3934838062645,400.0000000000006,520508.33498694724,291.6650130527898,1.5180988959293753,-1.0045348005860433e-05,3.082504370557433e-08,1.3322676295501878e-15,4.163336342344337e-17,1.6523879792882774,0.020640239769029487,-44.40047791098563,0.0,0.0,396.8786607379743,396.1616300639934,396.8423808849811,397.86223471330334,396.26541573141856,396.74832292874606,397.1753226326555,96.0,396.96182278070074,1.1002007596275631,1,1.5383767444688012,0.20481019153464786
268.75,0.0,396.95899393789176,1.1003159262239992,96.0,391.3907907158248,400.0000000000006,520508.0634180376,291.9365819624546,1.518070684777894,-1.005087881367217e-05,3.0842015481208636e-08,1.0925066997641153e-15,3.209238430557093e-17,1.652379735479321,0.020639959895075742,-44.40047791098563,0.0,0.0,396.87610213607945,396.15879277078295,396.8397719028103,397.8593221053905,396.262950488052,396.7455551636574,397.172432712126,96.0,396.95899393789176,1.1003159262239992,1,1.5383767444688012,0.2048485868408758
269.0,0.0,396.9561650950829,1.1004305660912654,96.0,391.3881013373446,400.0000000000006,520507.7918491279,292.20815087210735,1.5180425040293302,-1.0056469534447388e-05,3.0859171105099534e-08,1.4173059888831793e-15,4.163336342344337e-17,1.6523715132359362,0.02063968030918191,-44.40047791098563,0.0,0.0,396.87354576172794,396.1559575014656,396.83716113513634,397.8564073890585,396.26048454728686,396.7427873718418,397.16954281832386,96.0,396.9561650950829,1.1004305660912654,1,1.5383767444688012,0.2048869679887029
269.25,0.0,396.9533362522741,1.10054468636598,96.0,391.3854156656301,400.0000000000007,520507.52028021833,292.47971978174587,1.518014353657325,-1.0061943953587615e-05,3.087596984708057e-08,1.4173059888831793e-15,4.163336342344337e-17,1.652363312516034,0.020639401011134095,-44.40047791098563,0.0,0.0,396.87099147235796,396.1531241990435,396.8345483527628,397.8534906784989,396.2580178574224,396.7400195520084,397.1666529525398,96.0,396.9533362522741,1.10054468636598,1,1.5383767444688012,0.20492533495996523
269.5,0.0,396.95050740946544,1.1006582942484058,96.0,391.38273370695293,400.0000000000007,520507.24871130864,292.75128869137535,1.517986233635824,-1.0067534617519414e-05,3.0893125296542384e-08,1.1220339078658481e-15,3.2959746043559335e-17,1.652355133278128,0.020639122000732566,-44.40047791098563,0.0,0.0,396.86843904183945,396.15029280428973,396.83193336954395,397.8505720860735,396.25555036277393,396.7372517030292,397.16376311590176,96.0,396.95050740946544,1.1006582942484058,1,1.5383767444688012,0.20496368771599485
269.75,0.0,396.947678566657,1.1007713953340832,96.0,391.38005547882494,400.0000000000007,520506.97714239906,293.02285760098994,1.5179581439391447,-1.0073009434563573e-05,3.090992525952702e-08,1.4173059888831793e-15,4.163336342344337e-17,1.6523469754816908,0.020638843277787304,-44.40047791098563,0.0,0.0,396.8658881642023,396.14746325604847,396.8293160442714,397.8476517222869,396.2530820045972,396.7344838240072,397.1608733093067,96.0,396.947678566657,1.1007713953340832,1,1.5383767444688012,0.20500202621752717
270.0,0.0,396.9448497238486,1.100883991785937,96.0,391.37738100981517,400.0000000000007,520506.7055734894,293.29442651059594,1.517930084541645,-1.007854325507651e-05,3.092690627990288e-08,1.4173059888831793e-15,4.163336342344337e-17,1.6523388390862919,0.020638564842117967,-44.40047791098563,0.0,0.0,396.8633384592126,396.14463549154283,396.8266962815296,397.8447296957419,396.2506127225219,396.73171591434266,397.1579835333546,96.0,396.9448497238486,1.100883991785937,1,1.5383767444688012,0.20504035042479438
270.25,0.0,396.9420208810404,1.1009960912773267,96.0,391.37471033934696,400.00000000000074,520506.4340045799,293.5659954201879,1.5179020554176021,-1.0083958329687448e-05,3.094352291791817e-08,1.4173059888831766e-15,4.163336342344337e-17,1.6523307240519014,0.02063828669355112,-44.40047791098563,0.0,0.0,396.8607894796102,396.14180944668993,396.82407403156344,397.8418061130809,396.2481424565091,396.72894797379394,397.1550937882868,96.0,396.9420208810404,1.1009960912773267,1,1.5383767444688012,0.20507866029761293
270.5,0.0,396.93919203823225,1.1011077015962005,96.0,391.3720435174783,400.00000000000074,520506.16243567027,293.83756432976924,1.5178740565500073,-1.0089490672271495e-05,3.09604994031378e-08,1.4173059888831793e-15,4.163336342344337e-17,1.6523226303699277,0.020638008831919942,-44.40047791098563,0.0,0.0,396.8582407197808,396.13898505641953,396.821449289245,397.8388810789178,396.24567114603,396.72618000253334,397.15220407393116,96.0,396.93919203823225,1.1011077015962005,1,1.5383767444688012,0.2051169557954646
270.75,0.0,396.9363631954241,1.1012188306540884,96.0,391.3693806046768,400.00000000000074,520505.89086676063,294.1091332393389,1.5178460879265843,-1.0095024777001527e-05,3.0977481295659085e-08,1.4173059888831766e-15,4.163336342344337e-17,1.6523145580422738,0.02063773125711877,-44.40047791098563,0.0,0.0,396.85569162561177,396.1361622549873,396.8188220922227,397.8359546957622,396.24319873085534,396.723412001196,397.1493143896525,96.0,396.9363631954241,1.1012188306540884,1,1.5383767444688012,0.20515523686134748
271.0,0.0,396.9335343526163,1.1013294864973082,96.0,391.3667216715963,400.0000000000007,520505.61929785117,294.3807021488975,1.5178181495209293,-1.0100383065037022e-05,3.0993923679017515e-08,1.4802973661668755e-15,4.163336342344337e-17,1.6523065070279601,0.020637453969071587,-44.40047791098563,0.0,0.0,396.853141605266,396.133340976279,396.81619251834127,397.83302706394164,396.2407251517367,396.7206439709209,397.1464247343117,96.0,396.9335343526163,1.1013294864973082,1,1.5383767444688012,0.20519350339781206
271.25,0.0,396.93070550980855,1.1014396773077024,96.0,391.3640667987566,400.0000000000007,520505.3477289416,294.65227105844764,1.5177902413070246,-1.010585594940494e-05,3.101071771141323e-08,1.417305988883182e-15,4.163336342344337e-17,1.6522984772876819,0.02063717696764284,-44.40047791098563,0.0,0.0,396.85059004063265,396.130521154136,396.81356068244264,397.83009828152035,396.23825035122354,396.71787591338284,397.14353510623414,96.0,396.93070550980855,1.1014396773077024,1,1.5383767444688012,0.2052317553637132
271.5,0.0,396.9278766670008,1.1015494114058473,96.0,391.3614160762557,400.0000000000007,520505.07616003207,294.9238399679829,1.5177623632589181,-1.0111273354596051e-05,3.102734150102105e-08,1.942890293094024e-15,4.163336342344337e-17,1.6522904687816762,0.020636900252698466,-44.40047791098563,0.0,0.0,396.8480362991339,396.1277027226664,396.81092673264857,397.8271684442204,396.2357742742902,396.71510783081584,397.1406455031858,96.0,396.9278766670008,1.1015494114058473,1,1.5383767444688012,0.20526999271808535
271.75,0.0,396.9250478241932,1.1016586972497033,96.0,391.3587696034681,400.0000000000007,520504.80459112255,295.1954088775084,1.5177345153506618,-1.0116689622918784e-05,3.1043961802047154e-08,1.5728159515523052e-15,4.163336342344337e-17,1.6522824814696901,0.020636623824101797,-44.40047791098563,0.0,0.0,396.8454797456311,396.1248856165496,396.8082908462286,397.8242376453461,396.2332968688901,396.7123397260266,397.13775592236,96.0,396.9250478241932,1.1016586972497033,1,1.5383767444688012,0.20530821542016117
272.0,0.0,396.9222189813858,1.1017675434310819,96.0,391.3561274887288,400.0000000000007,520504.533022213,295.46697778702367,1.5177066975562408,-1.0122106573362544e-05,3.106058419622229e-08,1.4173059888831793e-15,4.163336342344337e-17,1.6522745153108613,0.020636347681713307,-44.40047791098563,0.0,0.0,396.84291975416596,396.1220697713275,396.80565322516077,397.82130597571495,396.2308180864186,396.70957160239794,397.13486636037374,96.0,396.9222189813858,1.1017675434310819,1,1.5383767444688012,0.20534642342939077
272.25,0.0,396.91939013857854,1.1018759587398337,96.0,391.3534898490043,400.0000000000006,520504.2614533035,295.7385466965295,1.5176789098495116,-1.0127522102720832e-05,3.1077202229670276e-08,1.4173059888831766e-15,4.163336342344337e-17,1.6522665702635602,0.020636071825390092,-44.40047791098563,0.0,0.0,396.84035571928825,396.11925512368236,396.80301409149,397.8183735235928,396.22833788208817,396.7068034639037,397.1319768132532,96.0,396.91939013857854,1.1018759587398337,1,1.5383767444688012,0.20538461670546096
272.5,0.0,396.91656129577126,1.101983952063301,96.0,391.350856809524,400.0000000000006,520503.989884394,296.01011560602626,1.5176511522041518,-1.0132936779427837e-05,3.109381764668197e-08,1.4173059888831766e-15,4.163336342344337e-17,1.6522586462852695,0.02063579625498523,-44.40047791098563,0.0,0.0,396.8377870663779,396.11644161170506,396.8003736825822,397.8154403746503,396.2258562152556,396.70403531511823,397.1290872764243,96.0,396.91656129577126,1.101983952063301,1,1.5383767444688012,0.2054227950665206
272.75,0.0,396.9137324529641,1.1020915323697673,96.0,391.3482285034345,400.0000000000006,520503.7183154846,296.2816845155092,1.5176234245940914,-1.0138236746115581e-05,3.1110081065798215e-08,1.3322676295501878e-15,4.163336342344337e-17,1.6522507433340337,0.020635520970347355,-44.40047791098563,0.0,0.0,396.835213261695,396.1136291751416,396.79773224637376,397.8125066119094,396.22337304964566,396.7012671611639,397.12619774476434,96.0,396.9137324529641,1.1020915323697673,1,1.5383767444688012,0.20546095839005774
273.0,0.0,396.91090361015705,1.1021987087344358,96.0,391.3456050714538,400.0000000000006,520503.44674657506,296.5532534249825,1.5175957270035687,-1.0143652446004126e-05,3.112669962253346e-08,1.4173059888831793e-15,4.163336342344337e-17,1.65224286140372,0.020635245971323213,-44.40047791098563,0.0,0.0,396.83263382143167,396.11081775561115,396.7950900367031,397.80957231569636,396.2208883534273,396.6984990076573,397.12330821265687,96.0,396.91090361015705,1.1021987087344358,1,1.5383767444688012,0.2054991066435011
273.25,0.0,396.9080747673502,1.102305490320959,96.0,391.3429866614978,400.0000000000006,520503.17517766566,296.82482233444586,1.5175680594063203,-1.0148952242161613e-05,3.114296251836244e-08,1.1102230246251565e-15,2.7755575615628914e-17,1.6522350004529043,0.020634971257825534,-44.40047791098563,0.0,0.0,396.830048319306,396.10800729680375,396.79244730879367,397.8066375636086,396.218402099219,396.6957308606697,397.12041867403076,96.0,396.9080747673502,1.102305490320959,1,1.5383767444688012,0.20553723979454933
273.5,0.0,396.90524592454335,1.1024118863678902,96.0,391.3403734282948,400.0000000000006,520502.90360875614,297.0963912438984,1.517540421774363,-1.015436680518178e-05,3.1159577586515964e-08,1.4173059888831793e-15,4.163336342344337e-17,1.652227160432953,0.02063469682970891,-44.40047791098563,0.0,0.0,396.8274563928575,396.1051977446587,396.7898043149644,397.80370243049117,396.21591426403955,396.69296272668015,397.11752912240667,96.0,396.90524592454335,1.1024118863678902,1,1.5383767444688012,0.20557535781114714
273.75,0.0,396.9024170817367,1.1025179061740111,96.0,391.33776553299157,400.0000000000006,520502.63203984674,297.36796015334255,1.5175128140800025,-1.0159667169773456e-05,3.1175842226635805e-08,1.1220339078658481e-15,3.2959746043559335e-17,1.652219341296224,0.02063442268680893,-44.40047791098563,0.0,0.0,396.82485774835175,396.1023890475188,396.7871613006222,397.80076698842066,396.21342482919187,396.69019461254237,397.11463955093103,96.0,396.9024170817367,1.1025179061740111,1,1.5383767444688012,0.20561346066147138
274.0,0.0,396.8995882389301,1.1026235590814049,96.0,391.3351631426737,400.0000000000006,520502.36047093733,297.6395290627747,1.5174852362947175,-1.0164967477521714e-05,3.119210669232656e-08,1.417305988883182e-15,4.163336342344337e-17,1.6522115429907063,0.020634148828960232,-44.40047791098563,0.0,0.0,396.8222521641759,396.09958115629007,396.78451850033156,397.79783130667187,396.2109337800092,396.68742652538884,397.11174995247137,96.0,396.8995882389301,1.1026235590814049,1,1.5383767444688012,0.20565154834562216
274.25,0.0,396.89675939612357,1.1027288543683416,96.0,391.33256642999623,400.0000000000006,520502.08890202787,297.91109797219974,1.5174576883914563,-1.0170325765557209e-05,3.120854907568499e-08,1.3322676295501878e-15,4.163336342344337e-17,1.6522037654702786,0.020633875255977065,-44.40047791098563,0.0,0.0,396.81963949286046,396.09677402450245,396.7818761343753,397.79489545106264,396.20844110564104,396.68465847257556,397.10886031967175,96.0,396.89675939612357,1.1027288543683416,1,1.5383767444688012,0.20568962085457118
274.5,0.0,396.8939305533172,1.1028338013793182,96.0,391.32997557213196,400.0000000000006,520501.8173331184,298.18266688161435,1.517430170345002,-1.0175684337809798e-05,3.122499233118885e-08,1.4173059888831793e-15,4.163336342344337e-17,1.6521960086971192,0.020633601967686672,-44.40047791098563,0.0,0.0,396.81701966174654,396.09396760831015,396.7792344058743,397.7919594854015,396.20594679882714,396.6818904616412,397.10597064499325,96.0,396.8939305533172,1.1028338013793182,1,1.5383767444688012,0.20572767815151027
274.75,0.0,396.8911017105109,1.1029384084085774,96.0,391.3273907507112,400.0000000000006,520501.54576420906,298.4542357910178,1.5174026821286852,-1.0180928200043127e-05,3.1241083588797257e-08,1.4173059888831766e-15,4.163336342344337e-17,1.652188272625571,0.020633328963926,-44.40047791098563,0.0,0.0,396.81439267200125,396.0911618665873,396.7765934983471,397.78902347089263,396.2034508555792,396.6791225002483,397.1030809207735,96.0,396.8911017105109,1.1029384084085774,1,1.5383767444688012,0.20576572019216424
275.0,0.0,396.88827286770476,1.103042683091704,96.0,391.32481215174,400.0000000000006,520501.2741952996,298.7258047004106,1.5173752237141265,-1.0186286260704946e-05,3.125752527443934e-08,1.417305988883182e-15,4.163336342344337e-17,1.652180557203256,0.020633056244516147,-44.40047791098563,0.0,0.0,396.8117585964792,396.08835676095464,396.7739535737528,397.78608746597536,396.2009532748346,396.676354596116,397.1001911392934,96.0,396.88827286770476,1.103042683091704,1,1.5383767444688012,0.20580374695042383
275.25,0.0,396.8854440248986,1.103146634792603,96.0,391.3222399651893,400.0000000000006,520501.00262639025,298.99737360979486,1.5173477950731031,-1.019153035031195e-05,3.127361722976409e-08,1.4173059888831766e-15,4.163336342344337e-17,1.6521728623782415,0.02063278380926272,-44.40047791098563,0.0,0.0,396.8091175762982,396.08555225578425,396.7713147709207,397.78315152636696,396.1984540580971,396.6735867569584,397.0973012928387,96.0,396.8854440248986,1.103146634792603,1,1.5383767444688012,0.20584175839996965
275.5,0.0,396.88261518209265,1.1032502728413887,96.0,391.3196743845738,400.0000000000006,520500.7310574809,299.26894251916895,1.5173203961775668,-1.0196773814641347e-05,3.128970726636889e-08,1.4173059888831793e-15,4.163336342344337e-17,1.6521651880991253,0.02063251165796787,-44.40047791098563,0.0,0.0,396.8064698162827,396.08274831817926,396.76867720443295,397.78021570508804,396.1959532090624,396.67081899042495,397.0944113737603,96.0,396.88261518209265,1.1032502728413887,1,1.5383767444688012,0.20587975451429052
275.75,0.0,396.8797863392867,1.1033536065233325,96.0,391.31711560652735,400.0000000000006,520500.4594885715,299.54051142853405,1.517293026999656,-1.020207383817251e-05,3.130597085991422e-08,1.1220339078658481e-15,3.2959746043559335e-17,1.6521575343151078,0.020632239790431522,-44.40047791098563,0.0,0.0,396.8038155794167,396.0799449179318,396.76604096392356,397.7772800524925,396.19345073324394,396.6680513040451,397.0915213745284,96.0,396.8797863392867,1.1033536065233325,1,1.5383767444688012,0.20591773526670365
276.0,0.0,396.876957496481,1.1034566450919219,96.0,391.31456383037664,400.0000000000006,520500.1879196622,299.81208033788965,1.5172656875134236,-1.0207259094840992e-05,3.1321882281135e-08,1.3322676295501884e-15,4.163336342344337e-17,1.6521499009821465,0.020631968206452182,-44.40047791098563,0.0,0.0,396.80115518045955,396.0771420274586,396.7634061137782,397.7743446162982,396.1909466376027,396.66528370517716,397.08863128778466,96.0,396.876957496481,1.1034566450919219,1,1.5383767444688012,0.20595570063037774
276.25,0.0,396.8741286536752,1.1035593977708555,96.0,391.312019257683,400.0000000000007,520499.9163507528,300.0836492472381,1.5172383776915421,-1.0212559288902412e-05,3.1338146397967584e-08,1.3322676295501878e-15,4.163336342344337e-17,1.6521422880513152,0.020631696905840397,-44.40047791098563,0.0,0.0,396.7984889789164,396.07433962158444,396.7607726932327,397.77140944157105,396.1884409302255,396.66251620093817,397.0857411064122,96.0,396.8741286536752,1.1035593977708555,1,1.5383767444688012,0.20599365039524328
276.5,0.0,396.87129981086963,1.1036618736559891,96.0,391.3094820917666,400.0000000000007,520499.6447818435,300.35521815657495,1.5172110975103132,-1.0217743522389355e-05,3.1354054679464824e-08,1.4173059888831793e-15,4.163336342344337e-17,1.6521346954838754,0.02063142588839683,-44.40047791098563,0.0,0.0,396.7958173715131,396.07153767722775,396.75814071684357,397.7684745706867,396.1859336200202,396.6597487981291,397.08285082361016,96.0,396.87129981086963,1.1036618736559891,1,1.5383767444688012,0.2060315840829888
276.75,0.0,396.86847096806406,1.1037640413926424,96.0,391.3069525373607,400.0000000000006,520499.3732129341,300.6267870659042,1.517183846947032,-1.022304542175334e-05,3.137032402916998e-08,1.4173059888831766e-15,4.163336342344337e-17,1.652127123244762,0.02063115515393581,-44.40047791098563,0.0,0.0,396.793140784169,396.0687368011049,396.7555101752002,397.76554004867063,396.1834247162811,396.6569815032608,397.0799604328674,96.0,396.86847096806406,1.1037640413926424,1,1.5383767444688012,0.20606950169620783
277.0,0.0,396.8656421252587,1.1038658199770626,96.0,391.3044308003147,400.0000000000006,520499.1016440248,300.898355975223,1.5171566259742264,-1.0228287351310428e-05,3.1386409356189466e-08,1.3322676295501878e-15,4.163336342344337e-17,1.6521195712863121,0.020630884702278925,-44.40047791098563,0.0,0.0,396.7904596638975,396.0659383441542,396.75288103705486,397.76260590908424,396.18091422845026,396.65421432294244,397.0770699275749,96.0,396.8656421252587,1.1038658199770626,1,1.5383767444688012,0.20610740323522247
277.25,0.0,396.8628132824533,1.1039672183401195,96.0,391.301917087609,400.0000000000006,520498.83007511555,301.16992488453445,1.5171294345778117,-1.023341275185885e-05,3.140213710358274e-08,1.4173059888831793e-15,4.163336342344337e-17,1.6521120396169608,0.020630614533230656,-44.40047791098563,0.0,0.0,396.78777447108735,396.0631421797031,396.75025325201136,397.759672142583,396.1784021658814,396.65144726446687,397.0741793004399,96.0,396.8628132824533,1.1039672183401195,1,1.5383767444688012,0.20614528866951523
277.5,0.0,396.8599844396481,1.1040682444176904,96.0,391.29941160676367,400.0000000000006,520498.5585062062,301.44149379383464,1.5171022727410028,-1.0238656841465854e-05,3.141822905890748e-08,1.1102230246251565e-15,3.1008182133085427e-17,1.65210452823922,0.02063034464668323,-44.40047791098563,0.0,0.0,396.7850856717527,396.0603481549289,396.7476267495017,397.75673873763503,396.17588853763505,396.6486803349596,397.0712885443366,96.0,396.8599844396481,1.1040682444176904,1,1.5383767444688012,0.2061831579832563
277.75,0.0,396.85715559684303,1.1041689064705005,96.0,391.2969145653366,400.0000000000006,520498.2869372969,301.71306270312573,1.5170751404256417,-1.0243840620205447e-05,3.1434135944972034e-08,1.4802973661668755e-15,4.163336342344337e-17,1.6520970370705577,0.020630075042526824,-44.40047791098563,0.0,0.0,396.7823937293949,396.05755612043765,396.7450014403561,397.75380568062786,396.173373351963,396.64591354111275,397.0683976525733,96.0,396.85715559684303,1.1041689064705005,1,1.5383767444688012,0.20622101117547673
278.0,0.0,396.8543267540379,1.1042692132202674,96.0,391.294426170541,400.0000000000007,520498.0153683877,301.9846316124068,1.5170480375952733,-1.0248966759718314e-05,3.1449865959943425e-08,1.4173059888831766e-15,4.163336342344337e-17,1.652089566031925,0.02062980572051801,-44.40047791098563,0.0,0.0,396.77969909777613,396.0547659338931,396.7423772185468,397.7508729559902,396.1708566157653,396.6431468891513,397.06550661892453,96.0,396.8543267540379,1.1042692132202674,1,1.5383767444688012,0.20625884824311647
278.25,0.0,396.851497911233,1.1043691738627983,96.0,391.2919466288615,400.0000000000008,520497.7437994784,302.2562005216806,1.5170209642149821,-1.025415139110919e-05,3.1465775462444265e-08,1.3322676295501878e-15,4.163336342344337e-17,1.6520821150473728,0.02062953668040402,-44.40047791098563,0.0,0.0,396.7770022142804,396.05197746112316,396.7397539630577,397.74794054631417,396.16833833425517,396.6403803848334,397.0626154376326,96.0,396.851497911233,1.1043691738627983,1,1.5383767444688012,0.20629666918124723
278.5,0.0,396.84866906842814,1.1044687980534027,96.0,391.2894761456731,400.00000000000074,520497.4722305691,302.52776943094557,1.516993920251742,-1.0259335567752714e-05,3.1481683569512414e-08,1.4173059888831793e-15,4.163336342344337e-17,1.6520746840385991,0.020629267921927832,-44.40047791098563,0.0,0.0,396.7743034939367,396.04919057658196,396.73713153983704,397.7450084324731,396.16581851071635,396.6376140334599,397.0597241033964,96.0,396.84866906842814,1.1044687980534027,1,1.5383767444688012,0.20633447398326954
278.75,0.0,396.84584022562336,1.104568099383873,96.0,391.28701492486204,400.0000000000007,520497.2006616598,302.7993383402027,1.516966905673233,-1.0264517072755552e-05,3.1497583478413524e-08,1.417305988883182e-15,4.163336342344337e-17,1.652067272937837,0.020628999444824762,-44.40047791098563,0.0,0.0,396.7716033241779,396.04640525936026,396.7345098037498,397.7420765776785,396.16329714634,396.6348478398804,397.05683261136636,96.0,396.84584022562336,1.104568099383873,1,1.5383767444688012,0.2063722626410882
279.0,0.0,396.8430113828187,1.1046670883444254,96.0,391.2845631049397,400.0000000000007,520496.9290927506,303.0709072494497,1.5169399204482041,-1.0269642018556624e-05,3.1513309830374114e-08,1.4173059888831793e-15,4.163336342344337e-17,1.6520598816803793,0.020628731248843273,-44.40047791098563,0.0,0.0,396.76890205798856,396.0436214686458,396.73188859297414,397.7391452370675,396.16077424092157,396.63208180859573,397.0539409570417,96.0,396.8430113828187,1.1046670883444254,1,1.5383767444688012,0.2064100335777805
279.25,0.0,396.84018254001415,1.1047657763791099,96.0,391.2821208356966,400.0000000000007,520496.65752384136,303.34247615868753,1.5169129645463144,-1.0274765315898549e-05,3.1529031123891205e-08,1.889741318510906e-15,5.551115123125783e-17,1.6520525102043686,0.020628463333735404,-44.40047791098563,0.0,0.0,396.76620001089873,396.0408391512825,396.7292677381781,397.73621465653935,396.15824979101006,396.6293159438516,397.05104913617674,96.0,396.84018254001415,1.1047657763791099,1,1.5383767444688012,0.20644778708580244
279.5,0.0,396.83735369720966,1.1048641757418365,96.0,391.2796882680793,400.0000000000007,520496.38595493214,303.61404506791723,1.516886037938047,-1.0279889465891756e-05,3.1544755033844585e-08,1.4173059888831793e-15,4.163336342344337e-17,1.6520451584506428,0.020628195699256835,-44.40047791098563,0.0,0.0,396.763497459778,396.03805824733195,396.72664706621055,397.7332850685807,396.1557237901337,396.6265502495626,397.0481571448567,96.0,396.83735369720966,1.1048641757418365,1,1.5383767444688012,0.2064855234674844
279.75,0.0,396.8345248544053,1.1049622995153392,96.0,391.2772655542348,400.0000000000006,520496.1143860229,303.88561397714085,1.5168591405928722,-1.0285013672728383e-05,3.1560479118227055e-08,1.3322676295501878e-15,4.163336342344337e-17,1.6520378263574171,0.020627928345167395,-44.40047791098563,0.0,0.0,396.76079464103833,396.0352786931749,396.724026402183,397.73035669198316,396.15319622895333,396.62378472931863,397.04526497949195,96.0,396.8345248544053,1.1049622995153392,1,1.5383767444688012,0.20652324299400315
280.0,0.0,396.83169601160097,1.1050601615475835,96.0,391.2748528476706,400.0000000000006,520495.84281711373,304.15718288635344,1.5168322724824908,-1.0290080638242216e-05,3.1576027552519965e-08,1.3322676295501884e-15,4.163336342344337e-17,1.652030513869773,0.020627661271222644,-44.40047791098563,0.0,0.0,396.7580917497522,396.03250042230485,396.7214055712383,397.72742973170824,396.15066709552906,396.62101938641376,397.04237263678823,96.0,396.83169601160097,1.1050601615475835,1,1.5383767444688012,0.2065609459073806
280.25,0.0,396.82886716879676,1.1051577763550746,96.0,391.2724503032779,400.0000000000006,520495.57124820445,304.42875179555983,1.516805433579749,-1.0295265610693605e-05,3.1591938101595325e-08,1.4173059888831793e-15,4.163336342344337e-17,1.6520232209366716,0.020627394477188976,-44.40047791098563,0.0,0.0,396.75538893960174,396.0297233658198,396.7187844001825,397.7245043789158,396.1481363756259,396.6182542238814,397.03948011371216,96.0,396.82886716879676,1.1051577763550746,1,1.5383767444688012,0.20659863242262735
280.5,0.0,396.8260383259926,1.105255158890092,96.0,391.27005807723805,400.0000000000006,520495.2996792953,304.7003207047562,1.5167786238578054,-1.0300330927748291e-05,3.160748147744474e-08,1.417305988883182e-15,4.163336342344337e-17,1.6520159475080356,0.020627127962840344,-44.40047791098563,0.0,0.0,396.75268632360076,396.02694745284623,396.71616271899904,397.7215808111344,396.14560405303945,396.6154892445288,397.0365874074564,96.0,396.8260383259926,1.105255158890092,1,1.5383767444688012,0.20663630272992176
280.75,0.0,396.8232094831886,1.1053523246409915,96.0,391.26767632683004,400.0000000000006,520495.0281103861,304.97188961394374,1.5167518432903824,-1.030539715429768e-05,3.1623027644159534e-08,1.4173059888831766e-15,4.163336342344337e-17,1.6520086935365517,0.020626861727953943,-44.40047791098563,0.0,0.0,396.74998397553475,396.0241726109295,396.71354036224625,397.7186591925445,396.1430701099346,396.61272445097103,397.0336945154061,96.0,396.8232094831886,1.1053523246409915,1,1.5383767444688012,0.2066739569967483
281.0,0.0,396.8203806403846,1.1054492896942882,96.0,391.2653052101552,400.0000000000006,520494.75654147693,305.2434585231267,1.5167250918572748,-1.0310463778751e-05,3.1638575031877936e-08,1.417305988883182e-15,4.163336342344337e-17,1.652001458998924,0.02062659577231332,-44.40047791098563,0.0,0.0,396.74728193205044,396.02139876639654,396.71091717033295,397.7157396743536,396.1405345271928,396.60995984566335,397.0308014351058,96.0,396.8203806403846,1.1054492896942882,1,1.5383767444688012,0.2067115953699484
281.25,0.0,396.81755179758073,1.1055460703757711,96.0,391.2629448857962,400.0000000000006,520494.48497256776,305.5150274322992,1.5166983695387157,-1.0315530289517483e-05,3.1654122070738156e-08,1.4173059888831793e-15,4.163336342344337e-17,1.6519942438738986,0.020626457377184236,-44.40047791098563,0.0,0.0,396.7445801953157,396.0186258446947,396.70829299066645,397.7128223952401,396.1379972847639,396.6071954309321,397.0279081642293,96.0,396.81755179758073,1.1055460703757711,1,1.5383767444688012,0.20674921797765133
281.5,0.0,396.8147229547769,1.1056426831353232,96.0,391.26059551242275,400.0000000000006,520494.2134036586,305.78659634146436,1.516671676311989,-1.0320594697077468e-05,3.16696626557222e-08,1.3322676295501878e-15,4.163336342344337e-17,1.6519870481289545,0.0206264059778575,-44.40047791098563,0.0,0.0,396.7418787361655,396.01585377070853,396.7056676786716,397.70990748185125,396.13545836201826,396.6044312090017,397.02501470055216,96.0,396.8147229547769,1.1056426831353232,1,1.5383767444688012,0.20678682493107034
281.75,0.0,396.8118941119733,1.1057390940774015,96.0,391.25825724835653,400.0000000000006,520493.9418347494,306.0581652506213,1.5166450121649069,-1.0325661037313694e-05,3.168520917129517e-08,1.4173059888831793e-15,4.163336342344337e-17,1.6519798717050382,0.020626354594669296,-44.40047791098563,0.0,0.0,396.73917749764183,396.013082469059,396.7030410986784,397.7069950493397,396.13291773809317,396.60166718202044,397.0221210419261,96.0,396.8118941119733,1.1057390940774015,1,1.5383767444688012,0.2068244163261562
282.0,0.0,396.8090652691696,1.105835273183292,96.0,391.25593025110504,400.0000000000006,520493.6702658403,306.3297341597692,1.5166183770950907,-1.0330668601454818e-05,3.170057532719326e-08,1.4173059888831793e-15,4.163336342344337e-17,1.6519727144862049,0.020626303236999464,-44.40047791098563,0.0,0.0,396.7364763972937,396.0103118643885,396.70041312467896,397.704085201926,396.1303753922274,396.5989033520876,397.0192271862516,96.0,396.8090652691696,1.105835273183292,1,1.5383767444688012,0.20686199224223087
282.25,0.0,396.806236426366,1.1059312373600463,96.0,391.25361467688987,400.0000000000007,520493.39869693114,306.60130306891267,1.5165917710750654,-1.0335735794342327e-05,3.171612445920251e-08,1.4173059888831793e-15,4.163336342344337e-17,1.6519655764459453,0.02062625192647648,-44.40047791098563,0.0,0.0,396.7337753515386,396.007541881625,396.6977836409553,397.70117803347534,396.12783130403363,396.59613972119354,397.0163331315385,96.0,396.806236426366,1.1059312373600463,1,1.5383767444688012,0.2068995526936288
282.5,0.0,396.8034075835626,1.1060270037153306,96.0,391.250928241592,400.0000000000007,520493.127128022,306.8728719780487,1.516565194078831,-1.0340745234316273e-05,3.173149637126044e-08,1.4173059888831793e-15,4.163336342344337e-17,1.6519584575588495,0.020626200658369537,-44.40047791098563,0.0,0.0,396.7310742780486,396.0047724462613,396.69515254258124,397.6982736280799,396.1252854538572,396.59337629122984,397.01343887589536,96.0,396.8034075835626,1.1060270037153306,1,1.5383767444688012,0.2069370977379522
282.75,0.0,396.8005787407592,1.1061225891383202,96.0,391.2470992839724,400.0000000000007,520492.85555911285,307.1444408871754,1.5165386460808812,-1.0345811972456431e-05,3.174704410783701e-08,1.4173059888831793e-15,4.163336342344337e-17,1.651951357799273,0.020626149428239118,-44.40047791098563,0.0,0.0,396.7283730791274,396.0020034846207,396.69251973580214,397.6953720606409,396.12273782306494,396.59061306407443,397.01054441744395,96.0,396.8005787407592,1.1061225891383202,1,1.5383767444688012,0.206974627423003
283.0,0.0,396.7977498979558,1.1062180102381454,96.0,391.2432580768835,400.0000000000007,520492.5839902038,307.4160097962955,1.5165121270560027,-1.0350761840527412e-05,3.1762233218212854e-08,1.4802973661668755e-15,3.903127820947816e-17,1.6519442771415382,0.02062609823246543,-44.40047791098563,0.0,0.0,396.72567164495683,395.9992349241225,396.6898851382975,397.6924733974461,396.1201883943072,396.5878500416038,397.0076497543079,96.0,396.7977498979558,1.1062180102381454,1,1.5383767444688012,0.20701214178777003
283.25,0.0,396.7949210551526,1.1063132797358322,96.0,391.2394045494235,400.0000000000007,520492.3124212946,307.68757870540765,1.5164856369786317,-1.0355828351293894e-05,3.177778025707308e-08,9.448706592554547e-16,2.7755575615628914e-17,1.6519372155581333,0.0206260470681501,-44.40047791098563,0.0,0.0,396.72296985706095,395.99646669355036,396.68724867933213,397.6895776967349,396.11763715175215,396.5850872279081,397.0047548823971,96.0,396.7949210551526,1.1063132797358322,1,1.5383767444688012,0.20704964086331387
283.5,0.0,396.7920922123494,1.1064083970032246,96.0,391.23553863752903,400.0000000000007,520492.0408523856,307.9591476145116,1.5164591758227386,-1.0360778105678037e-05,3.179296901859075e-08,1.3322676295501878e-15,4.163336342344337e-17,1.6519301730193074,0.02062599593294274,-44.40047791098563,0.0,0.0,396.72026759166306,395.9936987233222,396.6846102998001,397.6866850092483,396.11508408129254,396.5823246351643,397.0018597895346,96.0,396.7920922123494,1.1064083970032246,1,1.5383767444688012,0.20708712467355983
283.75,0.0,396.7892633695463,1.1065033779252693,96.0,391.231660283697,400.0000000000006,520491.7692834764,308.2307165236085,1.5164327435621874,-1.0365846208060248e-05,3.1808520941465385e-08,1.1102230246251565e-15,2.862293735361732e-17,1.6519231494944653,0.020625944824925614,-44.40047791098563,0.0,0.0,396.7175647228739,395.9909309457652,396.68196995217187,397.68379537876194,396.11252917071994,396.57956226513943,396.99896447395327,96.0,396.7892633695463,1.1065033779252693,1,1.5383767444688012,0.207124593236008
284.0,0.0,396.78643452674334,1.106598238051078,96.0,391.2277694367418,400.0000000000006,520491.49771456735,308.50228543269725,1.5164063401842176,-1.0370796701408835e-05,3.182371197056117e-08,1.4173059888831766e-15,4.163336342344337e-17,1.6519161450056745,0.02062589374255589,-44.40047791098563,0.0,0.0,396.7148611256495,395.9881632953928,396.67932760034773,397.6809088425959,396.1099724101406,396.5768001196161,396.9960689338706,96.0,396.78643452674334,1.106598238051078,1,1.5383767444688012,0.20716204656236878
284.25,0.0,396.7836056839404,1.1066929922841935,96.0,391.22386605158005,400.0000000000006,520491.2261456583,308.77385434178007,1.5163799656611925,-1.0375747649504774e-05,3.183890439508965e-08,1.4173059888831766e-15,4.163336342344337e-17,1.6519091595158224,0.020625842684525955,-44.40047791098563,0.0,0.0,396.7121566783525,395.9853957091505,396.67668321942995,397.67802543209604,396.1074137918781,396.5740382003894,396.9931731674914,96.0,396.7836056839404,1.1066929922841935,1,1.5383767444688012,0.2071994846502302
284.5,0.0,396.7807768411374,1.1067876549789164,96.0,391.21995008906794,400.0000000000007,520490.95457674924,309.0454232508574,1.5163536199656835,-1.0380699166034901e-05,3.1854098563908995e-08,1.3322676295501878e-15,4.163336342344337e-17,1.6519021929870823,0.02062579164987301,-44.40047791098563,0.0,0.0,396.7094512652487,395.98262812675574,396.6740367955195,397.6751451731431,396.1048533104815,396.57127650925696,396.99027717301806,96.0,396.7807768411374,1.1067876549789164,1,1.5383767444688012,0.20723690743545076
284.75,0.0,396.7779479983347,1.1068822399253981,96.0,391.21602151585057,400.0000000000007,520490.6830078401,309.3169921599268,1.5163273030705735,-1.038570752598389e-05,3.186946716181429e-08,1.3322676295501882e-15,4.163336342344337e-17,1.6518952453812934,0.020625740637867627,-44.40047791098563,0.0,0.0,396.7067447786109,395.9798604909632,396.6713883253526,397.67226808656534,396.1022909627639,396.56851504801443,396.987380948655,96.0,396.7779479983347,1.1068822399253981,1,1.5383767444688012,0.20727431489717962
285.0,0.0,396.77511915553197,1.1069767603395386,96.0,391.2120803042106,400.0000000000007,520490.411438931,309.58856106898725,1.5163010149491785,-1.0390714692221081e-05,3.188483209670877e-08,1.3322676295501884e-15,4.163336342344337e-17,1.651888316660487,0.020625689647977796,-44.40047791098563,0.0,0.0,396.70403712050694,395.9770927478586,396.6687378157819,397.66939418853843,396.09972674781596,396.5657538184332,396.98448449263077,96.0,396.77511915553197,1.1069767603395386,1,1.5383767444688012,0.20731170698464044
285.25,0.0,396.77229031272935,1.1070712283584734,96.0,391.20812643193506,400.0000000000007,520490.13987002196,309.8601299780415,1.516274755575305,-1.0395666379281465e-05,3.190002678881537e-08,1.4173059888831793e-15,4.163336342344337e-17,1.6518814067872216,0.020625638679837813,-44.40047791098563,0.0,0.0,396.70132820448396,395.97432484715983,396.6660854531975,397.66652349091265,396.0971606669509,396.562992821832,396.9815878036267,96.0,396.77229031272935,1.1070712283584734,1,1.5383767444688012,0.20734908339876315
285.5,0.0,396.76946146992674,1.1071656522598758,96.0,391.2041598822556,400.0000000000007,520489.868301113,310.131698887088,1.516248524923232,-1.04004997751872e-05,3.1914858493994094e-08,1.4173059888831793e-15,4.163336342344337e-17,1.6518745157247008,0.02062558773322088,-44.40047791098563,0.0,0.0,396.698617956097,395.97155674250143,396.6634327055527,397.66365600165483,396.0945927237141,396.5602320562061,396.9786908836475,96.0,396.76946146992674,1.1071656522598758,1,1.5383767444688012,0.207386444122469
285.75,0.0,396.7666326271242,1.1072600433325381,96.0,391.20018064375597,400.0000000000006,520489.59673220397,310.4032677961298,1.5162223229676852,-1.0405449188510829e-05,3.193004620893725e-08,1.3322676295501878e-15,4.163336342344337e-17,1.6518676434368333,0.020625536808014686,-44.40047791098563,0.0,0.0,396.6959063135492,395.9687883917456,396.66077948608023,397.6607917251901,396.09202292379126,396.55747152385993,396.97579373038866,96.0,396.7666326271242,1.1072600433325381,1,1.5383767444688012,0.20742378913707693
286.0,0.0,396.76380378432185,1.1073544122621868,96.0,391.1961887103023,400.0000000000006,520489.32516329485,310.67483670516276,1.5161961496837923,-1.0410456070530927e-05,3.194541027168631e-08,1.4173059888831766e-15,4.163336342344337e-17,1.651860789888199,0.02062548590420082,-44.40047791098563,0.0,0.0,396.6931932279972,395.96601975737804,396.65812567702824,397.65793066271823,396.0894512749154,396.5547112270742,396.9728963415694,96.0,396.76380378432185,1.1073544122621868,1,1.5383767444688012,0.20746111842250495
286.25,0.0,396.76097494151946,1.10744876913019,96.0,391.1921840810187,400.0000000000006,520489.05359438586,310.9464056141879,1.5161700050470104,-1.0415350288894842e-05,3.1960428615987e-08,1.3322676295501878e-15,4.163336342344337e-17,1.6518539550439477,0.020625435021837356,-44.40047791098563,0.0,0.0,396.690478663561,395.9632508067914,396.6554711359032,397.65507281251877,396.0868777867053,396.5519511680937,396.9699987149452,96.0,396.76097494151946,1.10744876913019,1,1.5383767444688012,0.20749843192398454
286.5,0.0,396.7581460987172,1.1075431234250661,96.0,391.1881667602442,400.0000000000006,520488.7820254768,311.21797452320527,1.5161438890330552,-1.042030231701574e-05,3.1975624354668114e-08,1.4173059888831793e-15,4.163336342344337e-17,1.6518471388696534,0.02062538416104403,-44.40047791098563,0.0,0.0,396.6877625970252,395.96048151250875,396.65281570256496,397.6522181702236,396.0843024705055,396.54919134911125,396.96710084832307,96.0,396.7581460987172,1.1075431234250661,1,1.5383767444688012,0.20753572957895886
286.75,0.0,396.75531725591503,1.1076374841124017,96.0,391.1841367574258,400.0000000000006,520488.51045656786,311.489543432215,1.5161178016178236,-1.04251363950425e-05,3.199045815299587e-08,1.1102230246251565e-15,3.382710778154774e-17,1.6518403413311467,0.020625333321990034,-44.40047791098563,0.0,0.0,396.6850450172558,395.95771185233343,396.6501592068299,397.64936672904827,396.0817253392996,396.54643177224216,396.96420273958785,96.0,396.75531725591503,1.1076374841124017,1,1.5383767444688012,0.20757301136494613
287.0,0.0,396.75248841311287,1.1077318590508918,96.0,391.18009408705063,400.0000000000006,520488.2388876588,311.76111234121913,1.5160917429044092,-1.0430089446344937e-05,3.200565703140053e-08,1.3322676295501882e-15,4.163336342344337e-17,1.6518335628299174,0.020625282504883664,-44.40047791098563,0.0,0.0,396.68232592442695,395.95494180949817,396.64750147623874,397.6465184800217,396.0791464051603,396.5436724394963,396.9613043867294,96.0,396.75248841311287,1.1077318590508918,1,1.5383767444688012,0.20761027725853468
287.25,0.0,396.74965957031077,1.1078262560820296,96.0,391.1760387685911,400.0000000000007,520487.96731874987,312.03268125021464,1.5160657133170796,-1.0434924831770331e-05,3.202049484159726e-08,1.4173059888831793e-15,4.163336342344337e-17,1.6518268048860052,0.020625231710223426,-44.40047791098563,0.0,0.0,396.679605329059,395.95217137277086,396.6448423436745,397.64367341219514,396.07656569412023,396.5409133527569,396.95840578786465,96.0,396.74965957031077,1.1078262560820296,1,1.5383767444688012,0.2076475272355062
287.5,0.0,396.7468307275089,1.1079206819667673,96.0,391.17197082644884,400.0000000000007,520487.69574984093,312.30425015920423,1.5160397127002017,-1.0439759762448375e-05,3.203533125636131e-08,1.3322676295501878e-15,4.163336342344337e-17,1.6518200670603493,0.020625180939316538,-44.40047791098563,0.0,0.0,396.6768832509096,395.94940053653687,396.64218165453246,397.6408315128303,396.07398322517395,396.53815451376477,396.9555069412529,96.0,396.7468307275089,1.1079206819667673,1,1.5383767444688012,0.20768476127094057
287.75,0.0,396.7440018847069,1.1080151426883462,96.0,391.16789028989507,400.0000000000007,520487.4241809319,312.57581906818666,1.5160137409490582,-1.0444709346302261e-05,3.2050519494591725e-08,1.4173059888831766e-15,4.163336342344337e-17,1.6518133490705675,0.02062513019243083,-44.40047791098563,0.0,0.0,396.6741597177662,395.94662930083354,396.63951927318885,397.6379927675712,396.07139901622213,396.5353959241049,396.9526078453091,96.0,396.7440018847069,1.1080151426883462,1,1.5383767444688012,0.20772197933930578
288.0,0.0,396.7411730419051,1.1081096436010978,96.0,391.16379719300545,400.0000000000006,520487.1526120228,312.8473879771625,1.5159877979886671,-1.0449659839650849e-05,3.206571052368752e-08,1.4802973661668755e-15,4.163336342344337e-17,1.6518066507230982,0.020625079469863878,-44.40047791098563,0.0,0.0,396.6714347641703,395.9438576713517,396.6368550885529,397.6351571605977,396.0688130858668,396.5326375851942,396.94970849861596,96.0,396.7411730419051,1.1081096436010978,1,1.5383767444688012,0.20775918141453542
288.25,0.0,396.73834419910344,1.1082041895041095,96.0,391.15969157459193,400.0000000000007,520486.8810431139,313.11895688613095,1.5159618837614672,-1.0454494145051285e-05,3.208054501973162e-08,1.3322676295501882e-15,4.163336342344337e-17,1.6517999718758651,0.02062502877193113,-44.40047791098563,0.0,0.0,396.66870843011685,395.94108565939786,396.63418901853953,397.6323246747628,396.06622545336757,396.5298794982727,396.946808899934,96.0,396.73834419910344,1.1082041895041095,1,1.5383767444688012,0.2077963674700969
288.5,0.0,396.7355153563017,1.1082987847137065,96.0,391.1555734781268,400.0000000000007,520486.609474205,313.3905257950909,1.5159359982201788,-1.0459269901730295e-05,3.209519985381718e-08,1.4173059888831793e-15,4.163336342344337e-17,1.6517933124168258,0.020624978098957174,-44.40047791098563,0.0,0.0,396.6659807597661,395.9383132818213,396.6315210133477,397.629495291701,396.06363613848373,396.52712166439545,396.9439090482079,96.0,396.7355153563017,1.1082987847137065,1,1.5383767444688012,0.20783353747905134
288.75,0.0,396.7326865135001,1.1083934407820617,96.0,391.1514429516623,400.0000000000007,520486.337905296,313.6620947040435,1.515910141323659,-1.0464162699008739e-05,3.2110213837390734e-08,1.1072703038149839e-15,3.252606517456513e-17,1.6517866722514083,0.02062492745126947,-44.40047791098563,0.0,0.0,396.6632518001975,395.9355405609089,396.62885105748006,397.62666899195096,396.06104516131654,396.5243640844285,396.9410089425716,96.0,396.7326865135001,1.1083934407820617,1,1.5383767444688012,0.20787069141410797
289.0,0.0,396.72985767069866,1.108488153624525,96.0,391.1473000476137,400.0000000000007,520486.06633638707,313.93366361298865,1.5158843130345105,-1.0468997686530201e-05,3.2125050426583865e-08,1.4173059888831793e-15,4.163336342344337e-17,1.651780051295142,0.020624876829194557,-44.40047791098563,0.0,0.0,396.6605216081051,395.9327675242412,396.62617917049204,397.6238457550722,396.0584525421678,396.521606758944,396.93810858245314,96.0,396.72985767069866,1.108488153624525,1,1.5383767444688012,0.20790782926963466
289.25,0.0,396.72702882789713,1.1085829258347788,96.0,391.1431448227106,400.00000000000074,520485.79476747813,314.2052325219282,1.515858513338054,-1.047383284458192e-05,3.213988753906425e-08,1.4173059888831793e-15,4.163336342344337e-17,1.651773449681481,0.02062482623305586,-44.40047791098563,0.0,0.0,396.65779023714236,395.9299942045216,396.62350540650766,397.6210255597315,396.0558583013981,396.51884968839687,396.9352079673974,96.0,396.72702882789713,1.1085829258347788,1,1.5383767444688012,0.20794495103648655
289.5,0.0,396.72419998509577,1.1086777754570027,96.0,391.1389773379852,400.00000000000074,520485.5231985692,314.4768014308586,1.5158327422380082,-1.0478667775259964e-05,3.21547239538283e-08,1.4173059888831766e-15,4.163336342344337e-17,1.651766867701493,0.02062477566307189,-44.40047791098563,0.0,0.0,396.65505774019573,395.92722063940505,396.62082985257575,397.6182083837673,396.0532624592905,396.51609287305655,396.932307097135,96.0,396.72419998509577,1.1086777754570027,1,1.5383767444688012,0.20798205668609668
289.75,0.0,396.72137114229446,1.1087727102002274,96.0,391.1347976586601,400.0000000000007,520485.25162966026,314.7483703397795,1.5158069996998877,-1.0483500716418348e-05,3.216955426357433e-08,1.4173059888831793e-15,4.163336342344337e-17,1.6517603051499756,0.020624725119357482,-44.40047791098563,0.0,0.0,396.6523241687057,395.9244468712765,396.618152625979,397.6153942042466,396.0506650359316,396.5133363130138,396.92940597157525,96.0,396.72137114229446,1.1087727102002274,1,1.5383767444688012,0.208019146189428
290.0,0.0,396.7185422994933,1.1088677183507274,96.0,391.13060585403855,400.0000000000007,520484.9800607514,315.01993924869305,1.5157812856886554,-1.0488276132036845e-05,3.218420805108538e-08,1.4173059888831766e-15,4.163336342344337e-17,1.6517537618720632,0.02062467460225724,-44.40047791098563,0.0,0.0,396.64958957197524,395.92167294700494,396.6154738706385,397.6125829975107,396.04806605110696,396.51058000818665,396.9265045908,96.0,396.7185422994933,1.1088677183507274,1,1.5383767444688012,0.20805621951790623
290.25,0.0,396.7157134566922,1.1089627939400848,96.0,391.1264019973855,400.0000000000007,520484.70849184244,315.29150815759976,1.515755600168072,-1.049311094902805e-05,3.2199044116991254e-08,1.4173059888831793e-15,4.163336342344337e-17,1.651747237733372,0.020624624112110624,-44.40047791098563,0.0,0.0,396.64685399664523,395.9188989176807,396.61279375277894,397.6097747392074,396.0454655242097,396.5078239583309,396.9236029550536,96.0,396.7157134566922,1.1089627939400848,1,1.5383767444688012,0.20809327664281027
290.5,0.0,396.7128846138912,1.1090579378422638,96.0,391.12218616580446,400.0000000000007,520484.43692293356,315.5630770665009,1.5157299431034343,-1.049788573936894e-05,3.221369598578236e-08,1.4173059888831793e-15,4.163336342344337e-17,1.6517407326200677,0.02062457364924523,-44.40047791098563,0.0,0.0,396.6441174863445,395.91612483833325,396.61011245603544,397.6069694043147,396.04286347416416,396.5050681630517,396.92070106473074,96.0,396.7128846138912,1.1090579378422638,1,1.5383767444688012,0.2081303175353104
290.75,0.0,396.71005577109025,1.109153151081264,96.0,391.1179584401075,400.0000000000007,520484.1653540247,315.8346459753913,1.5157043144603424,-1.0502660813926923e-05,3.22283487267189e-08,1.4173059888831793e-15,4.163336342344337e-17,1.6517342464261142,0.020624523214008404,-44.40047791098563,0.0,0.0,396.6413800815111,395.9133507676336,396.60743017619285,397.60416696715686,396.0402599193633,396.50231262181615,396.9177989203643,96.0,396.71005577109025,1.109153151081264,1,1.5383767444688012,0.20816734216650642
291.0,0.0,396.7072269282894,1.1092484344459586,96.0,391.11371890468115,400.0000000000007,520483.8937851158,316.106214884275,1.5156787142055657,-1.0507435376894136e-05,3.224299989779366e-08,1.4173059888831766e-15,4.163336342344337e-17,1.651727779058593,0.020624472806755594,-44.40047791098563,0.0,0.0,396.638641819383,395.9105767675824,396.6047471157483,397.6013674014113,396.037654877621,396.4995573339668,396.914896522612,96.0,396.7072269282894,1.1092484344459586,1,1.5383767444688012,0.20820435050746475
291.25,0.0,396.70439808548855,1.1093437884131454,96.0,391.109467647376,400.0000000000007,520483.62221620686,316.37778379314875,1.5156531423058157,-1.051226831805252e-05,3.22578302075397e-08,1.4173059888831793e-15,4.163336342344337e-17,1.651721330427344,0.020624422427791753,-44.40047791098563,0.0,0.0,396.63590273414525,395.90780290315547,396.6020634784629,397.5985706801666,396.0350483661458,396.49680229873576,396.91199387224145,96.0,396.70439808548855,1.1093437884131454,1,1.5383767444688012,0.20824134253144178
291.5,0.0,396.70156924268787,1.1094392131837023,96.0,391.10520475933606,400.0000000000006,520483.35064729804,316.6493527020158,1.5156275987277472,-1.0516984957575914e-05,3.227230363537587e-08,1.3322676295501878e-15,4.163336342344337e-17,1.6517149004442886,0.020624372077409088,-44.40047791098563,0.0,0.0,396.633162857226,395.9050292419872,396.59937946412083,397.5957767758946,396.03244040152026,396.4940475152453,396.90909097013053,96.0,396.70156924268787,1.1094392131837023,1,1.5383767444688012,0.2082783182112841
291.75,0.0,396.69874039988736,1.1095347087128804,96.0,391.10093033463323,400.0000000000006,520483.0790783892,316.9209216108748,1.5156020834380377,-1.0521702677124267e-05,3.228678037736468e-08,1.0870933782787992e-15,3.122502256758253e-17,1.6517084890233213,0.02062432175588876,-44.40047791098563,0.0,0.0,396.6304222175121,395.9022558539693,396.5966952636295,397.5929856604522,396.02983099974017,396.4912929825118,396.9061878172627,96.0,396.69874039988736,1.1095347087128804,1,1.5383767444688012,0.2083152775063394
292.0,0.0,396.6959115570867,1.1096302747269575,96.0,391.09664446949034,400.0000000000006,520482.8075094804,317.1924905197259,1.51557659640409,-1.05264194303345e-05,3.230125415405902e-08,1.4173059888831793e-15,4.163336342344337e-17,1.6517020960817796,0.020624271463503055,-44.40047791098563,0.0,0.0,396.62768084140293,395.89948281074066,396.5940110545961,397.59019730510045,396.02722017635216,396.4885386995429,396.9032844146306,96.0,396.6959115570867,1.1096302747269575,1,1.5383767444688012,0.2083522203449135
292.25,0.0,396.6930827142863,1.1097259107272897,96.0,391.0923472625805,400.0000000000006,520482.53594057146,317.4640594285702,1.5155511375929773,-1.0531253224144166e-05,3.231608708024135e-08,1.4173059888831793e-15,4.163336342344337e-17,1.6516957215382062,0.020624221200527978,-44.40047791098563,0.0,0.0,396.6249387542711,395.89671018558784,396.5913269974987,397.5874116804606,396.02460794633043,396.4857846652705,396.9003807633021,96.0,396.6930827142863,1.1097259107272897,1,1.5383767444688012,0.2083891467091393
292.5,0.0,396.69025387148594,1.1098216160005592,96.0,391.08803881524506,400.0000000000007,520482.26437166263,317.73562833740516,1.5155257069721098,-1.0535970943692519e-05,3.233056382223016e-08,1.417305988883182e-15,4.163336342344337e-17,1.6516893653137186,0.020624170967224454,-44.40047791098563,0.0,0.0,396.6221959809899,395.89393805308464,396.58864323252624,397.5846287565173,396.02199432404774,396.48303087856226,396.8974768644096,96.0,396.69025387148594,1.1098216160005592,1,1.5383767444688012,0.20842605658008515
292.75,0.0,396.6874250286857,1.1099172833170967,96.0,391.0837192313425,400.0000000000006,520481.9928027538,318.0071972462318,1.515500304509711,-1.0540688379023777e-05,3.234503969207353e-08,1.3322676295501878e-15,4.163336342344337e-17,1.6516830273331482,0.020624120763847942,-44.40047791098563,0.0,0.0,396.6194525467033,395.8911664887316,396.5859598771543,397.5818485026143,396.0193793233288,396.48027733822636,396.8945727191449,96.0,396.6874250286857,1.1099172833170967,1,1.5383767444688012,0.20846294993793868
293.0,0.0,396.6845961858855,1.110012823579024,96.0,391.07938861709346,400.0000000000007,520481.721233845,318.2787661550519,1.5154749301742692,-1.0545406496476062e-05,3.235951765506594e-08,1.417305988883182e-15,4.163336342344337e-17,1.6516767075235788,0.020624070590654343,-44.40047791098563,0.0,0.0,396.61670847759564,395.88839556853395,396.58327702448616,397.57907088744867,396.0167629574972,396.477524043096,396.89166832867494,96.0,396.6845961858855,1.110012823579024,1,1.5383767444688012,0.20849982676216872
293.25,0.0,396.68176734308537,1.1101083729610588,96.0,391.07504708092046,400.00000000000074,520481.44966493617,318.5503350638648,1.5154495839343767,-1.0550125296049373e-05,3.237399771120738e-08,1.1220339078658481e-15,3.2959746043559335e-17,1.6516704058138474,0.020624020447895415,-44.40047791098563,0.0,0.0,396.61396380153417,395.8856253686221,396.5805947423654,397.57629587906797,396.01414523943015,396.47477099201393,396.88876369415675,96.0,396.68176734308537,1.1101083729610588,1,1.5383767444688012,0.20853668703166828
293.5,0.0,396.6789385002853,1.1102040233379205,96.0,391.07069473328505,400.00000000000074,520481.17809602735,318.82190397266936,1.5154242657600576,-1.0554843072441145e-05,3.238847462762527e-08,1.417305988883182e-15,4.163336342344337e-17,1.6516641221387183,0.020623970335816155,-44.40047791098563,0.0,0.0,396.6112185691022,395.88285596518233,396.5779130732376,397.57352344486645,396.01152618159347,396.4720181834019,396.88585881716864,96.0,396.6789385002853,1.1102040233379205,1,1.5383767444688012,0.20857353072488097
293.75,0.0,396.67610965748537,1.1102997470238705,96.0,391.0663316865231,400.00000000000074,520480.9065271186,319.0934728814659,1.5153989756218633,-1.0559502413798327e-05,3.240277223094281e-08,1.4173059888831766e-15,4.163336342344337e-17,1.6516578564356719,0.020623920254662156,-44.40047791098563,0.0,0.0,396.6084728410181,395.8800874339187,396.57523203472215,397.5707535515801,396.0089057962279,396.46926561551936,396.88295369945126,96.0,396.67610965748537,1.1102997470238705,1,1.5383767444688012,0.20861035781560225
294.0,0.0,396.6732808146855,1.1103955422137293,96.0,391.06195805467024,400.00000000000074,520480.6349582098,319.36504179025656,1.5153737134893865,-1.0564162209902861e-05,3.2417071229693026e-08,1.417305988883182e-15,4.163336342344337e-17,1.6516516086396078,0.020623870204678416,-44.40047791098563,0.0,0.0,396.60572666820224,395.8773198494495,396.57255162082384,397.5679861652831,396.0062840953814,396.46651328679155,396.88004834257936,96.0,396.6732808146855,1.1103955422137293,1,1.5383767444688012,0.20864716827982513
294.25,0.0,396.6704519718857,1.1104914065748828,96.0,391.05757395328664,400.0000000000006,520480.363389301,319.636610699037,1.5153484793326122,-1.056888061157224e-05,3.243155006483086e-08,1.4173059888831793e-15,4.163336342344337e-17,1.651645378687473,0.020623820186105927,-44.40047791098563,0.0,0.0,396.6029801029425,395.87455328514125,396.56987180370925,397.5652212513854,396.00366109091533,396.4637611955773,396.877142748194,96.0,396.6704519718857,1.1104914065748828,1,1.5383767444688012,0.2086839620971683
294.5,0.0,396.66762312908594,1.1105873380395792,96.0,391.05317949928155,400.0000000000006,520480.0918203923,319.9081796078101,1.5153232731219155,-1.0573481802111928e-05,3.244566922719346e-08,1.4173059888831766e-15,4.163336342344337e-17,1.6516391665181667,0.02062377019918352,-44.40047791098563,0.0,0.0,396.6002331992315,395.87178781283467,396.5671925359581,397.5624587746299,396.0010367946052,396.4610093401653,396.87423691800655,96.0,396.66762312908594,1.1105873380395792,1,1.5383767444688012,0.2087207392470872
294.75,0.0,396.6647942862863,1.1106833346277332,96.0,391.0487748107374,400.0000000000007,520479.82025148347,320.1797485165754,1.5152980948279098,-1.0578200942745752e-05,3.2460150329909416e-08,1.4173059888831793e-15,4.163336342344337e-17,1.6516329720721856,0.020623720244148727,-44.40047791098563,0.0,0.0,396.5974860131612,395.8690235025787,396.5645137532141,397.5596986987274,395.99841121822465,396.4582577187671,396.87133085380555,96.0,396.6647942862863,1.1106833346277332,1,1.5383767444688012,0.2087574997089364
295.0,0.0,396.6619654434867,1.1107793940279458,96.0,391.0443600067317,400.0000000000006,520479.5486825747,320.45131742533266,1.5152729444214852,-1.0582860738850286e-05,3.2474449328659634e-08,1.4173059888831793e-15,4.163336342344337e-17,1.6516267952915877,0.020623670321235462,-44.40047791098563,0.0,0.0,396.5947386032331,395.86626042238004,396.56183537701884,397.5569409868999,395.9957843736264,396.45550632950966,396.8684245574638,96.0,396.6619654434867,1.1107793940279458,1,1.5383767444688012,0.20879424346202588
295.25,0.0,396.6591366006872,1.1108755137061148,96.0,391.03993520715716,400.0000000000006,520479.27711366594,320.722886334084,1.5152478218737675,-1.058752150129294e-05,3.2488751292704316e-08,1.2027416100105863e-15,2.7755575615628914e-17,1.651620636119811,0.020623620430675258,-44.40047791098563,0.0,0.0,396.59199103059746,395.8634986379698,396.5591573178833,397.55418560185905,395.9931562728231,396.4527551704273,396.86551803094716,96.0,396.6591366006872,1.1108755137061148,1,1.5383767444688012,0.20883097048567212
295.5,0.0,396.6563077578879,1.11097169102923,96.0,391.03550053254116,400.0000000000006,520479.00554475724,320.99445524282805,1.5152227271560583,-1.0592123828701006e-05,3.2502873943648635e-08,1.4173059888831766e-15,4.163336342344337e-17,1.6516144945014064,0.020623570572697245,-44.40047791098563,0.0,0.0,396.5892433592147,395.86073821259225,396.5564794784299,397.5514325056515,395.99052692806487,396.45000423945385,396.86261127632184,96.0,396.6563077578879,1.11097169102923,1,1.5383767444688012,0.20886768075924422
295.75,0.0,396.6534789150885,1.1110679232894565,96.0,391.031056103912,400.0000000000006,520478.73397584853,321.26602415156253,1.5151976602400072,-1.0596725417144626e-05,3.2516994327014834e-08,1.4173059888831793e-15,4.163336342344337e-17,1.6516083703825395,0.02062352074752863,-44.40047791098563,0.0,0.0,396.5864956559363,395.85797920680585,396.55380175647326,397.5486816596827,395.98789635191724,396.4472535344136,396.8597042957633,96.0,396.6534789150885,1.1110679232894565,1,1.5383767444688012,0.20890437425984498
296.0,0.0,396.65065007228924,1.1111642077153963,96.0,391.02660204262776,400.0000000000006,520478.46240693977,321.53759306028996,1.5151726210974685,-1.0601385781683348e-05,3.253129507005592e-08,1.3322676295501878e-15,4.163336342344337e-17,1.6516022637105223,0.02062347095539567,-44.40047791098563,0.0,0.0,396.5837479904985,395.85522167831215,396.55112404797507,397.5459330247204,395.98526455733344,396.44450305301433,396.85679709156415,96.0,396.65065007228924,1.1111642077153963,1,1.5383767444688012,0.2089410509642509
296.25,0.0,396.6478212294899,1.111260541482348,96.0,391.0221384701372,400.0000000000006,520478.190838031,321.80916196900944,1.515147609705424,-1.0606044895666855e-05,3.25455919756571e-08,1.3322676295501878e-15,4.163336342344337e-17,1.651596174452915,0.020623421196523033,-44.40047791098563,0.0,0.0,396.58100043542544,395.85246568181566,396.5484462498014,397.54318656082415,395.98263155772065,396.4417527928388,396.8538896661412,96.0,396.6478212294899,1.111260541482348,1,1.5383767444688012,0.20897771085267625
296.5,0.0,396.64499238669094,1.111356921721571,96.0,391.01766550780195,400.0000000000006,520477.9192691223,322.08073087772345,1.51512262603955,-1.0610646540953894e-05,3.255971253345239e-08,1.3322676295501878e-15,4.163336342344337e-17,1.6515901025722808,0.020623371471116207,-44.40047791098563,0.0,0.0,396.57825306585346,395.8497112689003,396.5457682622067,397.54044222733665,395.97999736700376,396.43900275133893,396.85098202204284,96.0,396.64499238669094,1.111356921721571,1,1.5383767444688012,0.20901435390555792
296.75,0.0,396.6421635438919,1.111453253969019,96.0,391.01318327671817,400.0000000000007,520477.6477002136,322.35229978642957,1.5150976700716752,-1.0615246537781786e-05,3.2573828032804186e-08,1.4173059888831793e-15,4.163336342344337e-17,1.6515840480166877,0.020623321779394983,-44.40047791098563,0.0,0.0,396.5755059592767,395.84695848792666,396.54308999099953,397.53769998287726,395.97736199968466,396.4362529258295,396.84807416195423,96.0,396.6421635438919,1.111453253969019,1,1.5383767444688012,0.2090509801035784
297.0,0.0,396.6393347010929,1.1115493576508189,96.0,391.00869189753655,400.0000000000006,520477.37613130495,322.62386869512864,1.5150727417738659,-1.0619790373311844e-05,3.258777119621906e-08,1.4173059888831793e-15,4.163336342344337e-17,1.6515780107353077,0.02062327212159357,-44.40047791098563,0.0,0.0,396.572759195217,395.84420738395306,396.54041127820886,397.534959783824,395.97472547089626,396.43350331368146,396.84516608850436,96.0,396.6393347010929,1.1115493576508189,1,1.5383767444688012,0.2090875894276866
297.25,0.0,396.636505858294,1.111645503833119,96.0,391.00419149028835,400.0000000000006,520477.10456239624,322.8954376038228,1.5150478411184014,-1.0624392871250166e-05,3.2601894370450636e-08,1.4173059888831766e-15,4.163336342344337e-17,1.6515719906783037,0.02062322249794476,-44.40047791098563,0.0,0.0,396.57001285482824,395.8414579986741,396.53773180067776,397.53222158213663,395.9720877964505,396.43075391257395,396.842257804014,96.0,396.636505858294,1.111645503833119,1,1.5383767444688012,0.20912418185911608
297.5,0.0,396.63367701549515,1.111741689580391,96.0,390.9996821742242,400.0000000000006,520476.83299348754,323.16700651250795,1.5150229680777483,-1.0628994346006948e-05,3.261601440495866e-08,1.4173059888831793e-15,4.163336342344337e-17,1.6515659877967441,0.020623172908679165,-44.40047791098563,0.0,0.0,396.56726702044125,395.83871037037187,396.5350513555197,397.52948533141756,395.96944899288036,396.42800471962636,396.8393493113642,96.0,396.63367701549515,1.111741689580391,1,1.5383767444688012,0.20916075737940218
297.75,0.0,396.63084817269646,1.1118379117691863,96.0,390.995164067629,400.0000000000006,520476.5614245789,323.4385754211877,1.5149981226245397,-1.0633537783633074e-05,3.262995634736993e-08,1.4173059888831766e-15,4.163336342344337e-17,1.6515600020425278,0.02062312335402476,-44.40047791098563,0.0,0.0,396.56452177506117,395.83596453390413,396.5323697593949,397.5267509846912,395.96680907747776,396.4252557317299,396.8364406136631,96.0,396.63084817269646,1.1118379117691863,1,1.5383767444688012,0.2091973159703968
298.0,0.0,396.6280193298979,1.1119341672788037,96.0,390.99063728765344,400.0000000000006,520476.2898556702,323.7101443298585,1.5149733047315619,-1.0638139372076694e-05,3.264407673073613e-08,1.3322676295501878e-15,4.163336342344337e-17,1.6515540333683292,0.020623073834206654,-44.40047791098563,0.0,0.0,396.5617772018249,395.83322052070685,396.5296868497712,397.5240184944004,395.9641680683226,396.4225069455515,396.83353171424415,96.0,396.6280193298979,1.1119341672788037,1,1.5383767444688012,0.20923385761428234
298.25,0.0,396.6251904870992,1.1120304529974268,96.0,390.98610195014885,400.0000000000006,520476.0182867615,323.981713238523,1.514948514371749,-1.0642740335242706e-05,3.265819519538239e-08,1.4173059888831793e-15,4.163336342344337e-17,1.6515480817275614,0.02062302434944703,-44.40047791098563,0.0,0.0,396.55903338343387,395.8304783588139,396.5270024857086,397.5212878123992,395.9615259843085,396.41975835753766,396.83062261666083,96.0,396.6251904870992,1.1120304529974268,1,1.5383767444688012,0.20927038229358375
298.5,0.0,396.6223616443008,1.1121267658252552,96.0,390.9815581695078,400.0000000000006,520475.7467178529,324.2532821471805,1.5149237515181704,-1.0647224257809285e-05,3.2671954510540667e-08,1.417305988883182e-15,4.163336342344337e-17,1.6515421470743035,0.020622974899965087,-44.40047791098563,0.0,0.0,396.5562904015686,395.8277380728962,396.5243165481294,397.51855888994885,395.95888284516064,396.4170099639212,396.82771332468025,96.0,396.6223616443008,1.1121267658252552,1,1.5383767444688012,0.20930688999117963
298.75,0.0,396.6195328015023,1.1122231026772897,96.0,390.9770060585073,400.0000000000006,520475.4751489442,324.5248510558308,1.5148990161440552,-1.0651826755747607e-05,3.268607768477224e-08,1.1102230246251567e-15,3.469446951953614e-17,1.651536229363356,0.020622925485977422,-44.40047791098563,0.0,0.0,396.5535483363006,395.82499968431773,396.521628939627,397.5158316777182,395.95623867144843,396.4142617607303,396.8248038422744,96.0,396.6195328015023,1.1122231026772897,1,1.5383767444688012,0.20934338069031255
299.0,0.0,396.61670395870397,1.1123194604858677,96.0,390.9724457281599,400.00000000000057,520475.2035800356,324.7964199644717,1.5148743082251332,-1.0656310223566834e-05,3.2699835604497827e-08,1.4173059888831793e-15,4.163336342344337e-17,1.651530328559062,0.020622876107698355,-44.40047791098563,0.0,0.0,396.5508072655105,395.822263211206,396.5189395838703,397.5131061257835,395.9535934845936,396.41151374379837,396.8218941736095,96.0,396.61670395870397,1.1123194604858677,1,1.5383767444688012,0.2093798543745975
299.25,0.0,396.6138751159056,1.1124159476571611,96.0,390.9678772875689,400.0000000000006,520474.9320111269,325.0679888731045,1.5148496277543817,-1.0660910675142077e-05,3.271395249928231e-08,1.4173059888831766e-15,4.163336342344337e-17,1.6515244446929132,0.020622826765379822,-44.40047791098563,0.0,0.0,396.54806726432344,395.81952866853663,396.5162484246644,397.51038218363146,395.95094730687157,396.4087659087768,396.8189843230345,96.0,396.6138751159056,1.1124159476571611,1,1.5383767444688012,0.20941631102803027
299.5,0.0,396.61104627310743,1.1125124565976623,96.0,390.96330084379025,400.0000000000007,520474.6604422183,325.339557781733,1.5148249747028648,-1.0665395507203357e-05,3.2727714605305965e-08,1.4802973661668755e-15,4.163336342344337e-17,1.6515185777108754,0.020622777459487766,-44.40047791098563,0.0,0.0,396.5453284046132,395.8167960682307,396.5135554247388,397.50765980016564,395.9483001614076,396.4060182511459,396.81607429506903,96.0,396.61104627310743,1.1125124565976623,1,1.5383767444688012,0.2094527506349945
299.75,0.0,396.60821743030937,1.1126089771950143,96.0,390.95871650170244,400.0000000000006,520474.3888733097,325.6111266903522,1.51480034904285,-1.0669879600300192e-05,3.2741474443751496e-08,1.4173059888831793e-15,4.163336342344337e-17,1.651512727563372,0.02062272819025481,-44.40047791098563,0.0,0.0,396.5425907545073,395.8140654192616,396.51086056432734,397.5049389237162,395.94565207216976,396.40327076622935,396.8131640943893,96.0,396.60821743030937,1.1126089771950143,1,1.5383767444688012,0.2094891731802678
300.0,0.0,396.6053885875113,1.1127055066032445,96.0,390.9541243638828,400.0000000000006,520474.11730440106,325.8826955989646,1.5147757507463817,-1.0674422583178966e-05,3.275541499073008e-08,1.0186886795097851e-15,2.992397996059992e-17,1.65150689420097,0.020622678957897544,-44.40047791098563,0.0,0.0,396.5398543779485,395.8113367277715,396.50816383960665,397.50221950205065,395.94300306395576,396.4005234492097,396.81025372581297,96.0,396.6053885875113,1.1127055066032445,0,0.0,0.20952557864902746
