time_s,gap_m,roi_mean_ppm,roi_std_ppm,roi_volume_m3,minimum_ppm,maximum_ppm,inventory_ppm_m3,deficit_ppm_m3,max_speed_m_s,budget_residual_ppm_m3,budget_fraction,divergence_s_inv,gcl_m3,max_courant,eddy_diffusivity_m2_s,source_umol_s,mouth_inflow_m3_s,mouth_outflow_m3_s,centre_low_ppm,centre_mid_ppm,centre_high_ppm,left_mid_ppm,right_mid_ppm,left_half_mean_ppm,right_half_mean_ppm,shell_volume_m3,shell_mean_ppm,shell_std_ppm,fans_on,fan_force_n,roi_mean_speed_m_s
0,0.0,400.00000000000006,5.684341886080802e-14,95.99999999999999,400.0,400.0,520799.9999999992,0.0,1.5,0.0,0.0,0.0,0.0,0.0,0.0,-44.40047791098563,0.0,0.0,400.0,399.99999999999994,400.0,400.0,400.0,400.00000000000006,400.00000000000006,95.99999999999999,400.00000000000006,5.684341886080802e-14,1,1.5383767444688012,0.0
0.5,0.0,399.9943423147968,0.04669058763110925,95.99999999999999,399.33614770683323,400.0000000000144,520799.45686221984,0.5431377795284016,1.5187286162816152,2.886492045384159e-08,8.857457541824418e-11,2.1170565300820964e-13,3.920475055707584e-15,5.4925613386178025,0.014562196641551834,-44.40047791098563,0.0,0.0,399.99991573355976,399.9989612132448,399.99999999606007,399.9999646580913,399.93120470052276,399.9953782906742,399.99330633891947,95.99999999999999,399.9943423147968,0.04669058763110925,1,1.5383767444688012,0.011364852355717197
1.0,0.0,399.9886846293165,0.09078068647005276,95.99999999999999,398.7036925948915,400.0000000000126,520798.9137244137,1.0862755856334207,1.5275635516726616,3.096790246459591e-08,9.50277627399497e-11,4.744495811850878e-15,8.786103355279407e-17,5.457030742173734,0.014259220272708633,-44.40047791098563,0.0,0.0,399.99899244330004,399.9898247773277,399.99999928425586,399.9997574243281,399.86834301066756,399.99070785456644,399.9866614040667,95.99999999999999,399.9886846293165,0.09078068647005276,1,1.5383767444688012,0.021912005379308475
1.5,0.0,399.98302694422574,0.13090130825781873,95.99999999999999,398.15332083276553,400.00000000001046,520798.370586645,1.629413354351676,1.5307390118150992,7.043656480298921e-08,2.1614086313943352e-10,5.058453655948372e-15,9.367506770274758e-17,5.438299778657266,0.014060539800421604,-44.40047791098563,0.0,0.0,399.9960242934552,399.9641672517709,399.99999154875337,399.99925611567653,399.8137190589248,399.98593910586465,399.98011478258695,95.99999999999999,399.98302694422574,0.13090130825781873,1,1.5383767444688012,0.031468990655224745
2.0,0.0,399.9773692588212,0.1667733114329192,95.99999999999999,397.63868431499134,400.00000000000864,520797.8274488462,2.1725511531852666,1.5307378965641834,7.987052885738422e-08,2.450898208185393e-10,5.8078541975703525e-15,1.0755285551056204e-16,5.429049077609623,0.013953377782069024,-44.40047791098563,0.0,0.0,399.99006250894234,399.9177799510564,399.9999561303793,399.9983597158985,399.7697188563818,399.9810105416146,399.9737279760278,95.99999999999999,399.9773692588212,0.1667733114329192,1,1.5383767444688012,0.04013305698318115
2.5,0.0,399.9717115734469,0.19925091175318282,95.99999999999999,397.1705555151052,400.0000000000078,520797.2843110502,2.7156889491182508,1.5309574929591185,9.209954043853941e-08,2.8261563040175793e-10,7.494005416219799e-15,1.3877787807814457e-16,5.425526040195921,0.013884527525621656,-44.40047791098563,0.0,0.0,399.9808229493813,399.8532598545185,399.99985228273977,399.99700407516815,399.73704979973127,399.975888759117,399.9675343877768,95.99999999999999,399.9717115734469,0.19925091175318282,1,1.5383767444688012,0.04808141906870817
3.0,0.0,399.9660538879335,0.2286925415825849,95.99999999999999,396.75081033387994,400.00000000000614,520796.74117324094,3.258826758407503,1.531793731678354,9.105504528150732e-08,2.794105041237045e-10,6.744604874597819e-15,1.249000902703301e-16,5.425523761383456,0.013838525175942312,-44.40047791098563,0.0,0.0,399.9686591131689,399.7757700087599,399.9996195871403,399.9951546715082,399.7151040758264,399.9705505969862,399.9615571788809,95.99999999999999,399.9660538879335,0.2286925415825849,1,1.5383767444688012,0.05543927915437024
3.5,0.0,399.9603962023392,0.25506804507055636,95.99999999999999,396.38737261945187,400.00000000000574,520796.1980354239,3.801964575462446,1.5318663318048307,8.221345204617592e-08,2.522792889834226e-10,6.0888794006786016e-15,1.1275702593849246e-16,5.42758031811003,0.013806861539871281,-44.40047791098563,0.0,0.0,399.9543309280354,399.69113209046725,399.99918156677984,399.9927351713208,399.7023660831051,399.96498370275583,399.9558087019226,95.99999999999999,399.9603962023392,0.25506804507055636,1,1.5383767444688012,0.062303603932752284
4.0,0.0,399.95473851676195,0.27893990577530386,95.99999999999999,396.08769262630966,400.00000000000495,520795.65489760845,4.345102390880225,1.534006495230562,7.500065013488211e-08,2.301461648720855e-10,8.02678236377918e-15,1.4864411784776266e-16,5.430675108776747,0.013784423495157393,-44.40047791098563,0.0,0.0,399.938823059466,399.6053675010573,399.99845205119544,399.9895972312155,399.6968290382781,399.9591797057479,399.95029732777607,95.99999999999999,399.95473851676195,0.27893990577530386,1,1.5383767444688012,0.06874044381076884
4.5,0.0,399.94908083114797,0.3004862473017342,95.99999999999999,395.8563928188475,400.0000000000047,520795.1117597896,4.888240209827859,1.5353353440439124,6.435018562456207e-08,1.9746426735855454e-10,1.0825325011398764e-14,2.0046898169256977e-16,5.434105740175108,0.013775446215012836,-44.40047791098563,0.0,0.0,399.9231624318344,399.5267881806186,399.99734107200965,399.98595649162894,399.6964304784143,399.9531088347622,399.94505282753363,95.99999999999999,399.94908083114797,0.3004862473017342,1,1.5383767444688012,0.07479284441883563
5.0,0.0,399.94342314550187,0.3200170921669415,95.99999999999999,395.69269263464184,400.00000000000455,520794.56862196745,5.43137803184898,1.5362834250228354,5.0445094323947615e-08,1.547952580996037e-10,1.2505621538316798e-14,2.3158558404290375e-16,5.437420921890928,0.01377682501785399,-44.40047791098563,0.0,0.0,399.90847942852287,399.4686099796827,399.99575959567716,399.9821071040279,399.6992963934497,399.9467651385837,399.94008115242,95.99999999999999,399.94342314550187,0.3200170921669415,1,1.5383767444688012,0.08050337527070645
5.5,0.0,399.9377654598059,0.3383322723121894,95.99999999999999,395.5908819586298,400.0000000000035,520794.0254841407,5.974515858653705,1.537086490221473,3.187952479777323e-08,9.782515694140241e-11,1.2722245132379401e-14,2.355971320811001e-16,5.440365298029418,0.013780410544080147,-44.40047791098563,0.0,0.0,399.8953968811966,399.42310843743013,399.9936316232206,399.97835551987896,399.70374253189175,399.94018076523366,399.9353501543783,95.99999999999999,399.9377654598059,0.3383322723121894,1,1.5383767444688012,0.08590314088724324
6.0,0.0,399.9321077742955,0.35524563001310216,95.99999999999999,395.4652008417026,400.0000000000031,520793.4823463317,6.517653667651311,1.5375172597342306,3.112606794530848e-08,9.551310758343683e-11,1.5160724238516548e-14,2.8075415256512137e-16,5.442827349721169,0.013784638307942609,-44.40047791098563,0.0,0.0,399.88447361180414,399.3876384098163,399.990902451783,399.97498126221205,399.70842480801684,399.9333596617001,399.930855886891,95.99999999999999,399.9321077742955,0.35524563001310216,1,1.5383767444688012,0.09101458035317314
6.5,0.0,399.9264500888397,0.37061666376896607,95.99999999999999,395.12301872970454,400.00000000000296,520792.9392085279,7.060791471410516,1.537706614883554,3.5550137056361564e-08,1.0908875709056526e-10,1.478309662183985e-14,2.7376104855258987e-16,5.444791384357534,0.013788631864870567,-44.40047791098563,0.0,0.0,399.8760559520433,399.35828758668794,399.98754329282764,399.9722007381828,399.7122078013199,399.92627753200446,399.926622645675,95.99999999999999,399.9264500888397,0.37061666376896607,1,1.5383767444688012,0.09586960195660478
7.0,0.0,399.92079240347664,0.3850359333193194,95.99999999999999,394.7752383797588,400.00000000000296,520792.3960707331,7.603929266262916,1.5377474745218846,4.8940573371680784e-08,1.5017850175800944e-10,1.2248015102134243e-14,2.2681509448396753e-16,5.446297599489428,0.013791994649829907,-44.40047791098563,0.0,0.0,399.87026477053803,399.332104800499,399.9835658400788,399.97016455857073,399.71431865747945,399.9189582471718,399.9226265597814,95.99999999999999,399.92079240347664,0.3850359333193194,1,1.5383767444688012,0.10049157811760213
7.5,0.0,399.9151347179662,0.3984102842339903,95.99999999999999,394.4350518480209,400.00000000000284,520791.85293292406,8.147067075252796,1.5377015630882345,4.8128908858302566e-08,1.4768783701602628e-10,1.4531344877388716e-14,2.690989792109022e-16,5.447412887896322,0.013794631229882087,-44.40047791098563,0.0,0.0,399.86707772364485,399.3021337608858,399.9790110679156,399.968994801222,399.7143518647167,399.9113890089741,399.9188804269584,95.99999999999999,399.9151347179662,0.3984102842339903,1,1.5383767444688012,0.10489884647940537
8.0,0.0,399.9094770324548,0.410256225794015,95.99999999999999,394.2144179258419,400.0000000000025,520791.309795115,8.690204884353959,1.5376078377747042,4.731804104096682e-08,1.4519961700670097e-10,1.5421258020564815e-14,2.8557885223268187e-16,5.44821145764127,0.013796606247833935,-44.40047791098563,0.0,0.0,399.86635790998207,399.27206178522067,399.9739545141989,399.9688449757503,399.7121149400728,399.9035681683698,399.91538589653976,95.99999999999999,399.9094770324548,0.410256225794015,1,1.5383767444688012,0.10908757042850727
8.5,0.0,399.903819346941,0.4210474817713467,95.99999999999999,394.01895964053716,400.0000000000021,520790.76665730565,9.233342693676866,1.5374897943408237,4.6155653521395834e-08,1.4163272752983207e-10,1.74118532092482e-14,3.22441726097189e-16,5.448763432611472,0.0137980494591016,-44.40047791098563,0.0,0.0,399.8678869463497,399.2420672589301,399.96849591730256,399.9697020915659,399.7080112384607,399.8955120808651,399.9121266130169,95.99999999999999,399.903819346941,0.4210474817713467,1,1.5383767444688012,0.11306126109443991
9.0,0.0,399.8981616614249,0.4313296207309529,95.99999999999999,393.83235244918825,400.00000000000205,520790.2235194961,9.776480503219735,1.5373609813717768,4.482080306900116e-08,1.3753662020617672e-10,1.604771003582694e-14,2.9717981547827677e-16,5.449129420429028,0.013799100845258566,-44.40047791098563,0.0,0.0,399.8714113407875,399.2133732557995,399.96274691248465,399.97013969671445,399.7025107702826,399.8872350690359,399.9090882538138,95.99999999999999,399.8981616614249,0.4313296207309529,1,1.5383767444688012,0.11682770046846987
9.5,0.0,399.8925039756044,0.44089905689600567,95.99999999999999,393.65968438843356,400.00000000000205,520789.6803816573,10.319618341985038,1.5372288532429919,1.4264456282830906e-08,4.377175266581065e-11,1.618236794564964e-14,2.9967348047499343e-16,5.449358834106889,0.013799882736904141,-44.40047791098563,0.0,0.0,399.87661267870476,399.18562832899175,399.95687296060896,399.97092132332784,399.69513331906614,399.8787548389117,399.9062531122971,95.99999999999999,399.8925039756044,0.44089905689600567,1,1.5383767444688012,0.12039379998656465
10.0,0.0,399.8868462898213,0.4502035923248568,95.99999999999999,393.50526401550593,400.00000000000205,520789.1372438222,10.862756177164414,1.5370972901263136,-1.2622193068523302e-08,3.873232194349464e-11,1.720108430691702e-14,3.185385982762412e-16,5.449490340748592,0.013800491245193846,-44.40047791098563,0.0,0.0,399.88312802654343,399.1552301536122,399.95118467928233,399.9721394017551,399.6861648806188,399.87010494692305,399.90358763271956,95.99999999999999,399.8868462898213,0.4502035923248568,1,1.5383767444688012,0.1237715655371337
10.5,0.0,399.8811886040449,0.45949446760989626,95.99999999999999,393.3671941900355,400.000000000002,520788.59410598763,11.405894011691448,1.5369681579716301,-3.898417766379225e-08,1.1962641608943844e-10,1.8196381901258712e-14,3.369700352084948e-16,5.449553289154642,0.013800996561125045,-44.40047791098563,0.0,0.0,399.8905731371826,399.12086069736546,399.94580701973,399.9736877005234,399.6759735217158,399.86131173578815,399.90106547230175,95.99999999999999,399.8811886040449,0.45949446760989626,1,1.5383767444688012,0.12696731721670937
11.0,0.0,399.87553091830694,0.4688019684648235,95.99999999999999,393.24365588742995,400.000000000002,520788.05096815684,11.949031842536904,1.5368422212775692,-6.156198217865949e-08,1.889084171252088e-10,1.6621469825506268e-14,3.078049967686347e-16,5.449569474519359,0.013801446770250489,-44.40047791098563,0.0,0.0,399.89879359799073,399.08336275966934,399.9406928936852,399.97546363672853,399.66494915421686,399.85240073098805,399.89866110562576,95.99999999999999,399.87553091830694,0.4688019684648235,1,1.5383767444688012,0.12998867634654107
11.5,0.0,399.8698732327106,0.4779296864567273,95.99999999999999,393.1329255804135,400.000000000002,520787.5078303395,12.492169659784608,1.53671967696315,-7.069518126456842e-08,2.169344507509836e-10,1.9098004427897657e-14,3.5366674866477155e-16,5.449554810417834,0.013801872740336717,-44.40047791098563,0.0,0.0,399.9072194260516,399.04365856722774,399.93586400556336,399.9763779439959,399.6534889922207,399.8434014931341,399.8963449722872,95.99999999999999,399.8698732327106,0.4779296864567273,1,1.5383767444688012,0.13284586349759162
12.0,0.0,399.8642155471769,0.48694506627118883,95.99999999999999,393.0329408428051,400.00000000000165,520786.9646925283,13.035307471022755,1.536600428160046,-7.366007359621563e-08,2.260324865434747e-10,1.873501354054951e-14,3.469446951953614e-16,5.449520750149852,0.01380229305620344,-44.40047791098563,0.0,0.0,399.915498433501,399.00184655578255,399.93132067777304,399.9769111675245,399.64194822578634,399.83433114144157,399.89409995291226,95.99999999999999,399.8642155471769,0.48694506627118883,1,1.5383767444688012,0.1355469188927763
12.5,0.0,399.8585578616793,0.4955611695477978,95.99999999999999,392.9417856664938,400.00000000000165,520786.4215547205,13.578445278790205,1.5364842887223686,-7.324516992923691e-08,2.2475931774327378e-10,2.1662359406260372e-14,4.0115480381963664e-16,5.449475427141717,0.013802717925116883,-44.40047791098563,0.0,0.0,399.9234336292122,398.96294758194153,399.9273992870791,399.9778182755896,399.63063885706345,399.8252222453348,399.8918934780238,95.99999999999999,399.8585578616793,0.4955611695477978,1,1.5383767444688012,0.1381010590408234
13.0,0.0,399.8529001761965,0.5039525034409786,95.99999999999999,392.8579876036972,400.00000000000165,520785.87841691414,14.121583085148021,1.5363710182954617,-7.13771211025005e-08,2.19027043789728e-10,2.1966803376294302e-14,4.0679265511656126e-16,5.449424572625973,0.013803152077423352,-44.40047791098563,0.0,0.0,399.9309649558964,398.9282753188409,399.9239839731472,399.97899774924696,399.61981051308186,399.8161035955193,399.8896967568736,95.99999999999999,399.8529001761965,0.5039525034409786,1,1.5383767444688012,0.1405138506709391
13.5,0.0,399.8472424907234,0.5119360094182495,95.99999999999999,392.7786670874105,400.0000000000016,520785.3352791088,14.664720890560053,1.5362603853954075,-6.851863254553336e-08,2.1025551744250828e-10,2.1919965842442928e-14,4.0592529337857286e-16,5.44937214962063,0.01380359687747421,-44.40047791098563,0.0,0.0,399.9380349456384,398.8984634614672,399.9206910731527,399.9803606109507,399.6096697053801,399.8069890759067,399.88749590554,95.99999999999999,399.8472424907234,0.5119360094182495,1,1.5383767444688012,0.14279146227986653
14.0,0.0,399.8415848052541,0.5193388832854076,95.99999999999999,392.7015946749067,400.0000000000016,520784.7921413037,15.20785869560989,1.5361521754960947,-6.537149310759105e-08,2.005982401968108e-10,2.295039158717315e-14,4.2500725161431774e-16,5.4493208489033576,0.01380405198154992,-44.40047791098563,0.0,0.0,399.9445816368623,398.87700250052785,399.91748510491857,399.9818186538157,399.6000328187427,399.7979056075242,399.8852640029841,95.99999999999999,399.8415848052541,0.5193388832854076,1,1.5383767444688012,0.14494016077950586
14.5,0.0,399.8359271197636,0.5263866263879499,95.99999999999999,392.6265662278689,400.0000000000016,520784.2490034966,15.750996502701577,1.5360461980823636,-6.426207654897098e-08,1.9719389682441588e-10,2.440235513656574e-14,4.518954654919582e-16,5.449272449375372,0.0138045160249853,-44.40047791098563,0.0,0.0,399.95056495298263,398.86126951326423,399.91452399848,399.9832899288864,399.5910034722645,399.7888671670969,399.8829870724301,95.99999999999999,399.8359271197636,0.5263866263879499,1,1.5383767444688012,0.14696504906673483
15.0,0.0,399.83026943427467,0.5332066704808638,95.99999999999999,392.5541759022689,400.0000000000014,520783.70586568967,16.294134309640505,1.5359422853169091,-6.297678822875241e-08,1.9324987531098617e-10,2.236492241403098e-14,4.141652298894627e-16,5.449228075446732,0.01380498702684717,-44.40047791098563,0.0,0.0,399.9559360211082,398.84349885947705,399.9119439272005,399.9847429584494,399.5830005943268,399.7799057317198,399.8806331368295,95.99999999999999,399.83026943427467,0.5332066704808638,1,1.5383767444688012,0.14886989071299778
15.5,0.0,399.82461174889056,0.5394528269041612,95.99999999999999,392.48430539947407,400.0000000000014,520783.16272789286,16.837272106507598,1.535840297954003,-5.1563478820071396e-08,1.5822712038576242e-10,2.723602593457385e-14,5.043708506402567e-16,5.44918837959529,0.013805462799168545,-44.40047791098563,0.0,0.0,399.960713259416,398.818264309352,399.9095334765336,399.98580973658727,399.57593529707935,399.7710336300595,399.8781898677217,95.99999999999999,399.82461174889056,0.5394528269041612,1,1.5383767444688012,0.1506570175439835
16.0,0.0,399.81895406365663,0.545070410240842,95.99999999999999,392.4166040421371,400.0000000000014,520782.6195901104,17.380409888967122,1.5357401185902373,-2.583415437129588e-08,7.927440016285822e-11,2.7517051137682093e-14,5.095750210681871e-16,5.449153684893975,0.013805941431047372,-44.40047791098563,0.0,0.0,399.9648964160742,398.7922688094464,399.907277552453,399.9867105298682,399.569991598576,399.76224873758156,399.87565938973177,95.99999999999999,399.81895406365663,0.545070410240842,1,1.5383767444688012,0.15233156945091295
16.5,0.0,399.8132963782444,0.5505700261307978,95.99999999999999,392.35057337397876,400.0000000000014,520782.0764523108,17.923547688544282,1.5356416462954137,-1.7217086423215733e-08,5.283216083391597e-11,2.3547570143778167e-14,4.360661137736699e-16,5.44912408333285,0.013806421238900395,-44.40047791098563,0.0,0.0,399.96852431791376,398.76839891334936,399.9051666110629,399.9876282157953,399.56539090092963,399.7535517474853,399.8730410090035,95.99999999999999,399.8132963782444,0.5505700261307978,1,1.5383767444688012,0.15390043565092312
17.0,0.0,399.8076386925748,0.5559763689682233,95.99999999999999,392.2865589220864,400.0000000000014,520781.5333144865,18.466685512822384,1.5355448392845663,-3.3277338218340446e-08,1.0211447173229722e-10,2.916807420594302e-14,5.401495223322783e-16,5.449099556453476,0.013806900581554121,-44.40047791098563,0.0,0.0,399.9716574737604,398.7455202768075,399.903224069014,399.9885654757674,399.56227105653625,399.74494406339386,399.87033332175577,95.99999999999999,399.8076386925748,0.5559763689682233,1,1.5383767444688012,0.15537198636666213
17.5,0.0,399.80198100677796,0.5612640174790234,95.99999999999999,392.22477920705904,400.0000000000014,520780.99017665,19.00982334931379,1.5354497381868821,-6.156119880529332e-08,1.88906013274368e-10,3.05380720710957e-14,5.655198531684391e-16,5.449080080823988,0.013807378228182,-44.40047791098563,0.0,0.0,399.9743912003608,398.72373077147233,399.9012069485374,399.9894719958199,399.5606652904038,399.7364213683039,399.8675406452522,95.99999999999999,399.80198100677796,0.5612640174790234,1,1.5383767444688012,0.1567576247341388
18.0,0.0,399.79632332132746,0.5664149314803147,95.99999999999999,392.1721405420537,400.0000000000014,520780.44703884673,19.552961152572678,1.5353563083054629,-5.6609280818520347e-08,1.7371061254961013e-10,2.8945595920149e-14,5.360295540768334e-16,5.449065474223693,0.013807853875427416,-44.40047791098563,0.0,0.0,399.97670334803513,398.7028582645544,399.8991398006293,399.99039552145797,399.5605902400715,399.7279811377937,399.86466550486114,95.99999999999999,399.79632332132746,0.5664149314803147,1,1.5383767444688012,0.15806527705747309
18.5,0.0,399.7906656357734,0.5709868131647916,95.99999999999999,392.20486350220347,400.0000000000013,520779.90390103357,20.096098965762973,1.5352643961771113,-6.155255150019912e-08,1.8887947824966714e-10,3.002285919873059e-14,5.559788740505667e-16,5.44905536003369,0.013808327083364111,-44.40047791098563,0.0,0.0,399.9784546824619,398.6827263886298,399.8971166108313,399.99132969530257,399.56204537555135,399.71962043760846,399.86171083393833,95.99999999999999,399.7906656357734,0.5709868131647916,1,1.5383767444688012,0.1592958209547966
19.0,0.0,399.7850079500627,0.5751071885656522,95.99999999999999,392.3063282948294,400.00000000000125,520779.36076320533,20.63923679398711,1.5351740776447413,-8.157092423743961e-08,2.5030763526124307e-10,3.30438801321442e-14,6.119237061508187e-16,5.449049597247976,0.013808796659641059,-44.40047791098563,0.0,0.0,399.9798635971858,398.66341032218054,399.895075184609,399.99222144666976,399.56492872189904,399.7113283062879,399.85868759383754,95.99999999999999,399.7850079500627,0.5751071885656522,1,1.5383767444688012,0.16045164078467866
19.5,0.0,399.7793502640899,0.5792531331559826,95.99999999999999,392.39729920594624,400.00000000000125,520778.81762535195,21.18237464737289,1.5350851896715523,-1.2673307381305676e-07,3.8889170757948647e-10,3.475345011771934e-14,6.435824095873954e-16,5.44904774561656,0.013809263141791307,-44.40047791098563,0.0,0.0,399.98103318644473,398.64609994909296,399.8932061092979,399.9930503398293,399.569072175237,399.7031022788072,399.8555982493727,95.99999999999999,399.7793502640899,0.5792531331559826,1,1.5383767444688012,0.1615367710619618
20.0,0.0,399.77369257820317,0.58340684198162,95.99999999999999,392.47727671667735,400.00000000000125,520778.27448750683,21.72551249249768,1.5349976731860342,-1.6363064503366331e-07,5.021151862326102e-10,3.409772464380011e-14,6.314393452555578e-16,5.449049487632557,0.013809725206522216,-44.40047791098563,0.0,0.0,399.9820242933503,398.6300885039881,399.8913492990134,399.99382583662083,399.5741747495123,399.6949384119847,399.8524467444218,95.99999999999999,399.77369257820317,0.58340684198162,1,1.5383767444688012,0.16255396560287966
20.5,0.0,399.7680348924781,0.5874578434260442,95.99999999999999,392.54650786116986,400.00000000000125,520777.7313496772,22.268650322109703,1.5349114671313144,-1.8504713850120424e-07,5.67833601042327e-10,3.641618256944311e-14,6.743737512859838e-16,5.449054506673798,0.013810181950261315,-44.40047791098563,0.0,0.0,399.9828709573074,398.6157214397632,399.88939916004745,399.9945412669446,399.58004747419625,399.68683755141143,399.84923223354485,95.99999999999999,399.7680348924781,0.5874578434260442,1,1.5383767444688012,0.16350498533682134
21.0,0.0,399.7623772066893,0.5914129427691933,95.99999999999999,392.60554885118046,400.0000000000012,520777.1882118415,22.811788157841,1.534826614583278,-2.1251666026955718e-07,6.521262714990114e-10,3.7961821186538445e-14,7.029966886396011e-16,5.449062620585997,0.01381063246672357,-44.40047791098563,0.0,0.0,399.9835899476873,398.602736887263,399.8875328627884,399.99519932546286,399.5865021539991,399.6787895055441,399.8459649078344,95.99999999999999,399.7623772066893,0.5914129427691933,1,1.5383767444688012,0.16438999158684647
21.5,0.0,399.7567195209939,0.5952993142152737,95.99999999999999,392.65533469177836,400.0000000000012,520776.6450740147,23.354925984589244,1.534742998683591,-2.3108109203917593e-07,7.090928813500391e-10,3.824284638964669e-14,7.082008590675315e-16,5.449073465904872,0.013811076798883106,-44.40047791098563,0.0,0.0,399.9841897171745,398.5910344369057,399.88583631080894,399.9957987116669,399.5933380809954,399.6707851962897,399.8426538456981,95.99999999999999,399.7567195209939,0.5952993142152737,1,1.5383767444688012,0.16521151065587816
22.0,0.0,399.7510618353918,0.5992110822172568,95.99999999999999,392.6969019770586,400.0000000000012,520776.1019361969,23.898063802403293,1.534660576436312,-2.4067915660452854e-07,7.385453960407511e-10,3.716558311106509e-14,6.882515390937982e-16,5.449086774089959,0.013811514000650157,-44.40047791098563,0.0,0.0,399.984662670781,398.58058623651425,399.8844023749262,399.9963370924625,399.60045981600354,399.66281553089925,399.83930813988434,95.99999999999999,399.7510618353918,0.5992110822172568,1,1.5383767444688012,0.16597388755931225
22.5,0.0,399.7454041498904,0.6032116248765576,95.99999999999999,392.7307321402464,400.0000000000012,520775.55879838875,24.441201610534627,1.5345792987891256,-2.4061622738713595e-07,7.383522921407814e-10,4.1357542390763045e-14,7.658804146437603e-16,5.449102276017989,0.013811943898909274,-44.40047791098563,0.0,0.0,399.98500950425915,398.57118504464506,399.88316389619234,399.9968148159188,399.60503917243426,399.65488201112595,399.83592628865483,95.99999999999999,399.7454041498904,0.6032116248765576,1,1.5383767444688012,0.16667959554366524
23.0,0.0,399.73974646450694,0.6071699500080847,95.99999999999999,392.7584692570811,400.0000000000012,520775.01566059195,24.984339407337856,1.5344991254316414,-2.2920337272580582e-07,7.033309326482452e-10,4.1123354721506176e-14,7.615436059538183e-16,5.449119732162481,0.013812366125302601,-44.40047791098563,0.0,0.0,399.98524047509557,398.5629481327537,399.881836680366,399.9972349308835,399.6091160251748,399.64698099642334,399.8325119325907,95.99999999999999,399.73974646450694,0.6071699500080847,1,1.5383767444688012,0.1673311060662222
23.5,0.0,399.73408877895497,0.6109485828902389,95.99999999999999,392.7804085460926,400.0000000000012,520774.472522779,25.527477220333346,1.5344200162053265,-2.3391188008758945e-07,7.177794062233095e-10,4.163856759387129e-14,7.710845850716908e-16,5.449138924991488,0.013812780181076519,-44.40047791098563,0.0,0.0,399.9853740421679,398.5558572062532,399.88037466344394,399.9976054880354,399.61266051717723,399.6391065507971,399.8290710071129,95.99999999999999,399.73408877895497,0.6109485828902389,1,1.5383767444688012,0.16793166362592665
24.0,0.0,399.72843109329756,0.6146641899426181,95.99999999999999,392.79733300662883,400.0000000000012,520773.92938495585,26.07061504344407,1.534341933603067,-2.488698243041654e-07,7.63679188286858e-10,4.44722383918794e-14,8.235599702199892e-16,5.449159658659849,0.013813185497976926,-44.40047791098563,0.0,0.0,399.98543763895407,398.55070533484303,399.8787847588376,399.9979219256953,399.6156064654576,399.63125882418086,399.82560336241437,95.99999999999999,399.72843109329756,0.6146641899426181,1,1.5383767444688012,0.1684845927311918
24.5,0.0,399.72277340769585,0.618333752177459,95.99999999999999,392.8101826906038,400.0000000000012,520773.3862471381,26.613752861205075,1.5342648437457371,-2.584138876216002e-07,7.929659953459131e-10,4.1521473759242854e-14,7.689161807267197e-16,5.449181753503111,0.013813581528987363,-44.40047791098563,0.0,0.0,399.98556271851476,398.5489981364951,399.8769941518484,399.9981777780758,399.61781408765023,399.6234273919425,399.8221194234492,95.99999999999999,399.72277340769585,0.618333752177459,1,1.5383767444688012,0.1689937117623727
25.0,0.0,399.7171157220645,0.6221299799690457,95.99999999999999,392.8198720407671,400.0000000000012,520772.84310931753,27.156890681812953,1.5341887777129404,-2.707503270471534e-07,8.308214568234047e-10,4.093600458610068e-14,7.580741590018647e-16,5.449205122390142,0.013813967806973929,-44.40047791098563,0.0,0.0,399.985630227949,398.55020954675877,399.87499313565297,399.9983016810928,399.61934381111666,399.6156088335275,399.81862261060155,95.99999999999999,399.7171157220645,0.6221299799690457,1,1.5383767444688012,0.16946271802497195
25.5,0.0,399.71145803646556,0.6259747765234965,95.99999999999999,392.82708935557156,400.0000000000012,520772.2999715,27.70002849931763,1.5341136765935177,-2.8005883123682906e-07,8.593854297502637e-10,4.222403676701346e-14,7.819266067965458e-16,5.449229580782428,0.013814344518458416,-44.40047791098563,0.0,0.0,399.98561079729393,398.55318196983757,399.87284661499154,399.99834382858995,399.62033507023096,399.6078014503107,399.8151146226205,95.99999999999999,399.71145803646556,0.6259747765234965,1,1.5383767444688012,0.16989391785333918
26.0,0.0,399.70580035089495,0.6298510047976044,95.99999999999999,392.832637938569,400.0000000000012,520771.7568336853,28.243166314100172,1.534039509699893,-2.865740498236846e-07,8.793779573933107e-10,4.480010112883902e-14,8.29631502385908e-16,5.449254995013259,0.013814711299146187,-44.40047791098563,0.0,0.0,399.9855316173941,398.5566272426664,399.8705062570111,399.99836210627564,399.6209892689597,399.6000007032493,399.81159999854054,95.99999999999999,399.70580035089495,0.6298510047976044,1,1.5383767444688012,0.1702890314968271
26.5,0.0,399.7001426653494,0.6337620096547841,95.99999999999999,392.8363857151128,400.00000000000114,520771.21369587287,28.786304126471038,1.5339662475102191,-2.9076232621605413e-07,8.92230055973718e-10,4.6415996046711415e-14,8.595554823465079e-16,5.449281226415015,0.013815067671727795,-44.40047791098563,0.0,0.0,399.98540746053993,398.55939210930154,399.8679432168464,399.99835884714247,399.6214255388818,399.5922041418029,399.8080811888959,95.99999999999999,399.7001426653494,0.6337620096547841,1,1.5383767444688012,0.1706499649422556
27.0,0.0,399.69448497982364,0.6376535668377092,95.99999999999999,392.83880815115697,400.00000000000114,520770.6705580624,29.32944193694216,1.5338938662522859,-2.9302974979827923e-07,8.991878468815454e-10,4.515138263272432e-14,8.36136715420821e-16,5.449308146545816,0.013815413879398619,-44.40047791098563,0.0,0.0,399.9852518546081,398.5609111115858,399.8648260309185,399.9983347962446,399.62172390058157,399.5844126816228,399.80455727802456,95.99999999999999,399.69448497982364,0.6376535668377092,1,1.5383767444688012,0.1709789060242747
27.5,0.0,399.68882729431266,0.6415184987808297,95.99999999999999,392.84023852408734,400.0000000000012,520770.12742025335,29.87257974599946,1.533822343547612,-2.9384266397869396e-07,9.016823463379652e-10,4.484693866269039e-14,8.304988641238964e-16,5.449335639509649,0.0138157500474858,-44.40047791098563,0.0,0.0,399.9850562481674,398.5606237607319,399.86161067299554,399.9982932847634,399.6219296950716,399.57661449279595,399.8010400958293,95.99999999999999,399.68882729431266,0.6415184987808297,1,1.5383767444688012,0.1712783704156745
28.0,0.0,399.6831696088119,0.6452925217009767,95.99999999999999,392.8408923911795,400.00000000000125,520769.58428244526,30.41571755406036,1.533751655228508,-2.937224365950897e-07,9.013134179193532e-10,4.681411508444809e-14,8.669280571194093e-16,5.449363602761987,0.013816076139751061,-44.40047791098563,0.0,0.0,399.98480941065964,398.5578792735025,399.85842561526414,399.9982324515286,399.6220812817484,399.5688169976343,399.7975222199897,95.99999999999999,399.6831696088119,0.6452925217009767,1,1.5383767444688012,0.17155080898914127
28.5,0.0,399.67751192331826,0.6490790873195516,95.99999999999999,392.84044399582007,400.00000000000125,520769.04114463786,30.95885536145428,1.5336817759199826,-2.9290712788565543e-07,8.988115706376877e-10,4.442540085802803e-14,8.226926084820008e-16,5.449391950468862,0.01381639203841172,-44.40047791098563,0.0,0.0,399.9845155607225,398.55160619319605,399.85578482089124,399.99814949869386,399.6222272135966,399.5610134705795,399.7940103760569,95.99999999999999,399.67751192331826,0.6490790873195516,1,1.5383767444688012,0.1717982514291343
29.0,0.0,399.6718542378279,0.652864431051419,95.99999999999999,392.83916945630483,400.00000000000125,520768.4980068308,31.501993168521558,1.5336126802328496,-2.917389352319333e-07,8.952268675904156e-10,4.41209568879941e-14,8.170547571850761e-16,5.449420601032339,0.01381669657276602,-44.40047791098563,0.0,0.0,399.9841691367825,398.54347903142843,399.85283178444746,399.9980245281664,399.6223919453637,399.55320460326664,399.7905038723892,95.99999999999999,399.6718542378279,0.652864431051419,1,1.5383767444688012,0.17202265764575347
29.5,0.0,399.6661965523383,0.6566344550687238,95.99999999999999,392.8377049083476,400.00000000000125,520767.9548690238,32.04513097552945,1.5335443464853682,-2.905116289753096e-07,8.914607691955686e-10,4.3699419083331735e-14,8.092485015431805e-16,5.449449481785352,0.013816989473689941,-44.40047791098563,0.0,0.0,399.9836972773721,398.5332174282681,399.8493852800088,399.9978546647864,399.6226065408686,399.5453873020802,399.78700580259624,95.99999999999999,399.6661965523383,0.6566344550687238,1,1.5383767444688012,0.17222520230710686
30.0,0.0,399.66053886684836,0.660396104265182,95.99999999999999,392.8366428550624,400.00000000000125,520767.41173121677,32.58826878256506,1.5334767544707022,-2.8934207563224845e-07,8.878718907520515e-10,4.292659977478407e-14,7.949370328663719e-16,5.449478528653383,0.013817271066800696,-44.40047791098563,0.0,0.0,399.9830531285146,398.5211877953007,399.8453785727876,399.99763722796314,399.6228877353546,399.5375603254775,399.7835174082191,95.99999999999999,399.66053886684836,0.660396104265182,1,1.5383767444688012,0.1724073549052147
30.5,0.0,399.6548811812021,0.6641332598649549,95.99999999999999,392.8360859082954,400.00000000000125,520766.86859339476,33.1314066045995,1.5334098846743291,-3.031332553860011e-07,9.301913522991126e-10,4.526847646735276e-14,8.38305119765792e-16,5.449507685196102,0.013817541783832425,-44.40047791098563,0.0,0.0,399.9821958002648,398.50798691227726,399.84079050313164,399.9973684085778,399.6233720710559,399.5297251534538,399.7800372089504,95.99999999999999,399.6548811812021,0.6641332598649549,1,1.5383767444688012,0.17257053777915735
31.0,0.0,399.6492234955724,0.6678029635181332,95.99999999999999,392.8362533759157,400.00000000000125,520766.3254555743,33.67454442504655,1.5333437183563017,-3.153519188003884e-07,9.676854076123242e-10,4.494061373039314e-14,8.322335875998732e-16,5.449536902811318,0.01381780194777139,-44.40047791098563,0.0,0.0,399.98109104066754,398.4940892210829,399.8356382166945,399.99704385804705,399.6241767153989,399.5218825980786,399.77656439306634,95.99999999999999,399.6492234955724,0.6678029635181332,1,1.5383767444688012,0.17271631831537676
31.5,0.0,399.6435658099563,0.671495336669567,95.99999999999999,392.8375680163467,400.00000000000125,520765.78231775516,34.21768224419682,1.5332782379785563,-3.26291377916732e-07,1.0012541107752119e-09,4.0069510209850266e-14,7.420279668490792e-16,5.449566139119704,0.013818051755619643,-44.40047791098563,0.0,0.0,399.97971504009195,398.4797543425538,399.8299375488496,399.9966580221264,399.62511104224615,399.51403594686514,399.7730956730475,95.99999999999999,399.6435658099563,0.671495336669567,1,1.5383767444688012,0.1728457757636514
32.0,0.0,399.63790812434786,0.6751501110783656,95.99999999999999,392.84054905035964,400.00000000000125,520765.2391799367,34.76082006261521,1.53321342688686,-3.3653177666792544e-07,1.0326776850390294e-09,3.967139117211359e-14,7.346553920761778e-16,5.449595359160777,0.013818291336129251,-44.40047791098563,0.0,0.0,399.97804662517365,398.46509515375175,399.82366455898125,399.99619371776936,399.6261289635464,399.50618303643864,399.7696332122571,95.99999999999999,399.63790812434786,0.6751501110783656,1,1.5383767444688012,0.17296000876635959
32.5,0.0,399.6322504387439,0.6787784645467397,95.99999999999999,392.8449760817692,400.0000000000014,520764.6960421187,35.303957880590424,1.5331492692390094,-3.4630412670821897e-07,1.0626650102090963e-09,4.2715830872452885e-14,7.91033905045424e-16,5.4496245324312556,0.013818520806332541,-44.40047791098563,0.0,0.0,399.9760674352277,398.45014411803663,399.81701808557835,399.99563934481927,399.62719333459233,399.4983307094228,399.766170168065,95.99999999999999,399.6322504387439,0.6787784645467397,1,1.5383767444688012,0.17306025483149007
33.0,0.0,399.62659275312785,0.682408363704573,95.99999999999999,392.85094622747084,400.00000000000136,520764.15290429955,35.84709569973458,1.5330857495771786,-3.572435858245626e-07,1.0962337133719842e-09,4.229429306779052e-14,7.832276494035284e-16,5.449653632982623,0.013818740273593684,-44.40047791098563,0.0,0.0,399.97375851475124,398.4349717632315,399.81002968107214,399.9949915676655,399.6282596483752,399.4904938898684,399.7626916163871,95.99999999999999,399.62659275312785,0.682408363704573,1,1.5383767444688012,0.173147651197472
33.5,0.0,399.62093506740155,0.6860364368084275,95.99999999999999,392.85853974472377,400.0000000000013,520763.6097664699,36.39023352945492,1.533022852513605,-3.786599691579795e-07,1.1619517902253468e-09,4.0467629247586943e-14,7.494005416219807e-16,5.449682639632481,0.013818949843431544,-44.40047791098563,0.0,0.0,399.97109910188885,398.4189370028933,399.8026855870363,399.9942457357701,399.62930163421066,399.4826760655876,399.7591940692155,95.99999999999999,399.62093506740155,0.6860364368084275,1,1.5383767444688012,0.173222756112488
34.0,0.0,399.61527738183037,0.6896095272301344,95.99999999999999,392.86772300043066,400.00000000000136,520763.06662865507,36.93337134428678,1.5329605646221716,-3.8528830970108174e-07,1.1822914426512616e-09,4.145121745846579e-14,7.676151381197371e-16,5.449711531900292,0.01381914962236054,-44.40047791098563,0.0,0.0,399.9662413360875,398.402777543413,399.7945266180891,399.9933965487091,399.6303004390305,399.47488252722644,399.75567223643435,95.99999999999999,399.61527738183037,0.6896095272301344,1,1.5383767444688012,0.1732863047397363
34.5,0.0,399.6096196962092,0.6931980356923103,95.99999999999999,392.8780988150337,400.00000000000125,520762.5234908354,37.47650916392017,1.5328988721223484,-3.9675243357351064e-07,1.217470126277511e-09,4.0444210480661256e-14,7.489668607529865e-16,5.449740293223789,0.013819339725911685,-44.40047791098563,0.0,0.0,399.9622431349703,398.38685238233876,399.7858443885509,399.99243709054673,399.6312422654623,399.467118760809,399.75212063160944,95.99999999999999,399.6096196962092,0.6931980356923103,1,1.5383767444688012,0.17333932766800333
35.0,0.0,399.60396201070216,0.6968052225685936,95.99999999999999,392.88962643603674,400.00000000000125,520761.98035302677,38.01964697259342,1.5328377606869552,-3.9715653343819213e-07,1.2187101426495625e-09,3.817259008886963e-14,7.068998164605489e-16,5.4497689108282135,0.01381952026939404,-44.40047791098563,0.0,0.0,399.95900497046193,398.37096805254544,399.7769430845167,399.99136010757223,399.6321195882542,399.45939262286095,399.7485313985435,95.99999999999999,399.60396201070216,0.6968052225685936,1,1.5383767444688012,0.1733826465129999
35.5,0.0,399.59830432529003,0.7004129724748343,95.99999999999999,392.90234887743446,400.00000000000125,520761.43721522717,38.56278477215781,1.5327772162460827,-3.8853833217444844e-07,1.1922644256407192e-09,3.73295144795449e-14,6.912873051767576e-16,5.449797374648264,0.013819691363803755,-44.40047791098563,0.0,0.0,399.95521249295734,398.35535643255434,399.7677913643604,399.99015220307456,399.6329245245441,399.45171092964836,399.7448977209318,95.99999999999999,399.59830432529003,0.7004129724748343,1,1.5383767444688012,0.17341690637190268
36.0,0.0,399.59264663983214,0.7040370961290753,95.99999999999999,392.91631724044595,400.00000000000125,520760.8940774232,39.10592257611983,1.5327172253125958,-3.842824085609209e-07,1.179204745546208e-09,3.747002708109902e-14,6.938893903907228e-16,5.449825676445045,0.013819853118987977,-44.40047791098563,0.0,0.0,399.9506764682821,398.3401927142956,399.7583661434806,399.9887860721923,399.6336455717557,399.4440812055818,399.74121207408245,95.99999999999999,399.59264663983214,0.7040370961290753,1,1.5383767444688012,0.17344261897604107
36.5,0.0,399.5869889543611,0.7076732871736092,95.99999999999999,392.9315387656485,400.00000000000125,520760.350939618,39.649060381333456,1.5326577750086585,-3.8125055112914197e-07,1.1699012213886443e-09,3.847703405890356e-14,7.125376677574735e-16,5.44985381009811,0.013820005646584968,-44.40047791098563,0.0,0.0,399.94540942324556,398.3255831759131,399.74858605616333,399.98724980929296,399.63426856239244,399.43651273771525,399.73746517100705,95.99999999999999,399.5869889543611,0.7076732871736092,1,1.5383767444688012,0.17346026618630897
37.0,0.0,399.5813312688847,0.711306175838579,95.99999999999999,392.9479967412237,400.00000000000125,520759.8078018122,40.19219818707826,1.5325988530013948,-3.788563631701436e-07,1.1625544427173202e-09,3.601806353170643e-14,6.670011765130823e-16,5.449881771209437,0.013820149061430064,-44.40047791098563,0.0,0.0,399.93947076691137,398.31154093787165,399.73850196962314,399.98552666685185,399.6347854820822,399.4290141056489,399.73364843212045,95.99999999999999,399.5813312688847,0.711306175838579,1,1.5383767444688012,0.17347032930815498
37.5,0.0,399.57567358341095,0.7149247608321421,95.99999999999999,392.9656538441925,400.00000000000125,520759.26466400677,40.7353359925482,1.532540448373853,-3.7605745006885627e-07,1.1539657289539988e-09,3.725925817876784e-14,6.89986262569775e-16,5.449909555435889,0.013820283481947918,-44.40047791098563,0.0,0.0,399.9329361090463,398.298055434278,399.7282550517446,399.9836017789335,399.63519051616134,399.42159178412345,399.72975538269844,95.99999999999999,399.57567358341095,0.7149247608321421,1,1.5383767444688012,0.17347362074638728
38.0,0.0,399.5700158979065,0.718504111007676,95.99999999999999,392.9844374639435,400.0000000000012,520758.7215261983,41.27847380098231,1.532482550699339,-3.762855627087447e-07,1.1546657128759348e-09,3.8219427622721e-14,7.077671781985373e-16,5.449937159188456,0.013820409065532594,-44.40047791098563,0.0,0.0,399.9258796622363,398.2850798984159,399.7179740799772,399.98145910463705,399.63547010394745,399.41425388263076,399.7257779131821,95.99999999999999,399.5700158979065,0.718504111007676,1,1.5383767444688012,0.17347130500481933
38.5,0.0,399.56435821240126,0.722044361103153,95.99999999999999,393.0042417648457,400.00000000000114,520758.1783883899,41.82161160948026,1.5324251481783357,-3.765140164091463e-07,1.1553667433723865e-09,3.42850747792056e-14,6.349087922075114e-16,5.449964583864102,0.013820525962642376,-44.40047791098563,0.0,0.0,399.91836472967486,398.2725312081205,399.7075718441256,399.979088836242,399.635617349745,399.4070146555278,399.7217017692747,95.99999999999999,399.56435821240126,0.722044361103153,1,1.5383767444688012,0.17346377612064318
39.0,0.0,399.558700526831,0.7255471160542794,95.99999999999999,393.0249368228568,400.00000000000114,520757.63525057514,42.364749424229004,1.532368229315134,-3.8303060279076817e-07,1.1753634682153145e-09,3.655669517099723e-14,6.76975836499949e-16,5.4499918339550035,0.013820634282911333,-44.40047791098563,0.0,0.0,399.91045029916097,398.26037868574025,399.69711656631836,399.97647785791224,399.63563207475875,399.39988162982206,399.71751942383986,95.99999999999999,399.558700526831,0.7255471160542794,1,1.5383767444688012,0.1734508481144551
39.5,0.0,399.55304284127743,0.7290585409322082,95.99999999999999,393.04637336201404,400.00000000000114,520757.0921127619,42.907887237368506,1.5323117827652133,-3.8802878776778016e-07,1.1907008433142216e-09,3.718900187799078e-14,6.886852199627924e-16,5.450018908969664,0.013820734142066745,-44.40047791098563,0.0,0.0,399.9021775050024,398.24856202420705,399.68678708213645,399.9736117748032,399.63550962468344,399.3928588991808,399.71322678337407,95.99999999999999,399.55304284127743,0.7290585409322082,1,1.5383767444688012,0.17343289627473316
40.0,0.0,399.5473851556529,0.7325873374795171,95.99999999999999,393.06929328122135,400.00000000000114,520756.548974942,43.4510250573297,1.5322557993585677,-3.997249464759989e-07,1.2265915464693378e-09,3.6299088734814676e-14,6.722053469410127e-16,5.450045809381949,0.013820825666045825,-44.40047791098563,0.0,0.0,399.8935742900845,398.23705975614513,399.67705031164974,399.9704771790609,399.63523438561884,399.3859369188599,399.70883339244597,95.99999999999999,399.5473851556529,0.7325873374795171,1,1.5383767444688012,0.17341030069403818
40.5,0.0,399.54172747003514,0.7360963418593944,95.99999999999999,393.0924969448165,400.00000000000114,520756.0058371227,43.994162876633666,1.5322002704178146,-4.108367548383285e-07,1.2606891186208402e-09,3.355909300450931e-14,6.214646852686911e-16,5.450072536110753,0.013820908990902192,-44.40047791098563,0.0,0.0,399.884669926095,398.22583152770704,399.66783854341526,399.96706242584537,399.63479230371144,399.37909919369474,399.7043557463754,95.99999999999999,399.54172747003514,0.7360963418593944,1,1.5383767444688012,0.1733837246129869
41.0,0.0,399.5360697844222,0.739643149726187,95.99999999999999,393.1157247078908,400.00000000000114,520755.46269930387,44.537300695473846,1.5321451864083353,-4.214304922811607e-07,1.2931969440829518e-09,3.559652572704407e-14,6.591949208711867e-16,5.450099091509979,0.013820984257418584,-44.40047791098563,0.0,0.0,399.8754895973823,398.21462340820847,399.65912423001475,399.96335746943726,399.6341791639531,399.3723755039075,399.69976406493686,95.99999999999999,399.5360697844222,0.739643149726187,1,1.5383767444688012,0.17335344560223537
41.5,0.0,399.5304120988134,0.7431839521166976,95.99999999999999,393.1388266821039,400.00000000000125,520754.9195614854,45.08043851391261,1.5320905375400689,-4.3167009522449007e-07,1.324618076339566e-09,3.407430587687442e-14,6.310056643865636e-16,5.450125479923486,0.013821051601862257,-44.40047791098563,0.0,0.0,399.8660643477565,398.2033275236172,399.6509420447993,399.9593543848165,399.63338071870544,399.36578277152626,399.6950414261007,95.99999999999999,399.5304120988134,0.7431839521166976,1,1.5383767444688012,0.17331970956179893
42.0,0.0,399.52475441320854,0.7467294250329916,95.99999999999999,393.1618023738041,400.00000000000125,520754.37642366736,45.62357633197891,1.5320363142356748,-4.415029266624515e-07,1.3547909940570886e-09,3.2153966988968095e-14,5.95443833129039e-16,5.450151706478295,0.013821111156031476,-44.40047791098563,0.0,0.0,399.85651958169166,398.19215276008316,399.64301657031393,399.9550483560091,399.63237944759504,399.3593206821229,399.69018814429415,95.99999999999999,399.52475441320854,0.7467294250329916,1,1.5383767444688012,0.17328271652844512
42.5,0.0,399.5190967276081,0.7501994236122093,95.99999999999999,393.1892519708586,400.0000000000013,520753.8332858497,46.16671414962508,1.5319825075490545,-4.509286455345318e-07,1.3837146506610038e-09,3.1404566447346115e-14,5.815660453212246e-16,5.450177775996221,0.013821163049117822,-44.40047791098563,0.0,0.0,399.84731610378094,398.18402667192765,399.63525071203594,399.9504364670745,399.63115486943497,399.35299060540893,399.6852028498073,95.99999999999999,399.5190967276081,0.7501994236122093,1,1.5383767444688012,0.17324274784820765
43.0,0.0,399.51343904200974,0.7536878650176905,95.99999999999999,393.21508460472234,400.0000000000012,520753.29014803225,46.709851967067195,1.5319291084641051,-4.60176785566091e-07,1.4120933908003967e-09,3.4331912313056977e-14,6.357761539454998e-16,5.450203694361379,0.013821207417473136,-44.40047791098563,0.0,0.0,399.83803756875864,398.1768605508942,399.6276552257752,399.94551910425446,399.6295661414473,399.3467960736441,399.6800820103755,95.99999999999999,399.51343904200974,0.7536878650176905,1,1.5383767444688012,0.17320001419942488
43.5,0.0,399.5077813564046,0.7571718812234486,95.99999999999999,393.23956272827365,400.0000000000012,520752.74701021414,47.25298978515796,1.5318761087772066,-4.7006702885710183e-07,1.4424424818947336e-09,3.182610425200848e-14,5.893723009631202e-16,5.450229466825201,0.013821244395899837,-44.40047791098563,0.0,0.0,399.8285766953229,398.1699935686073,399.62052004109563,399.94030182038756,399.62753970120605,399.34073440711506,399.6748283056943,95.99999999999999,399.5077813564046,0.7571718812234486,1,1.5383767444688012,0.1731546624761519
44.0,0.0,399.5021236706734,0.7607202197626161,95.99999999999999,393.2627304059464,400.0000000000012,520752.203872384,47.79612761535681,1.531823499963776,-4.920078495729285e-07,1.5097698414951138e-09,3.227106082359653e-14,5.9761223747401e-16,5.45025510006366,0.013821274115422059,-44.40047791098563,0.0,0.0,399.8189780199718,398.16332066908797,399.61422426673107,399.9347792062318,399.62501518493264,399.3348069786597,399.6694403626871,95.99999999999999,399.5021236706734,0.7607202197626161,1,1.5383767444688012,0.17310705627491577
44.5,0.0,399.49646598481564,0.764274005533589,95.99999999999999,393.2845710350479,400.0000000000012,520751.66073454166,48.33926545769563,1.5317712736740225,-5.261123661171041e-07,1.6144225834825876e-09,3.1240635078866306e-14,5.785302792382652e-16,5.4502806011304115,0.01382129669588668,-44.40047791098563,0.0,0.0,399.8098512990733,398.15692199073914,399.6081007523422,399.92896581147363,399.62188815181474,399.3290126757766,399.6639192938547,95.99999999999999,399.49646598481564,0.764274005533589,1,1.5383767444688012,0.17305776351580807
45.0,0.0,399.4908082992438,0.7678279620909216,95.99999999999999,393.3050961849852,400.0000000000012,520751.1175967267,48.88240327260081,1.5317194220668957,-5.328611010213535e-07,1.6351316767125542e-09,3.3207811500624006e-14,6.149594722337781e-16,5.450305977828802,0.0138213122572655,-44.40047791098563,0.0,0.0,399.80124783420064,398.15092183034653,399.60227082836917,399.9228694139199,399.6180318189449,399.32334297929617,399.65827361919133,95.99999999999999,399.4908082992438,0.7678279620909216,1,1.5383767444688012,0.173007039369593
45.5,0.0,399.48515061366857,0.771369251842459,95.99999999999999,393.32422484540933,400.00000000000125,520750.5744589115,49.42554108782409,1.5316679379670828,-5.398399380851515e-07,1.6565468588824655e-09,3.1029866176535124e-14,5.7462715141731735e-16,5.450331236697599,0.01382132092354441,-44.40047791098563,0.0,0.0,399.7922387400892,398.1453741444624,399.5968172686922,399.9165029466501,399.6134109735355,399.31779128185127,399.6525099454859,95.99999999999999,399.48515061366857,0.771369251842459,1,1.5383767444688012,0.17295510779113316
46.0,0.0,399.4794929280923,0.7748759943042919,95.99999999999999,393.34183198329436,400.0000000000012,520750.0313210961,49.96867890313945,1.5316168137318569,-5.469919202027995e-07,1.6784933520481944e-09,3.112354124423787e-14,5.763618748932942e-16,5.450356385378674,0.0138213228345976,-44.40047791098563,0.0,0.0,399.7828868797338,398.14026273840545,399.5917571797103,399.90988149939875,399.6079951415554,399.3123513134433,399.6466345427414,95.99999999999999,399.4794929280923,0.7748759943042919,1,1.5383767444688012,0.17290240544398675
46.5,0.0,399.4738352425138,0.7783122642065183,95.99999999999999,393.3578530662121,400.0000000000012,520749.4881832807,50.511816718682304,1.5315660418974997,-5.542067711417076e-07,1.7006327637829894e-09,2.99994404318049e-14,5.555451931815725e-16,5.45038143142166,0.013821318122851813,-44.40047791098563,0.0,0.0,399.77355656042585,398.1355973292936,399.5870762518001,399.90300931534864,399.60178736679904,399.3070149194998,399.6406555655278,95.99999999999999,399.4738352425138,0.7783122642065183,1,1.5383767444688012,0.17284930081683691
47.0,0.0,399.46817755696077,0.781730097167896,95.99999999999999,393.3722213018944,400.0000000000012,520748.9450454676,51.054954531768004,1.5315156151011493,-5.590917240283488e-07,1.7156226761426747e-09,3.0491234537244326e-14,5.646524914304507e-16,5.450406382633971,0.013821306908027084,-44.40047791098563,0.0,0.0,399.76460169044714,398.131382094527,399.5827340659851,399.89587006576267,399.5948266094668,399.30177656636226,399.6345785475594,95.99999999999999,399.46817755696077,0.781730097167896,1,1.5383767444688012,0.17279613081386774
47.5,0.0,399.46251987145956,0.7851257970306132,95.99999999999999,393.38489283073983,400.0000000000011,520748.4019076594,51.59809233988136,1.5314655264983985,-5.590320952819638e-07,1.7154397000315083e-09,3.070200343957551e-14,5.685556192513985e-16,5.4504312462132045,0.013821289306456635,-44.40047791098563,0.0,0.0,399.7564576691219,398.1274651962551,399.5786717645634,399.8884834309825,399.58712245213223,399.29662594408734,399.62841379883184,95.99999999999999,399.46251987145956,0.7851257970306132,1,1.5383767444688012,0.17274309692543482
48.0,0.0,399.45686218600855,0.788507709001006,95.99999999999999,393.39473621936366,400.00000000000114,520747.85876985616,52.14123014318256,1.5314157691703512,-5.54075519687558e-07,1.70023000702352e-09,3.105328494346081e-14,5.750608322863116e-16,5.450456029488444,0.013821265443323835,-44.40047791098563,0.0,0.0,399.75139649469395,398.1223966623534,399.5748411976177,399.8808741402329,399.5786587879636,399.2915510531883,399.6221733188288,95.99999999999999,399.45686218600855,0.788507709001006,1,1.5383767444688012,0.17269026423881953
48.5,0.0,399.4512045005946,0.791841967235779,95.99999999999999,393.4024123927963,400.0000000000012,520747.3156320563,52.684367942918186,1.5313663368929749,-5.456848057860952e-07,1.6744823552166672e-09,2.7329701002276598e-14,5.061055741162335e-16,5.450480738686232,0.013821235349678308,-44.40047791098563,0.0,0.0,399.74888953717493,398.1164402615889,399.5711820706041,399.8730700072661,399.56942249953295,399.28654328276957,399.61586571841974,95.99999999999999,399.4512045005946,0.791841967235779,1,1.5383767444688012,0.17263755082468557
49.0,0.0,399.44554681450114,0.7950372628537632,95.99999999999999,393.4087852169874,400.0000000000012,520746.7724941914,53.227505807892086,1.5313172226182672,-6.023713936542663e-07,1.8484301913231755e-09,3.0350721935690204e-14,5.620504062164855e-16,5.450505380823435,0.01382119911976367,-44.40047791098563,0.0,0.0,399.74677412827805,398.11074808202727,399.5676016893061,399.86510290545846,399.5594034535663,399.2815879934402,399.60950563556213,95.99999999999999,399.44554681450114,0.7950372628537632,1,1.5383767444688012,0.17258484595995108
49.5,0.0,399.43988912845623,0.7981479068108432,95.99999999999999,393.4137364192742,400.00000000000125,520746.2293563311,53.77064366819695,1.531268420700825,-6.544612816128392e-07,2.008272644964875e-09,3.067858467264982e-14,5.681219383824043e-16,5.450529963712356,0.013821156885563603,-44.40047791098563,0.0,0.0,399.7447468573856,398.1053176744645,399.5640350740541,399.8570148010469,399.5485992563827,399.27668958546974,399.60308867144283,95.99999999999999,399.43988912845623,0.7981479068108432,1,1.5383767444688012,0.17253231139347486
50.0,0.0,399.43423144248345,0.8011794400525051,95.99999999999999,393.41720400685466,400.00000000000125,520745.68621847767,54.313781521600575,1.5312199282913432,-6.996825518967853e-07,2.147038134434329e-09,2.9250039890182927e-14,5.41667405373758e-16,5.450554498224771,0.013821108798996088,-44.40047791098563,0.0,0.0,399.74324351355745,398.10016164101677,399.5604382820652,399.8488364542562,399.5370324020987,399.2718344740018,399.59662841096485,95.99999999999999,399.43423144248345,0.8011794400525051,1,1.5383767444688012,0.17248032322262458
50.5,0.0,399.42857375655655,0.8041311586531162,95.99999999999999,393.41920849388094,400.00000000000125,520745.1430806287,54.85691937058248,1.5311717452422473,-7.404206954220172e-07,2.272046750752711e-09,3.021020933413608e-14,5.594483210025203e-16,5.450578988666205,0.013821054988891775,-44.40047791098563,0.0,0.0,399.74135467842564,398.095267638999,399.5567533049426,399.8405814566078,399.5247269118761,399.26700170610434,399.59014580700864,95.99999999999999,399.42857375655655,0.8041311586531162,1,1.5383767444688012,0.17242908351216094
51.0,0.0,399.422916070665,0.8070179443417211,95.99999999999999,393.4197260444334,400.0000000000012,520744.5999427832,55.40005721617112,1.5311238660473905,-7.777249280138676e-07,2.386518105988572e-09,2.8500639348560946e-14,5.277896175659436e-16,5.450603438633158,0.013820995557356873,-44.40047791098563,0.0,0.0,399.73963720831915,398.09074749912736,399.5529392480357,399.83227657125246,399.511718598925,399.262193888508,399.58363825282174,95.99999999999999,399.422916070665,0.8070179443417211,1,1.5383767444688012,0.17237847898781267
51.5,0.0,399.4172583848013,0.8098457510882543,95.99999999999999,393.41879948951646,400.0000000000012,520744.0568049403,55.94319505907963,1.5310762892579022,-8.124108390461515e-07,2.4929549086671903e-09,2.7376538536127972e-14,5.069729358542219e-16,5.450627845403337,0.013820930613725612,-44.40047791098563,0.0,0.0,399.738548972264,398.08666991670344,399.54896188919855,399.8239693304008,399.4980515371426,399.257409124542,399.5771076450606,95.99999999999999,399.4172583848013,0.8098457510882543,1,1.5383767444688012,0.17232862557295736
52.0,0.0,399.41160069895636,0.8125973766346695,95.99999999999999,393.41665438832155,400.00000000000114,520743.5136670992,56.486332900198825,1.5310290090323804,-8.452932220848197e-07,2.5938574253066387e-09,2.8734827017817815e-14,5.321264262558856e-16,5.450652215947525,0.013820860308183554,-44.40047791098563,0.0,0.0,399.73830542483586,398.0831641852418,399.544820403854,399.8157087436072,399.4838348000317,399.2526275159908,399.57057388192186,95.99999999999999,399.41160069895636,0.8125973766346695,1,1.5383767444688012,0.17227963772238467
52.5,0.0,399.40594301312467,0.8152507567265896,95.99999999999999,393.41323915457167,400.00000000000114,520742.9705292593,57.029470740037425,1.530982020671575,-8.769532442443051e-07,2.6910090188817184e-09,2.864115195011507e-14,5.303917027799088e-16,5.450676552738405,0.01382078475810689,-44.40047791098563,0.0,0.0,399.7392582086049,398.0803770683021,399.5405577329051,399.8075416708133,399.4692024867363,399.24783294863914,399.56405307761025,95.99999999999999,399.40594301312467,0.8152507567265896,1,1.5383767444688012,0.17223170307565885
53.0,0.0,399.4002853273066,0.8178460020124401,95.99999999999999,393.40852436126835,400.00000000000114,520742.42739142076,57.572608578578524,1.530935316705663,-9.072767639395352e-07,2.7840594357878317e-09,2.5971412520586758e-14,4.809520837145698e-16,5.450700858448124,0.013820704052482253,-44.40047791098563,0.0,0.0,399.741523020227,398.0782800791758,399.53650521823994,399.7995166184278,399.45424428690313,399.24301602191986,399.5575546326932,95.99999999999999,399.4002853273066,0.8178460020124401,1,1.5383767444688012,0.17218499026562134
53.5,0.0,399.39462764149687,0.8203990634877253,95.99999999999999,393.4024833654342,400.0000000000011,520741.88425358303,58.11574641630743,1.530888888709021,-9.367812836558187e-07,2.874596678423511e-09,2.739995730305366e-14,5.074066167232161e-16,5.450725136672389,0.013820618287302031,-44.40047791098563,0.0,0.0,399.74471591609915,398.0763854446181,399.53234872119714,399.79166897294664,399.43905209020727,399.238166922309,399.55108836068473,95.99999999999999,399.39462764149687,0.8203990634877253,1,1.5383767444688012,0.17213956260536278
54.0,0.0,399.3889699556883,0.8229181547512888,95.99999999999999,393.3951183891732,400.0000000000011,520741.34111574537,58.6588842539237,1.5308427282884285,-9.66228732579566e-07,2.9649587942568913e-09,2.791517017541877e-14,5.169475958410885e-16,5.4507493918954,0.013820527563551786,-44.40047791098563,0.0,0.0,399.7487304508377,398.0752299402468,399.5280232520827,399.7840024620894,399.4237196403994,399.233275002807,399.54466490856976,95.99999999999999,399.3889699556883,0.8229181547512888,1,1.5383767444688012,0.17209553685261708
54.5,0.0,399.38331226988635,0.8253523645721016,95.99999999999999,393.38618558487417,400.0000000000011,520740.7979779084,59.20202209090764,1.5307968275500607,-9.949806454301324e-07,3.0531865957945307e-09,3.0889353574981e-14,5.720250662033521e-16,5.4507736294089595,0.013820431971119368,-44.40047791098563,0.0,0.0,399.75344599807306,398.0747676990093,399.52360333239767,399.77652280946467,399.4083444185458,399.2283344365294,399.5382901032434,95.99999999999999,399.38331226988635,0.8253523645721016,1,1.5383767444688012,0.17205300712057597
55.0,0.0,399.3776545840959,0.8277061639175927,95.99999999999999,393.3757696854509,400.000000000001,520740.2548400725,59.745159926785846,1.5307511790566204,-1.022682546647502e-06,3.1381923432564157e-09,2.8313289213155448e-14,5.243201706139899e-16,5.450797855578804,0.013820331619897597,-44.40047791098563,0.0,0.0,399.7585343272746,398.0748683685949,399.51904966416953,399.7692620588585,399.39302636351164,399.22334439409633,399.5319647740956,95.99999999999999,399.3776545840959,0.8277061639175927,1,1.5383767444688012,0.17201194788355348
55.5,0.0,399.3719968983173,0.8299939362646072,95.99999999999999,393.3408801746842,400.000000000001,520739.7117022378,60.28829776154103,1.5307057754341242,-1.049161632238338e-06,3.219445772221244e-09,2.686132566376286e-14,4.974319567363494e-16,5.450822076973441,0.013820226620961199,-44.40047791098563,0.0,0.0,399.76334211566495,398.0753073743991,399.51435073843425,399.7622950126489,399.3778712058375,399.2182982316275,399.5256955650071,95.99999999999999,399.3719968983173,0.8299939362646072,1,1.5383767444688012,0.1719722567185267
56.0,0.0,399.36633921254884,0.8322099152694226,95.99999999999999,393.30686593751375,400.000000000001,520739.168564404,60.831435595314645,1.530660609860124,-1.0747126921728523e-06,3.297851471928776e-09,2.632269402447206e-14,4.874572967494828e-16,5.4508463007668055,0.013820117052169135,-44.40047791098563,0.0,0.0,399.76758270574686,398.0763894967597,399.5095240018305,399.7556214352738,399.3629728598088,399.2131928208099,399.5194856042877,95.99999999999999,399.36633921254884,0.8322099152694226,1,1.5383767444688012,0.17193392045607572
56.5,0.0,399.3606815267881,0.8343532275773251,95.99999999999999,393.277404304227,400.000000000001,520738.62542657094,61.37457342834828,1.5306156774241793,-1.0995641233080278e-06,3.3741102984463788e-09,2.7563888671533467e-14,5.104423828061755e-16,5.4508705382119516,0.01382000298999703,-44.40047791098563,0.0,0.0,399.7715113648394,398.07786092337244,399.50398707999875,399.7492290677827,399.3485091715326,399.2080267029983,399.5133363505778,95.99999999999999,399.3606815267881,0.8343532275773251,1,1.5383767444688012,0.17189708190789788
57.0,0.0,399.35502384103563,0.8364541059898923,95.99999999999999,393.2519256686995,400.000000000001,520738.0822887388,61.917711260577796,1.5305709751509256,-1.1234871877263686e-06,3.44752034913217e-09,2.723602593457385e-14,5.043708506402567e-16,5.450894793930945,0.013819884506663067,-44.40047791098563,0.0,0.0,399.7750737095253,398.07915623793275,399.4981618263184,399.7431096442482,399.3346833880306,399.2027979650077,399.50724971706364,95.99999999999999,399.35502384103563,0.8364541059898923,1,1.5383767444688012,0.1718618061932529
57.5,0.0,399.34936615529136,0.8385170439897793,95.99999999999999,393.2316412549464,400.000000000001,520737.5391509073,62.46084909203529,1.5305264980340052,-1.1467664435826919e-06,3.5189548159904385e-09,2.6884744430688547e-14,4.978656376053436e-16,5.450919071018783,0.01381976165170392,-44.40047791098563,0.0,0.0,399.77815957665183,398.08008764309915,399.4922170003612,399.73721005741623,399.32156758417443,399.1975021659425,399.5012301446402,95.99999999999999,399.34936615529136,0.8385170439897793,1,1.5383767444688012,0.17182816716700336
58.0,0.0,399.3437084695562,0.8405204687348868,95.99999999999999,393.2157056745893,400.000000000001,520736.9960130767,63.003986922609485,1.530482240378909,-1.1691725845253131e-06,3.587710052088444e-09,2.908610852170312e-14,5.386316392907986e-16,5.450943371998906,0.013819634495930993,-44.40047791098563,0.0,0.0,399.7806587090787,398.08067231418426,399.4861967665091,399.7315009730228,399.3092026973609,399.19213951200004,399.4952774271122,95.99999999999999,399.3437084695562,0.8405204687348868,1,1.5383767444688012,0.171796237461526
58.5,0.0,399.3380507838323,0.8424750488990228,95.99999999999999,393.2043976741419,400.000000000001,520736.4528752472,63.54712475210638,1.530438197130754,-1.190415026997016e-06,3.6528943759387854e-09,2.6252437723695e-14,4.861562541425002e-16,5.450967700078508,0.01381950312670801,-44.40047791098563,0.0,0.0,399.7825145766361,398.0809522312538,399.479521976566,399.7259597895507,399.29762010787744,399.1867095480712,399.48939201959325,95.99999999999999,399.3380507838323,0.8424750488990228,1,1.5383767444688012,0.1717660097827282
59.0,0.0,399.3323930981183,0.8443704590886855,95.99999999999999,393.19770042916787,400.0000000000011,520735.90973741864,64.09026258064807,1.530394363070203,-1.2107807094707823e-06,3.7153882837637265e-09,2.5784062385181263e-14,4.774826367626162e-16,5.450992054986525,0.013819367647584523,-44.40047791098563,0.0,0.0,399.7837538826225,398.080973993588,399.4733036800753,399.72043788240535,399.2868296004965,399.18121085792734,399.48357533830915,95.99999999999999,399.3323930981183,0.8443704590886855,1,1.5383767444688012,0.17173749635007973
59.5,0.0,399.32673541241377,0.8462247956620335,95.99999999999999,393.19482529209836,400.0000000000011,520735.36659959104,64.6334004082792,1.5303507326089865,-1.2301586878038506e-06,3.774851333594755e-09,2.5924574986735384e-14,4.800847219765814e-16,5.451016439981143,0.013819228189420909,-44.40047791098563,0.0,0.0,399.78441267311825,398.08080464611476,399.4675429905215,399.71501620081125,399.27683963029307,399.17564368958574,399.4778271352419,95.99999999999999,399.32673541241377,0.8462247956620335,1,1.5383767444688012,0.17171080714578502
60.0,0.0,399.3210777267187,0.8480300792787074,95.99999999999999,393.19581223639176,400.0000000000011,520734.8234617643,65.17653823500477,1.5303073001818728,-1.2486652565257828e-06,3.831640385538099e-09,2.4191586234234557e-14,4.479923376710104e-16,5.451040859075583,0.013819084830181324,-44.40047791098563,0.0,0.0,399.78451648958514,398.08053062159945,399.46181823871996,399.70968219189956,399.26764410701514,399.1700147679014,399.47214068553615,95.99999999999999,399.3210777267187,0.8480300792787074,1,1.5383767444688012,0.1716859452747893
60.5,0.0,399.3154200410327,0.849776599318924,95.99999999999999,393.20073005203824,400.0000000000011,520734.28032393847,65.7196760608644,1.5302640593182215,-1.266294958668368e-06,3.885738694401506e-09,2.7048675799168355e-14,5.00901403688303e-16,5.45106531397441,0.013818937635524813,-44.40047791098563,0.0,0.0,399.7841187310274,398.0802395568294,399.4556911028952,399.70440831489,399.2592363181285,399.16433030395416,399.4665097781113,95.99999999999999,399.3154200410327,0.849776599318924,1,1.5383767444688012,0.17166284678953664
61.0,0.0,399.3097623553552,0.8514673003042339,95.99999999999999,393.1903620408032,400.0000000000011,520733.7371861134,66.2628138859047,1.53022100525167,-1.28316887071378e-06,3.93751779413806e-09,2.3770048429572193e-14,4.401860820291148e-16,5.451089808236317,0.013818786659939693,-44.40047791098563,0.0,0.0,399.78324248359553,398.07995208376235,399.44923447490936,399.69915431555637,399.2516102084869,399.1585825715861,399.4609421391243,95.99999999999999,399.3097623553552,0.8514673003042339,1,1.5383767444688012,0.17164155934548464
61.5,0.0,399.3041046696852,0.8531096302245309,95.99999999999999,393.1739208607451,400.0000000000011,520733.1940482891,66.80595171022695,1.5301781334305158,-1.299228102880079e-06,3.986796976214712e-09,2.4074492399606123e-14,4.458239333260394e-16,5.451114345733962,0.013818631974264282,-44.40047791098563,0.0,0.0,399.78185558933365,398.0796541689376,399.4421531636628,399.69394397041526,399.2447449459018,399.1527729366026,399.4554364027677,95.99999999999999,399.3041046696852,0.8531096302245309,1,1.5383767444688012,0.17162197812963179
62.0,0.0,399.298446984022,0.8547081001553446,95.99999999999999,393.15775797906775,400.0000000000011,520732.6509104654,67.34908953389014,1.5301354394194104,-1.314705372124081e-06,4.03429035330936e-09,2.5713806084404202e-14,4.761815941556335e-16,5.4511389302165325,0.013818473647701715,-44.40047791098563,0.0,0.0,399.77997374343556,398.0793009807116,399.43453249502375,399.68875396244954,399.2386188263182,399.1469048225333,399.44998914551076,95.99999999999999,399.298446984022,0.8547081001553446,1,1.5383767444688012,0.17160403493694576
62.5,0.0,399.29278929836534,0.8562955416642974,95.99999999999999,393.1419110833516,400.0000000000011,520732.1077726424,67.89222735694115,1.5300929185867782,-1.3294856273660116e-06,4.079644880952032e-09,2.2107315977848423e-14,4.0939474033052647e-16,5.451163564282274,0.013818311747239607,-44.40047791098563,0.0,0.0,399.777610893619,398.0787947176504,399.42651479992196,399.6836077351554,399.23323001858745,399.14097950303665,399.44459909369385,95.99999999999999,399.29278929836534,0.8562955416642974,1,1.5383767444688012,0.17158779856948908
63.0,0.0,399.28713161271423,0.8578948144097228,95.99999999999999,393.12641073538896,400.0000000000011,520731.56463481986,68.43536517943926,1.5300505662580186,-1.3437951054129371e-06,4.123554786904828e-09,2.4800474174302413e-14,4.592680402648597e-16,5.451188248621751,0.01381814633544224,-44.40047791098563,0.0,0.0,399.77478032619183,398.0781171840208,399.4182151578334,399.6786224523149,399.22852524884973,399.13499525386993,399.4392679715586,95.99999999999999,399.28713161271423,0.8578948144097228,1,1.5383767444688012,0.1715730856147245
63.5,0.0,399.2814739270682,0.8594674302564401,95.99999999999999,393.1112929320359,400.0000000000011,520731.02149699786,68.97850300146628,1.5300083795556019,-1.357587422035067e-06,4.165877737033608e-09,2.6346112791397748e-14,4.87890977618477e-16,5.451212986546235,0.013817977474443827,-44.40047791098563,0.0,0.0,399.77153342013327,398.0773397442448,399.40969717405596,399.6736272308155,399.2244906977857,399.12895662872893,399.43399122540734,95.99999999999999,399.2814739270682,0.8594674302564401,1,1.5383767444688012,0.17155996330870255
64.0,0.0,399.27581624142556,0.8610087443406772,95.99999999999999,393.0965876714804,400.0000000000011,520730.4783591762,69.5216408231579,1.529966354780674,-1.3710275368339353e-06,4.207119924545813e-09,2.4777055407376726e-14,4.588343593958655e-16,5.451237780387857,0.013817805242489893,-44.40047791098563,0.0,0.0,399.76787162351565,398.07610839691864,399.4010169413249,399.6685488083099,399.22106660160284,399.12286312980973,399.4287693530414,95.99999999999999,399.27581624142556,0.8610087443406772,1,1.5383767444688012,0.17154849577400255
64.5,0.0,399.27015855578406,0.8625307310147143,95.99999999999999,393.0823295175985,400.000000000001,520729.9352213546,70.0647786447416,1.5299244867471042,-1.3844121724559955e-06,4.248191869270127e-09,2.4847311708153787e-14,4.601354020028481e-16,5.451262588981831,0.013817629708808302,-44.40047791098563,0.0,0.0,399.7637906670471,398.0744886898445,399.3921476699219,399.6633581767517,399.21827832312886,399.1167263653374,399.4235907462306,95.99999999999999,399.27015855578406,0.8625307310147143,1,1.5383767444688012,0.17153868718596377
65.0,0.0,399.2645008701418,0.864033143452157,95.99999999999999,393.0685527498148,400.000000000001,520729.3920835329,70.60791646640625,1.5298827718404695,-1.3979125412788562e-06,4.289618951613444e-09,2.6908163197614234e-14,4.982993184743378e-16,5.451287466303121,0.013817450933977876,-44.40047791098563,0.0,0.0,399.7593031400399,398.0725283346933,399.3829555756967,399.6580369914735,399.21604501061415,399.110552729597,399.41844901068646,95.99999999999999,399.2645008701418,0.864033143452157,1,1.5383767444688012,0.171530556963102
65.5,0.0,399.2588431844978,0.8655083208383428,95.99999999999999,393.055271068937,400.000000000001,520728.8489457111,71.15105428821985,1.5298412067122198,-1.4114707767021173e-06,4.3312236027662625e-09,2.4589705271971234e-14,4.553649124439119e-16,5.45131242869022,0.013817268725260175,-44.40047791098563,0.0,0.0,399.75443943955537,398.0701944846159,399.3734798487077,399.6525708718857,399.2143245802633,399.10434678111426,399.4133395878814,95.99999999999999,399.2588431844978,0.8655083208383428,1,1.5383767444688012,0.1715241100752482
66.0,0.0,399.25318549885003,0.8669583732167699,95.99999999999999,393.0425026817155,400.0000000000011,520728.3058078889,71.69419211040392,1.5297997884027617,-1.4254377163069876e-06,4.374082399047096e-09,2.550303718207302e-14,4.722784663346857e-16,5.4513374887517925,0.013817081501395658,-44.40047791098563,0.0,0.0,399.7492078677307,398.0674804927663,399.3635507784927,399.64694775549475,399.21306800251625,399.0981098416294,399.4082611560707,95.99999999999999,399.25318549885003,0.8669583732167699,1,1.5383767444688012,0.17151930164771206
66.5,0.0,399.24752781319654,0.8683899878539222,95.99999999999999,393.0302398033063,400.0000000000011,520727.7626700662,72.23732993313487,1.529758514534901,-1.4399260237496492e-06,4.418541058904305e-09,2.461312403889692e-14,4.557985933129061e-16,5.45136263934765,0.013816889878471099,-44.40047791098563,0.0,0.0,399.74359908207225,398.0644130145016,399.3530132591051,399.64115725251696,399.21223415056477,399.0918490574675,399.4032065689256,95.99999999999999,399.24752781319654,0.8683899878539222,1,1.5383767444688012,0.1715161171505736
67.0,0.0,399.24187012753293,0.8698230019714596,95.99999999999999,393.0184674821832,400.0000000000011,520727.2195322425,72.78046775683914,1.529717383287891,-1.4554019287515985e-06,4.46603024970089e-09,2.2528853782510787e-14,4.172009959724221e-16,5.451387871098444,0.01381669479441784,-44.40047791098563,0.0,0.0,399.7375912297257,398.0610374080393,399.3417316303599,399.63519073755816,399.21172929157143,399.0855679158965,399.39817233916943,95.99999999999999,399.24187012753293,0.8698230019714596,1,1.5383767444688012,0.17151454410238992
67.5,0.0,399.23621244184875,0.8712446871800809,95.99999999999999,393.00716551930697,400.0000000000011,520726.67639441683,73.32360558252523,1.5296763924295762,-1.4728601911428996e-06,4.519602480441058e-09,2.505808061048497e-14,4.640385298237959e-16,5.451413171003705,0.013816496783230284,-44.40047791098563,0.0,0.0,399.7311590024107,398.0574053381933,399.3294096657985,399.62901101378174,399.21152934952073,399.0792683138082,399.39315656988936,95.99999999999999,399.23621244184875,0.8712446871800809,1,1.5383767444688012,0.17151458138499887
68.0,0.0,399.2305547561467,0.8726815051901393,95.99999999999999,392.9963096476698,400.0000000000011,520726.1332565894,73.86674340992218,1.5296355393118617,-1.492063773866903e-06,4.578530381836378e-09,2.4870730475079474e-14,4.605690828718423e-16,5.451438545753389,0.013816296107601907,-44.40047791098563,0.0,0.0,399.7242862656428,398.05357009137583,399.31601651806704,399.6226285108865,399.2115700404712,399.0729559249626,399.38815358733086,95.99999999999999,399.2305547561467,0.8726815051901393,1,1.5383767444688012,0.1715161714363705
68.5,0.0,399.224897070441,0.8741480309647458,95.99999999999999,392.9858716789801,400.0000000000011,520725.59011876164,74.40988123767275,1.529594820671195,-1.5116156930616853e-06,4.6385271846704275e-09,2.288013528639609e-14,4.2370620900733513e-16,5.4514639930764455,0.0138160929037083,-44.40047791098563,0.0,0.0,399.7169542061292,398.049790129817,399.30186943286526,399.616033567897,399.2117762183389,399.0666356776763,399.38315846320575,95.99999999999999,399.224897070441,0.8741480309647458,1,1.5383767444688012,0.17151920452723707
69.0,0.0,399.2192393847415,0.8756493834631834,95.99999999999999,392.97586969643186,400.0000000000011,520725.0469809345,74.9530190648237,1.529554233112955,-1.5305251679365028e-06,4.696552589975018e-09,2.3207998023355707e-14,4.2977774117325396e-16,5.451489508633543,0.013815887238829169,-44.40047791098563,0.0,0.0,399.7091431973412,398.04645971696885,399.2874511974308,399.6092321260113,399.21201351472996,399.0603060629994,399.3781727064836,95.99999999999999,399.2192393847415,0.8756493834631834,1,1.5383767444688012,0.1715237231006213
69.5,0.0,399.21358169903965,0.8771869852363647,95.99999999999999,392.9663051913291,400.0000000000011,520724.50384310714,75.49615689220462,1.5295137733915565,-1.5496729304231849e-06,4.75530920200793e-09,2.594799375366107e-14,4.805184028455756e-16,5.451515088449153,0.01381567915266725,-44.40047791098563,0.0,0.0,399.7008393703088,398.0437125966755,399.27314976093544,399.60224423797104,399.212251756129,399.053969724971,399.37319367310835,95.99999999999999,399.21358169903965,0.8771869852363647,1,1.5383767444688012,0.17152976370703513
70.0,0.0,399.2079240133311,0.8787356571551811,95.99999999999999,392.95707304943346,400.0000000000011,520723.9607052791,76.03929472022685,1.5294734390874385,-1.5695158879225346e-06,4.816199081762068e-09,2.416816746730887e-14,4.475586568020162e-16,5.451540730068717,0.013815468669752947,-44.40047791098563,0.0,0.0,399.6920325248896,398.04148889930497,399.2589329739282,399.59506395999676,399.2124193039034,399.0476284214054,399.36821960525674,95.99999999999999,399.2079240133311,0.8787356571551811,1,1.5383767444688012,0.17153720223551416
70.5,0.0,399.20226632761415,0.880273029861608,95.99999999999999,392.948048385771,400.00000000000097,520723.41756745026,76.58243254905264,1.5294332286052774,-1.590116113447948e-06,4.879412705799293e-09,2.5526455948998707e-14,4.727121472036799e-16,5.451566433306674,0.013815255816588417,-44.40047791098563,0.0,0.0,399.6827304145205,398.0396992741169,399.2450815653894,399.5877002578558,399.2124413869212,399.0412714886841,399.36326116654413,95.99999999999999,399.20226632761415,0.880273029861608,1,1.5383767444688012,0.1715460648613138
71.0,0.0,399.19660864188586,0.8818261095351279,95.99999999999999,392.93915880415636,400.00000000000097,520722.87442962034,77.12557037895884,1.5293931397047547,-1.6118196697334497e-06,4.946011998394899e-09,2.4285261301937305e-14,4.497270611469872e-16,5.45159219806031,0.013815040633793815,-44.40047791098563,0.0,0.0,399.67295570853025,398.0384709956114,399.23175160334324,399.58015676175745,399.2122387533778,399.0349135598092,399.35830372396276,95.99999999999999,399.19660864188586,0.8818261095351279,1,1.5383767444688012,0.17155629645543874
71.5,0.0,399.1909509561408,0.8833949332084603,95.99999999999999,392.93056138207146,400.0000000000011,520722.33129178884,77.66870821048988,1.529353169293756,-1.635094832863615e-06,5.017433906358979e-09,2.1943384609368615e-14,4.0635897424756706e-16,5.451618020416433,0.0138148231632079,-44.40047791098563,0.0,0.0,399.6627277070004,398.03732896553015,399.21890415508074,399.57242320145656,399.2117372401004,399.0285585185046,399.353343393777,95.99999999999999,399.1909509561408,0.8833949332084603,1,1.5383767444688012,0.17156793001048978
72.0,0.0,399.185293270374,0.8849401652538872,95.99999999999999,392.92216020697106,400.0000000000011,520721.78815395525,78.21184604409922,1.5293133147426883,-1.660468427644446e-06,5.095295038460161e-09,2.3933979798052e-14,4.432218481120742e-16,5.451643897530635,0.013814603440715952,-44.40047791098563,0.0,0.0,399.6521073487247,398.03548695651864,399.2064632780726,399.56452230987725,399.21086713606803,399.02220908657364,399.34837745417445,95.99999999999999,399.185293270374,0.8849401652538872,1,1.5383767444688012,0.17158099507106972
72.5,0.0,399.179635584578,0.8863640113514725,95.99999999999999,392.9137622422785,400.0000000000011,520721.24501611886,78.75498388051335,1.5292735734414424,-1.688637354391176e-06,5.18173389529225e-09,2.3371929391835516e-14,4.3281350725621337e-16,5.451669831221976,0.013814381507272693,-44.40047791098563,0.0,0.0,399.64104461381385,398.0326862487444,399.1947105482625,399.5564698612113,399.20955946995,399.0158623721825,399.3434087969736,95.99999999999999,399.179635584578,0.8863640113514725,1,1.5383767444688012,0.17159537885476134
73.0,0.0,399.1739778987502,0.8877457081388623,95.99999999999999,392.9052150935611,400.000000000001,520720.70187827933,79.29812171999232,1.5292339430237134,-1.7199510864429612e-06,5.277822866875693e-09,2.2763041451767656e-14,4.215378046623641e-16,5.4516958300233185,0.013814157403206021,-44.40047791098563,0.0,0.0,399.62953911423097,398.02898706592816,399.1837045040696,399.54827531297775,399.2077509358714,399.0095234770561,399.3384323204442,95.99999999999999,399.1739778987502,0.8877457081388623,1,1.5383767444688012,0.17161106060640585
73.5,0.0,399.16832021289304,0.8891501516004939,95.99999999999999,392.8963844758979,400.000000000001,520720.158740437,79.84125956226943,1.5291944210823538,-1.7540581040975667e-06,5.382483283742949e-09,2.4425773903491426e-14,4.5232914636095245e-16,5.4517218920380675,0.013813931170068534,-44.40047791098563,0.0,0.0,399.61762535873186,398.02467296661956,399.1733525991471,399.5399487935492,399.2053707743952,399.00319880919625,399.33344161658994,95.99999999999999,399.16832021289304,0.8891501516004939,1,1.5383767444688012,0.1716278066922538
74.0,0.0,399.1626625270146,0.8905606404755251,95.99999999999999,392.8871693598451,400.000000000001,520719.6156025927,80.38439740660434,1.5291550051885,-1.7901457738389581e-06,5.4932215076812085e-09,2.1264240368523695e-14,3.937822290467352e-16,5.451748012408965,0.013813702849687165,-44.40047791098563,0.0,0.0,399.6053346918846,398.02016868121007,399.1634689622288,399.53259125853936,399.20236846044907,398.99689015968465,399.3284348943446,95.99999999999999,399.1626625270146,0.8905606404755251,1,1.5383767444688012,0.17164536144378328
74.5,0.0,399.1570048411223,0.8919880696164737,95.99999999999999,392.87747112088954,400.00000000000097,520719.072464747,80.92753525226709,1.5291156931265997,-1.8276263347161148e-06,5.608233941941701e-09,2.4144748700383183e-14,4.47124975933022e-16,5.451774190266908,0.013813472483658901,-44.40047791098563,0.0,0.0,399.59296175816405,398.0158898375319,399.1538659135137,399.5263224737895,399.1986917634076,398.9905899116846,399.32341977056,95.99999999999999,399.1570048411223,0.8919880696164737,1,1.5383767444688012,0.17166363425605227
75.0,0.0,399.15134715521737,0.893407368608231,95.99999999999999,392.86714543325445,400.0000000000011,520718.52932690014,81.47067309913623,1.529076482933802,-1.8662732088614575e-06,5.726825312187812e-09,2.1053471466192513e-14,3.898791012257874e-16,5.4518004138743485,0.013813240112499552,-44.40047791098563,0.0,0.0,399.5806599555707,398.01212094727714,399.14441175492516,399.5199769184102,399.19429739396946,398.984290964863,399.3184033455717,95.99999999999999,399.15134715521737,0.893407368608231,1,1.5383767444688012,0.1716825177887388
75.5,0.0,399.1456894693039,0.8948155077856844,95.99999999999999,392.8562359282328,400.0000000000011,520717.98618905246,82.01381094683043,1.5290373725307902,-1.9057321480886458e-06,5.8479085763558705e-09,2.2552272549436474e-14,4.176346768414163e-16,5.451826679308953,0.013813005777084983,-44.40047791098563,0.0,0.0,399.568387755794,398.0089401537824,399.134751376292,399.51353601907425,399.1891500529981,398.97799202026295,399.3133869183449,95.99999999999999,399.1456894693039,0.8948155077856844,1,1.5383767444688012,0.17170191348252145
76.0,0.0,399.1400317833819,0.8962190774282321,95.99999999999999,392.84476358091933,400.000000000001,520717.44305120397,82.55694879533786,1.5289983596411154,-1.946006563002811e-06,5.971494200191035e-09,2.318457925643002e-14,4.2934406030425976e-16,5.451852989247027,0.013812769518476722,-44.40047791098563,0.0,0.0,399.55615567117445,398.0061943885278,399.1248672468932,399.50698508020173,399.18322035945965,398.97169092857285,399.3083726381911,95.99999999999999,399.1400317833819,0.8962190774282321,1,1.5383767444688012,0.1717218214683331
76.5,0.0,399.13437409745336,0.8976437770645833,95.99999999999999,392.8326876959541,400.000000000001,520716.89991335484,83.10008664448623,1.5289594418804524,-1.9869192158239457e-06,6.0970383138032974e-09,2.3652954594943758e-14,4.380176776841438e-16,5.451879345665366,0.013812531377091531,-44.40047791098563,0.0,0.0,399.5438324291093,398.00377912487176,399.11490605336127,399.5002789218353,399.1764878193933,398.9653877720756,399.3033604228311,95.99999999999999,399.13437409745336,0.8976437770645833,1,1.5383767444688012,0.17174233572460884
77.0,0.0,399.1287164115143,0.8990518448819734,95.99999999999999,392.82005621602735,400.00000000000097,520716.35677550465,83.64322449463181,1.5289206168212892,-2.0288833582071675e-06,6.225809016647549e-09,2.3746629662646506e-14,4.397524011601206e-16,5.451905750029264,0.013812291392358724,-44.40047791098563,0.0,0.0,399.53141512919603,398.00161798021577,399.10504512759087,399.4933907247496,399.168959660377,398.95908404389553,399.29834877913305,95.99999999999999,399.1287164115143,0.8990518448819734,1,1.5383767444688012,0.17176349435507035
77.5,0.0,399.1230587255767,0.9004178964274548,95.99999999999999,392.80694265681257,400.00000000000097,520715.81363765465,84.18636234464677,1.528881881984281,-2.070669580689355e-06,6.354033756452763e-09,2.2622528850213535e-14,4.189357194483989e-16,5.45193220220637,0.013812049601949407,-44.40047791098563,0.0,0.0,399.51718592520604,397.9996462460683,399.09546493476796,399.48628466123915,399.16068794388667,398.9527762110625,399.2933412400908,95.99999999999999,399.1230587255767,0.9004178964274548,1,1.5383767444688012,0.17178482211879165
78.0,0.0,399.11740103964945,0.9017796432683797,95.99999999999999,392.7934267100327,400.00000000000136,520715.2704998057,84.72950019365403,1.5288432350358894,-2.111409202143477e-06,6.47904690792738e-09,2.227124734632823e-14,4.124305064134859e-16,5.451958700341804,0.01381180604056093,-44.40047791098563,0.0,0.0,399.50096957285507,397.9978498105088,399.08633082006344,399.4791178036259,399.15166322064175,398.9464619491649,399.28834013013403,95.99999999999999,399.11740103964945,0.9017796432683797,1,1.5383767444688012,0.17180631897361892
78.5,0.0,399.1117433537403,0.9031229001683201,95.99999999999999,392.7795511334281,400.0000000000012,520714.72736195836,85.2726380409368,1.5288046737387384,-2.1505217375761276e-06,6.599067201245631e-09,2.138133420315213e-14,3.959506333917062e-16,5.451985243236441,0.013811560740555347,-44.40047791098563,0.0,0.0,399.4858535521856,397.9961951393748,399.07770485820623,399.47190131586757,399.1418852741193,398.9401426196747,399.28334408780586,95.99999999999999,399.1117433537403,0.9031229001683201,1,1.5383767444688012,0.17182807490782998
79.0,0.0,399.10608566785396,0.9044361765798109,95.99999999999999,392.76559680010945,400.0000000000011,520714.1842241133,85.81577588602534,1.5287661960710728,-2.187360877314859e-06,6.7121113777002115e-09,2.2083897210922736e-14,4.0896105946153227e-16,5.452011829134688,0.013811313739620808,-44.40047791098563,0.0,0.0,399.4718959035631,397.99455833454766,399.06948849412004,399.46460158848987,399.1313628743782,398.93381861782916,399.27835271787876,95.99999999999999,399.10608566785396,0.9044361765798109,1,1.5383767444688012,0.17185017109066805
79.5,0.0,399.1004279819946,0.9057280225539995,95.99999999999999,392.7519109699835,400.000000000001,520713.6410862708,86.3589137285229,1.528727800144547,-2.2216388799733977e-06,6.817296477258019e-09,2.295039158717315e-14,4.2500725161431774e-16,5.452038455752542,0.013811065078605345,-44.40047791098563,0.0,0.0,399.4589150642379,397.9928200234386,399.0614888040397,399.4572955650534,399.1200986311912,398.9274892667353,399.273366697254,95.99999999999999,399.1004279819946,0.9057280225539995,1,1.5383767444688012,0.1718726892838317
80.0,0.0,399.0947702961638,0.9070110562816015,95.99999999999999,392.7378607561785,400.000000000001,520713.09794843104,86.90205156828651,1.5286894838060487,-2.2531839647399465e-06,6.914095375221298e-09,2.4074492399606123e-14,4.458239333260394e-16,5.45206511238867,0.013810814804718305,-44.40047791098563,0.0,0.0,399.45157151887565,397.9908896814618,399.05349013077216,399.4500698222496,399.10810855696957,398.92115305041887,399.2683875419086,95.99999999999999,399.0947702961638,0.9070110562816015,1,1.5383767444688012,0.17189572517735044
80.5,0.0,399.0891126103609,0.90828256856785,95.99999999999999,392.72351244116777,400.000000000001,520712.55481059395,87.44518940535465,1.528651244454715,-2.282048654933533e-06,7.002669244065472e-09,2.0210395856867785e-14,3.7426658994199613e-16,5.452091792782732,0.013810562951227682,-44.40047791098563,0.0,0.0,399.4457676227572,397.98871256975883,399.0452873399882,399.4427454473517,399.09542124508056,398.9148104303368,399.2634147903851,95.99999999999999,399.0891126103609,0.90828256856785,1,1.5383767444688012,0.1719192742062034
81.0,0.0,399.08345492458153,0.9095523204879393,95.99999999999999,392.7089222691717,400.0000000000011,520712.0116727592,87.98832724018398,1.5286130800902868,-2.3085850386905804e-06,7.084098497548942e-09,1.9226807645988935e-14,3.5605199344423966e-16,5.45211849708253,0.013810309541107863,-44.40047791098563,0.0,0.0,399.43834047410184,397.9862580947279,399.0367462954333,399.4353113734443,399.0820635835988,398.90846103641303,399.25844881274986,95.99999999999999,399.08345492458153,0.9095523204879393,1,1.5383767444688012,0.17194332970767195
81.5,0.0,399.077797238823,0.9107849127557671,95.99999999999999,392.6941485441421,400.0000000000011,520711.4685349263,88.53146507300303,1.528574988742301,-2.333260823661476e-06,7.159818338190945e-09,2.236492241403098e-14,4.141652298894627e-16,5.452145225040895,0.013810054600380341,-44.40047791098563,0.0,0.0,399.42917203954426,397.9835362859637,399.0278182756826,399.4277737575086,399.0680681918417,398.9021060572205,399.25348842042536,95.99999999999999,399.077797238823,0.9107849127557671,1,1.5383767444688012,0.17196780068959588
82.0,0.0,399.0721395530846,0.9120134738237353,95.99999999999999,392.6792398080555,400.0000000000011,520710.92539709545,89.07460290388447,1.5285369678670067,-2.3558972941373213e-06,7.229280360945239e-09,2.2903554053321778e-14,4.2413988987632933e-16,5.452171972062984,0.013809798155934833,-44.40047791098563,0.0,0.0,399.41867425012595,397.98058638009314,399.0184958401621,399.4203125980398,399.05357475321074,398.8957464190297,399.24853268713946,95.99999999999999,399.0721395530846,0.9120134738237353,1,1.5383767444688012,0.17199279048560434
82.5,0.0,399.06648186736345,0.9132355828669076,95.99999999999999,392.6642310915017,400.00000000000097,520710.3822592662,89.61774073311256,1.5284990152018987,-2.3769042911681026e-06,7.293742199521556e-09,1.96483454506513e-14,3.638582490861353e-16,5.452198734058533,0.013809540221329618,-44.40047791098563,0.0,0.0,399.40729435552703,397.97747272498964,399.0087349185973,399.41259710634336,399.0386389474838,398.88938184813355,399.2435818865934,95.99999999999999,399.06648186736345,0.9132355828669076,1,1.5383767444688012,0.17201844054813692
83.0,0.0,399.0608241816544,0.9144527285289945,95.99999999999999,392.6491505302611,400.00000000000097,520709.83912143816,90.160878561182,1.528461128979699,-2.3967505455857463e-06,7.354642196162679e-09,2.1100309000043887e-14,3.907464629637758e-16,5.452225512012958,0.013809280814650219,-44.40047791098563,0.0,0.0,399.395433022683,397.97427914584927,398.9984854955601,399.40465658221405,399.0232900864739,398.88301303110086,399.23863533220793,95.99999999999999,399.0608241816544,0.9144527285289945,1,1.5383767444688012,0.17204484831790115
83.5,0.0,399.0551664959526,0.9156668554095051,95.99999999999999,392.6341553973565,400.000000000001,520709.2959836108,90.70401638856092,1.5284233077552416,-2.4158946700936212e-06,7.41338764473409e-09,2.206047844399705e-14,4.0852737859253807e-16,5.452252301799343,0.01380901996144755,-44.40047791098563,0.0,0.0,399.3834179549833,397.9710790892301,398.9878124374393,399.3968066880133,399.0075300076225,398.8766402288709,399.23369276303424,95.99999999999999,399.0551664959526,0.9156668554095051,1,1.5383767444688012,0.17207213122786735
84.0,0.0,399.0495088102551,0.9168790731029587,95.99999999999999,392.6191391060243,400.000000000001,520708.75284578383,91.24715421552045,1.528385550799171,-2.4346339557723695e-06,7.470890809355333e-09,2.121740283467232e-14,3.929148673087468e-16,5.45227910394666,0.013808757690511892,-44.40047791098563,0.0,0.0,399.3714791660464,397.9678404613999,398.9768360820103,399.38907191779197,398.9914575694276,398.870260341351,399.22875727915914,95.99999999999999,399.0495088102551,0.9168790731029587,1,1.5383767444688012,0.17210022354517773
84.5,0.0,399.0438511245678,0.9180837227566171,95.99999999999999,392.60402262213444,400.000000000001,520708.2097079578,91.79029204148776,1.5283478559343822,-2.45244203256334e-06,7.525536476690466e-09,2.114714653389526e-14,3.916138247017642e-16,5.452305918149871,0.013808494034656685,-44.40047791098563,0.0,0.0,399.35928158524547,397.96453469473204,398.9657023742733,399.381449360392,398.97512291012623,398.86387588414215,399.22382636499367,95.99999999999999,399.0438511245678,0.9180837227566171,1,1.5383767444688012,0.17212889568928583
85.0,0.0,399.0381934388891,0.9192761154647285,95.99999999999999,392.588815305443,400.000000000001,520707.66657013266,92.33342986665865,1.5283102211799295,-2.469373129088126e-06,7.577491052087489e-09,2.1592103105483312e-14,3.9985376121265404e-16,5.452332744143985,0.013808229015603416,-44.40047791098563,0.0,0.0,399.34422121923,397.9611314939973,398.9545627029462,399.3739463691896,398.9585779197296,398.8574891756315,399.2188977021467,95.99999999999999,399.0381934388891,0.9192761154647285,1,1.5383767444688012,0.17215816141334495
85.5,0.0,399.03253575321133,0.9204799267445162,95.99999999999999,392.5735224004375,400.000000000001,520707.1234323076,92.87656769171879,1.5282726448613162,-2.486188719785787e-06,7.629091187581854e-09,2.2926972820247465e-14,4.2457357074532354e-16,5.452359580922712,0.013807962642231292,-44.40047791098563,0.0,0.0,399.32895731193736,397.9577024634289,398.9435625767261,399.3665711367026,398.9418826964801,398.85109994433867,399.2139715620841,95.99999999999999,399.03253575321133,0.9204799267445162,1,1.5383767444688012,0.17218821213584984
86.0,0.0,399.02687806752743,0.9216781765135771,95.99999999999999,392.55814598884734,400.0000000000011,520706.58029448194,93.41970551737313,1.528235125518804,-2.5036478916717897e-06,7.682666209187397e-09,2.1498428037780564e-14,3.9811903773667723e-16,5.4523864253491725,0.013807694908186289,-44.40047791098563,0.0,0.0,399.31386107556295,397.95427408453025,398.93283109801246,399.35941803039316,398.92512481206427,398.84470911872836,399.2090470163267,95.99999999999999,399.02687806752743,0.9216781765135771,1,1.5383767444688012,0.17221918674779096
86.5,0.0,399.0212203818292,0.9228734348848822,95.99999999999999,392.5426882314847,400.0000000000011,520706.03715665493,93.96284334441037,1.5281976620694506,-2.522443111274697e-06,7.740341012029219e-09,2.1357915436226443e-14,3.95516952522712e-16,5.452413273967171,0.01380742582350525,-44.40047791098563,0.0,0.0,399.298938559941,397.95082022090645,398.9224537748973,399.35253674502087,398.9083741434844,398.8383188077897,399.2041219558686,95.99999999999999,399.0212203818292,0.9228734348848822,1,1.5383767444688012,0.17225113379904905
87.0,0.0,399.01556269611456,0.9240586879662231,95.99999999999999,392.52714335509233,400.0000000000011,520705.4940188263,94.50598117301553,1.5281602533488423,-2.5428680316963437e-06,7.80301669676536e-09,2.100663393234114e-14,3.89011739487799e-16,5.452440123150819,0.01380715542737,-44.40047791098563,0.0,0.0,399.2839790197846,397.9473210443052,398.9124887152436,399.34593614481736,398.89161808772167,398.83192351519926,399.1992018770298,95.99999999999999,399.01556269611456,0.9240586879662231,1,1.5383767444688012,0.17228399911932402
87.5,0.0,399.00990501038274,0.9252233860459472,95.99999999999999,392.511501160464,400.0000000000011,520704.95088099607,95.04911900326343,1.5281228981040285,-2.5648631947206013e-06,7.870510810571914e-09,2.1802872007814494e-14,4.0375688903360185e-16,5.452466969423324,0.013806883763824036,-44.40047791098563,0.0,0.0,399.2690166435989,397.9437675159103,398.90296903980567,399.33989460850097,398.8748770966928,398.82552962043064,399.19428040033495,95.99999999999999,399.00990501038274,0.9252233860459472,1,1.5383767444688012,0.17231772372793788
88.0,0.0,399.00424732463557,0.9263687425200544,95.99999999999999,392.4957469553753,400.000000000001,520704.40774316434,95.59225683498664,1.5280855950789716,-2.5883731211706618e-06,7.942653110660986e-09,2.0444583526124654e-14,3.7860339863193815e-16,5.452493809506294,0.013806610871794252,-44.40047791098563,0.0,0.0,399.25398881578565,397.94014949196776,398.89390394520257,399.3343109835815,398.8581112065714,398.81914142497976,399.1893532242916,95.99999999999999,399.00424732463557,0.9263687425200544,1,1.5383767444688012,0.17235228841914946
88.5,0.0,398.9985896388739,0.9274888861153137,95.99999999999999,392.47986196572856,400.000000000001,520703.8646053312,96.13539466811523,1.5280483426518934,-2.6132799177958077e-06,8.01908183110831e-09,1.9367320247543056e-14,3.5865407865820487e-16,5.45252064017406,0.013806336782914999,-44.40047791098563,0.0,0.0,399.23879736736706,397.9364566270378,398.885278253119,399.32903231210935,398.8413164097607,398.8127652164703,399.1844140612774,95.99999999999999,398.9985896388739,0.9274888861153137,1,1.5383767444688012,0.17238767696291657
89.0,0.0,398.9929319530937,0.9285880886821128,95.99999999999999,392.4638211524708,400.000000000001,520703.32146749634,96.67853250300752,1.5280111390879796,-2.6399349906114367e-06,8.100875292523253e-09,2.2926972820247465e-14,4.2457357074532354e-16,5.4525474581878415,0.013806061515718919,-44.40047791098563,0.0,0.0,399.2234358212506,397.93267606451764,398.87705644539574,399.32404465493613,398.8245128182083,398.80639971147355,399.179464194714,95.99999999999999,398.9929319530937,0.9285880886821128,1,1.5383767444688012,0.17242392324216088
89.5,0.0,398.98727426728533,0.9296803731531227,95.99999999999999,392.44759423157967,400.000000000001,520702.7783296587,97.22167034062272,1.5279739832173083,-2.6693858501403156e-06,8.19124787410179e-09,2.077244626308427e-14,3.8467493079785697e-16,5.452574260301978,0.01380578508418028,-44.40047791098563,0.0,0.0,399.20820166714185,397.9287986067825,398.869005635851,399.3193438872675,398.8077157668408,398.8000466876745,399.174501846896,95.99999999999999,398.98727426728533,0.9296803731531227,1,1.5383767444688012,0.1724611013335197
90.0,0.0,398.9816165814366,0.9307682975127829,95.99999999999999,392.4311461041931,400.0000000000011,520702.2351918172,97.76480818210369,1.5279368739995052,-2.702618616012842e-06,8.293225571627062e-09,2.311432295565296e-14,4.2804301769727715e-16,5.452601043242639,0.013805507513592327,-44.40047791098563,0.0,0.0,399.19315116141684,397.92483561049164,398.8612304478523,399.3149105132906,398.7909360341826,398.7937074567074,399.1695257061657,95.99999999999999,398.9816165814366,0.9307682975127829,1,1.5383767444688012,0.17249922631898465
90.5,0.0,398.9759588955533,0.9318443442737948,95.99999999999999,392.4144458781984,400.0000000000011,520701.6920539724,98.30794602689684,1.527899810153018,-2.739226744097323e-06,8.405560868276323e-09,2.1873128308591554e-14,4.0505793164058446e-16,5.452627804314333,0.01380522883129223,-44.40047791098563,0.0,0.0,399.1779411010108,397.92077961866414,398.8538158813268,399.310734429926,398.7741804882718,398.78738259740027,399.16453519370623,95.99999999999999,398.9759588955533,0.9318443442737948,1,1.5383767444688012,0.17253800968348249
91.0,0.0,398.97030120963205,0.932901243341989,95.99999999999999,392.3974537444886,400.0000000000011,520701.148916124,98.85108387533148,1.5278627903813708,-2.7793866763659025e-06,8.528795191932376e-09,2.114714653389526e-14,3.916138247017642e-16,5.452654540914402,0.013804949061113037,-44.40047791098563,0.0,0.0,399.16279271244105,397.91661000800735,398.8468154997079,399.3068081897879,398.7574523616033,398.78107425721805,399.1595281620462,95.99999999999999,398.97030120963205,0.932901243341989,1,1.5383767444688012,0.17257703045217912
91.5,0.0,398.96464352366803,0.9339489176618228,95.99999999999999,392.3801478728077,400.0000000000011,520700.60577827145,99.39422172787809,1.5278258153655377,-2.823733467494094e-06,8.664877264343502e-09,2.002304572146229e-14,3.707971429900425e-16,5.4526812528413835,0.013804668225004849,-44.40047791098563,0.0,0.0,399.1476556792892,397.9123023245296,398.84024980283897,399.303121786002,398.7407515420825,398.77478451986536,399.15450252747064,95.99999999999999,398.96464352366803,0.9339489176618228,1,1.5383767444688012,0.1726161944353151
92.0,0.0,398.9589858376854,0.9349652176443505,95.99999999999999,392.3625114459108,400.0000000000011,520700.06264041713,99.93735958220762,1.5277888854088615,-2.86982944430747e-06,8.806326868587627e-09,2.1123727766969574e-14,3.9118014383277e-16,5.452707939504506,0.013804386361331649,-44.40047791098563,0.0,0.0,399.1327650621107,397.9078415032146,398.8340967453243,399.29980462694346,398.7240747350069,398.76851267985523,399.14945899551554,95.99999999999999,398.9589858376854,0.9349652176443505,1,1.5383767444688012,0.17265563228243647
92.5,0.0,398.95332815168683,0.9359796275422322,95.99999999999999,392.3445209605633,400.0000000000011,520699.5195025613,100.48049743806358,1.5277520004280192,-2.917439047678272e-06,8.952421170532553e-09,2.0889540097712705e-14,3.86843335142828e-16,5.452734599994406,0.013804103509858709,-44.40047791098563,0.0,0.0,399.11879635516334,397.9032204224709,398.82831847967145,399.2968254513428,398.7074069371104,398.76225998734867,399.1443963160252,95.99999999999999,398.95332815168683,0.9359796275422322,1,1.5383767444688012,0.172695495187576
93.0,0.0,398.9476704656709,0.936990745781818,95.99999999999999,392.3266021783591,400.0000000000011,520698.97636470373,101.02363529559939,1.5277151601916032,-2.9667962451185304e-06,9.103878120296067e-09,1.957808914987424e-14,3.625572064791527e-16,5.45276123307011,0.013803819709392779,-44.40047791098563,0.0,0.0,399.1057725908971,397.8980655869808,398.82287056117235,399.2941239796969,398.6907480112098,398.7560247340876,399.1393161972542,95.99999999999999,398.9476704656709,0.936990745781818,1,1.5383767444688012,0.17273550668072124
93.5,0.0,398.94201277967807,0.9379752555153107,95.99999999999999,392.30835646298357,400.0000000000011,520698.4332268484,101.56677315090647,1.5276783641965765,-3.013881979541111e-06,9.248364883784833e-09,2.145159050392919e-14,3.972516759986888e-16,5.452787837377969,0.013803534999246357,-44.40047791098563,0.0,0.0,399.09334728858494,397.89247268446917,398.8176973616148,399.2916485715192,398.6740935340943,398.74980702208455,399.1342185372717,95.99999999999999,398.94201277967807,0.9379752555153107,1,1.5383767444688012,0.1727757506979151
94.0,0.0,398.9363550938088,0.9389463488535525,95.99999999999999,392.28970852436385,400.000000000001,520697.89008900494,102.10991099436015,1.5276416118229468,-3.049151331424582e-06,9.35659202660169e-09,2.100663393234114e-14,3.89011739487799e-16,5.4528144113186565,0.013803249413624624,-44.40047791098563,0.0,0.0,399.0812412285715,397.8867909718865,398.81275640775556,399.2893743168019,398.65743756592457,398.74360806829895,399.12910211931876,95.99999999999999,398.9363550938088,0.9389463488535525,1,1.5383767444688012,0.17281641896922062
94.5,0.0,398.9306974082261,0.9398972759735462,95.99999999999999,392.2706045388636,400.0000000000011,520697.346951189,102.65304881030288,1.5276049023909177,-3.056889482877523e-06,9.380337232501784e-09,1.96483454506513e-14,3.638582490861353e-16,5.4528409529733946,0.013802962984185476,-44.40047791098563,0.0,0.0,399.069289744032,397.8811383115997,398.8079729748263,399.2873974593251,398.64076512916745,398.73742839471595,399.1239664217362,95.99999999999999,398.9306974082261,0.9398972759735462,1,1.5383767444688012,0.17285764204863546
95.0,0.0,398.92503972267883,0.9408315879074882,95.99999999999999,392.2509246201743,400.0000000000011,520696.80381337646,103.196186622838,1.527568235207917,-3.0611930412760557e-06,9.393543084170325e-09,2.145159050392919e-14,3.972516759986888e-16,5.452867460223172,0.013802675741626,-44.40047791098563,0.0,0.0,399.057366904882,397.87567817367113,398.80326702631504,399.28562563240115,398.6240955322232,398.73126898156676,399.1188104637909,95.99999999999999,398.92503972267883,0.9408315879074882,1,1.5383767444688012,0.1728995627443068
95.5,0.0,398.9193820371393,0.9417588106587449,95.99999999999999,392.23106766909655,400.000000000001,520696.26067556464,103.73932443463457,1.5275316095220086,-3.0647937876437936e-06,9.404592294620123e-09,1.934390148061737e-14,3.5822039778921066e-16,5.452893930756856,0.013802387716438479,-44.40047791098563,0.0,0.0,399.0453845238301,397.87142849474816,398.79855227232486,399.28402649568267,398.60742118906813,398.7251272923434,399.11363678193516,95.99999999999999,398.9193820371393,0.9417588106587449,1,1.5383767444688012,0.17294229713651144
96.0,0.0,398.9137243516036,0.9426681698423349,95.99999999999999,392.21075076577546,400.000000000001,520695.7175377533,104.28246224605581,1.527496677734002,-3.06793205595568e-06,9.414222350026594e-09,1.9812276819131108e-14,3.668940151690947e-16,5.452920360770453,0.013802098936450733,-44.40047791098563,0.0,0.0,399.0333098594838,397.8673342747434,398.7937857709972,399.28259567621706,398.5907322217826,398.7190079360031,399.10844076720423,95.99999999999999,398.9137243516036,0.9426681698423349,1,1.5383767444688012,0.1729859300477154
96.5,0.0,398.90806666607006,0.9435700616902317,95.99999999999999,392.1900586739636,400.000000000001,520695.17439994204,104.82560005727854,1.5274678036701848,-3.0709542500062526e-06,9.423496221239545e-09,1.873501354054951e-14,3.469446951953614e-16,5.452946745863042,0.013801809425425388,-44.40047791098563,0.0,0.0,399.0211584290456,397.8632817335554,398.7889483355577,399.28131993361364,398.57402088936834,398.7129117274293,399.1032216047108,95.99999999999999,398.90806666607006,0.9435700616902317,1,1.5383767444688012,0.1730305946383372
97.0,0.0,398.90240898053696,0.9444461485595432,95.99999999999999,392.16916909155805,400.00000000000097,520694.63126213086,105.36873786845491,1.5274389202014802,-3.0739180090222362e-06,9.432590779352134e-09,1.9905951886833855e-14,3.686287386450715e-16,5.452973084154151,0.013801519204060423,-44.40047791098563,0.0,0.0,399.0089661887984,397.85911819738055,398.78401789645676,399.28019640678906,398.5572788220695,398.70683946235573,399.09797849871825,95.99999999999999,398.90240898053696,0.9444461485595432,1,1.5383767444688012,0.17307640273718972
97.5,0.0,398.89675129500307,0.9453209624983833,95.99999999999999,392.1480388332265,400.00000000000097,520694.08812431956,105.91187567970843,1.5274100267473296,-3.076997728612696e-06,9.442041172800072e-09,2.25054350155851e-14,4.167673151034279e-16,5.452999373883312,0.013801228292654219,-44.40047791098563,0.0,0.0,398.99866062301976,397.8547352204936,398.77897909197804,399.2792226944761,398.54049548259724,398.7007904929374,399.0927120970687,95.99999999999999,398.89675129500307,0.9453209624983833,1,1.5383767444688012,0.17312334008045907
98.0,0.0,398.8910936094681,0.9461902962111202,95.99999999999999,392.126704234135,400.000000000001,520693.54498650826,106.45501349106962,1.5273811226684635,-3.08007972193991e-06,9.451498543411448e-09,1.9016038743657753e-14,3.5214886562329184e-16,5.45302561310531,0.013800936709820404,-44.40047791098563,0.0,0.0,398.988860210745,397.85007923872905,398.7738309998745,399.27839427668806,398.5236654896423,398.6947662578337,399.08742096110234,95.99999999999999,398.8910936094681,0.9461902962111202,1,1.5383767444688012,0.1731713552699079
98.5,0.0,398.88543592393245,0.9470435140776423,95.99999999999999,392.10520076166233,400.000000000001,520693.00184869685,106.99815130248652,1.5273522074105583,-3.0832763115995476e-06,9.461307563060107e-09,2.0795865030009957e-14,3.8510861166685117e-16,5.453051800710421,0.013800644472529457,-44.40047791098563,0.0,0.0,398.9786182464893,397.8451451054505,398.7685887278283,399.27656595870826,398.5067863883724,398.6887676453242,399.0821042025407,95.99999999999999,398.88543592393245,0.9470435140776423,1,1.5383767444688012,0.17322040651999593
99.0,0.0,398.8797782383972,0.9478835323775614,95.99999999999999,392.08357485221757,400.000000000001,520692.45871088543,107.54128911387838,1.5273232804363395,-3.0864715370171325e-06,9.471112396410705e-09,1.8477407104366954e-14,3.421742056364252e-16,5.453077934875332,0.013800351599972002,-44.40047791098563,0.0,0.0,398.9679403642642,397.83996589792457,398.7632722590331,399.2749011340031,398.4898529947564,398.682795550722,399.0767609260722,95.99999999999999,398.8797782383972,0.9478835323775614,1,1.5383767444688012,0.17327043027193134
99.5,0.0,398.87412055286313,0.9487150445724548,95.99999999999999,392.0618786854826,400.0000000000009,520691.91557307413,108.08442692514429,1.5272943411405757,-3.08955387140486e-06,9.480570813596596e-09,1.8149544367407338e-14,3.3610267347050637e-16,5.453104012944347,0.013800058109918318,-44.40047791098563,0.0,0.0,398.95688636997147,397.8345973054469,398.75791330097184,399.2735179777256,398.47286377098146,398.67685085330555,399.07139025242066,95.99999999999999,398.87412055286313,0.9487150445724548,1,1.5383767444688012,0.17332141667726336
100.0,0.0,398.8684628673325,0.949531218971704,95.99999999999999,392.0401684546289,400.0000000000009,520691.37243526324,108.62756473608462,1.5272653888265728,-3.0922256826215744e-06,9.488769503923724e-09,2.002304572146229e-14,3.707971429900425e-16,5.453130032335346,0.013799764016029474,-44.40047791098563,0.0,0.0,398.9455554018814,397.8290992838236,398.7525383599983,399.2723709085579,398.45581748563984,398.6709308748184,399.0659948598466,95.99999999999999,398.8684628673325,0.949531218971704,1,1.5383767444688012,0.1733734336702194
100.5,0.0,398.8628051821707,0.9503384307343677,95.99999999999999,392.0184459105914,400.00000000000097,520690.8292974877,109.17070251161617,1.5272364227109154,-3.05956965007681e-06,9.388561563904546e-09,1.9554670382948552e-14,3.621235256101585e-16,5.453155989120039,0.013799469330408402,-44.40047791098563,0.0,0.0,398.9340601646954,397.823546603358,398.7471654787968,399.2714265910118,398.4387142595158,398.66503501409045,399.060575350251,95.99999999999999,398.8628051821707,0.9503384307343677,1,1.5383767444688012,0.17342651319319324
101.0,0.0,398.8571474968569,0.951146423157925,95.99999999999999,391.9967288148772,400.00000000000097,520690.28615969757,109.71384030175022,1.527207441963105,-3.041461553721092e-06,9.332995259853744e-09,2.0210395856867785e-14,3.7426658994199613e-16,5.4531818821443405,0.013799174063992769,-44.40047791098563,0.0,0.0,398.9224976287104,397.8180017659065,398.74180643800474,399.27066772261213,398.42155633623844,398.65916425235815,399.0551307413556,95.99999999999999,398.8571474968569,0.951146423157925,1,1.5383767444688012,0.17348055016994646
101.5,0.0,398.851489811453,0.9519395310458302,95.99999999999999,391.97501621323266,400.00000000000097,520689.74302189884,110.2569781005194,1.5271784459027051,-3.031968304867405e-06,9.303864381495715e-09,2.3278254324132768e-14,4.3107878378023656e-16,5.453207711976985,0.013798878226674057,-44.40047791098563,0.0,0.0,398.91095438209834,397.8124946114568,398.73646824723266,399.27008262624645,398.4043507283749,398.65331724629647,399.0496623766095,95.99999999999999,398.851489811453,0.9519395310458302,1,1.5383767444688012,0.1735354857488755
102.0,0.0,398.84583212599256,0.9527129613507883,95.99999999999999,391.9533687575529,400.00000000000097,520689.19988409465,110.80011590471968,1.5271494339117961,-3.027950668865742e-06,9.291535908129525e-09,1.7845100397373408e-14,3.3046482217358175e-16,5.453233476390271,0.013798581828065204,-44.40047791098563,0.0,0.0,398.8994958903728,397.80705160213705,398.73115499477404,399.26965460050485,398.3871048235238,398.6474914263554,399.04417282562986,95.99999999999999,398.84583212599256,0.9527129613507883,1,1.5383767444688012,0.17359125015899515
102.5,0.0,398.84017444049573,0.9534672791142769,95.99999999999999,391.9318482083321,400.00000000000097,520688.6567462869,111.34325371242396,1.5271204053457874,-3.027478584272103e-06,9.290087274570672e-09,2.077244626308427e-14,3.8467493079785697e-16,5.453259172221271,0.013798284877939443,-44.40047791098563,0.0,0.0,398.8881752269573,397.8016972719216,398.7258445149129,399.2693637504251,398.3698280246239,398.6416874018956,399.03866147909577,95.99999999999999,398.84017444049573,0.9534672791142769,1,1.5383767444688012,0.1736476655260544
103.0,0.0,398.8345167549736,0.954201936123349,95.99999999999999,391.91049398288163,400.00000000000097,520688.11360847676,111.88639152254112,1.5270913595582731,-3.0293946053916443e-06,9.295966755770946e-09,2.0608514894604462e-14,3.8163916471489756e-16,5.453284795853234,0.01379798738590649,-44.40047791098563,0.0,0.0,398.8770019679944,397.7964495240491,398.7204974524914,399.26918950322755,398.35253122238777,398.63590649452664,399.0331270154205,95.99999999999999,398.8345167549736,0.954201936123349,1,1.5383767444688012,0.1737046768669637
103.5,0.0,398.8288590694334,0.954908416096384,95.99999999999999,391.88932429259415,400.00000000000097,520687.5704706649,112.42952933440532,1.5270622960177116,-3.0330601532568835e-06,9.307214815378731e-09,2.0210395856867785e-14,3.7426658994199613e-16,5.453310343865006,0.013797689361299421,-44.40047791098563,0.0,0.0,398.86597564890684,397.7913245029017,398.7151372366622,399.2691117805318,398.3352264964192,398.63014770725323,399.02757043161347,95.99999999999999,398.8288590694334,0.954908416096384,1,1.5383767444688012,0.17376227212060819
104.0,0.0,398.8232013838802,0.9555912746138354,95.99999999999999,391.8683543719549,400.00000000000097,520687.0273328518,112.97266714751314,1.5270332145349765,-3.0379435145277967e-06,9.322199843724011e-09,1.9367320247543056e-14,3.5865407865820487e-16,5.453335812413184,0.01379739081381946,-44.40047791098563,0.0,0.0,398.8551211525286,397.7863538875472,398.7097223764313,399.2691200717023,398.31792658770087,398.62440960491296,399.02199316284737,95.99999999999999,398.8232013838802,0.9555912746138354,1,1.5383767444688012,0.17382045021275722
104.5,0.0,398.81754369831594,0.9562593433148907,95.99999999999999,391.8475918951197,400.00000000000097,520686.4841950376,113.51580496167199,1.5270041148660596,-3.043878820108148e-06,9.340412856733966e-09,1.82198006681844e-14,3.37403716077489e-16,5.453361197488547,0.013797091768594762,-44.40047791098563,0.0,0.0,398.84579149923536,397.7816444380484,398.70432235882765,399.26919855981504,398.3006444732043,398.61869115915067,399.0163962374814,95.99999999999999,398.81754369831594,0.9562593433148907,1,1.5383767444688012,0.17387895038096712
105.0,0.0,398.8118860127406,0.9569063186035347,95.99999999999999,391.82703245247967,400.000000000001,520685.94105722243,114.0589427769091,1.526974996091146,-3.050859248787674e-06,9.361832922918284e-09,1.9250226412914622e-14,3.5648567431323386e-16,5.453386495701561,0.013796792251983783,-44.40047791098563,0.0,0.0,398.8366307967153,397.77719640387124,398.698990323654,399.2693267598139,398.28339359913065,398.6129902298154,399.01078179566576,95.99999999999999,398.8118860127406,0.9569063186035347,1,1.5383767444688012,0.17393757288436754
105.5,0.0,398.8062283271545,0.95753319076535,95.99999999999999,391.80669019839746,400.000000000001,520685.3979194061,114.60208059317722,1.5269458574821317,-3.05894641883242e-06,9.38664912340614e-09,1.9905951886833855e-14,3.686287386450715e-16,5.453411701405691,0.013796492258223986,-44.40047791098563,0.0,0.0,398.827548111591,397.77300806842663,398.69376449094176,399.2694873361309,398.26618806402223,398.60730931738703,399.00514733692194,95.99999999999999,398.8062283271545,0.95753319076535,1,1.5383767444688012,0.17399618988506885
106.0,0.0,398.8005706415578,0.9581379106558277,95.99999999999999,391.78655683943373,400.00000000000114,520684.8547815889,115.14521841045277,1.5269166985059275,-3.067963092462378e-06,9.414317588307525e-09,2.0749027496158583e-14,3.8424124992886277e-16,5.453436814850172,0.013796191788917486,-44.40047791098563,0.0,0.0,398.81846818595443,397.76908376872456,398.6886458493976,399.26966900212767,398.2490429195197,398.601650480647,398.9994908024687,95.99999999999999,398.8005706415578,0.9581379106558277,1,1.5383767444688012,0.17405478890250398
106.5,0.0,398.7949129559498,0.9587419258103097,95.99999999999999,391.7666015299201,400.0000000000011,520684.3116437705,115.68835622882173,1.5268875187016635,-3.07814516986582e-06,9.445562198329153e-09,1.9905951886833855e-14,3.686287386450715e-16,5.453461834084483,0.013795890847747816,-44.40047791098563,0.0,0.0,398.80933874098156,397.7653580442888,398.68363049227344,399.26973436179946,398.23196942427205,398.5960117090004,398.99381420289933,95.99999999999999,398.7949129559498,0.9587419258103097,1,1.5383767444688012,0.17411341309657383
107.0,0.0,398.78925527033067,0.9593470717867232,95.99999999999999,391.74678897619924,400.0000000000011,520683.7685059511,116.23149404825881,1.5268583176806738,-3.0893195059888967e-06,9.479851642475205e-09,1.8032450532778903e-14,3.3393426912553537e-16,5.453486756351664,0.01379558944062317,-44.40047791098563,0.0,0.0,398.80013213119105,397.7618866807416,398.67871337085774,399.26923996199497,398.21498344478067,398.5903925245664,398.988118016095,95.99999999999999,398.78925527033067,0.9593470717867232,1,1.5383767444688012,0.17417213542900337
107.5,0.0,398.78359758469946,0.9599397389618671,95.99999999999999,391.7270949399248,400.000000000001,520683.2253681304,116.77463186885701,1.52682909510476,-3.101771682167964e-06,9.518062252473519e-09,1.9437576548320117e-14,3.5995512126518747e-16,5.453511578656982,0.01379528757520877,-44.40047791098563,0.0,0.0,398.7908381020407,397.7587138586712,398.6738847237759,399.26793156268053,398.1981019082132,398.58479270565147,398.9824024637474,95.99999999999999,398.78359758469946,0.9599397389618671,1,1.5383767444688012,0.17423099730059993
108.0,0.0,398.7779398990565,0.9605513632054943,95.99999999999999,391.70748253740794,400.000000000001,520682.68223030877,117.31776969058745,1.526799851172763,-3.1152116832799948e-06,9.559304091127552e-09,1.850082587129264e-14,3.426078865054194e-16,5.4535362985540745,0.013794985259886094,-44.40047791098563,0.0,0.0,398.7814642335234,397.75584388732,398.6692146155682,399.2661384671922,398.18134221871753,398.5792068027703,398.9766729953426,95.99999999999999,398.7779398990565,0.9605513632054943,1,1.5383767444688012,0.17429003610458726
108.5,0.0,398.77228221340397,0.9611563661526414,95.99999999999999,391.68790664957015,400.000000000001,520682.1390924861,117.86090751322737,1.5267705882106604,-3.1296431473037956e-06,9.603588321898807e-09,1.7891937931224782e-14,3.3133218391157016e-16,5.4535609156394065,0.013794682506899199,-44.40047791098563,0.0,0.0,398.7720387935876,397.75197099249374,398.6646892460781,399.26432727460224,398.164721561927,398.573637621063,398.97092680574485,95.99999999999999,398.77228221340397,0.9611563661526414,1,1.5383767444688012,0.17434928663610208
109.0,0.0,398.766624527752,0.9617261945646789,95.99999999999999,391.66833096093524,400.0000000000011,520681.5959546635,118.40404533580976,1.5267413074097218,-3.1440157215456566e-06,9.647691844137012e-09,1.941415778139443e-14,3.5952144039619327e-16,5.453585428616647,0.013794379345255167,-44.40047791098563,0.0,0.0,398.76260082540284,397.7468259686539,398.660276022883,399.2625188173361,398.14825760612706,398.5680863096153,398.96516274588873,95.99999999999999,398.766624527752,0.9617261945646789,1,1.5383767444688012,0.17440869924213945
109.5,0.0,398.76096684211944,0.96226814880393,95.99999999999999,391.6487301921092,400.0000000000011,520681.0528168428,118.94718315654009,1.52671200941033,-3.1565265601329884e-06,9.68608246495203e-09,1.496459206551392e-14,2.7712207528729493e-16,5.453609835990619,0.01379407580181186,-44.40047791098563,0.0,0.0,398.75318914684755,397.74061178980327,398.6559455240358,399.260702572117,398.1319679851335,398.5625547056989,398.95937897854,95.99999999999999,398.76096684211944,0.96226814880393,1,1.5383767444688012,0.17446827251606545
110.0,0.0,398.7553091565156,0.9627931732693058,95.99999999999999,391.62908650298994,400.000000000001,520680.5096790248,119.49032097450939,1.526682694204293,-3.166298114365418e-06,9.716067348114893e-09,2.1498428037780564e-14,3.9811903773667723e-16,5.453634135300471,0.013793771900488165,-44.40047791098563,0.0,0.0,398.74383222011227,397.733716646944,398.65166261200056,399.25888395749723,398.11586865799984,398.557042645676,398.95357566735515,95.99999999999999,398.7553091565156,0.9627931732693058,1,1.5383767444688012,0.17452786801255427
110.5,0.0,398.74965147094383,0.963304015409788,95.99999999999999,391.6093913052835,400.000000000001,520679.9665412099,120.03345878939022,1.526653362015477,-3.172987732114052e-06,9.736595035095467e-09,1.9367320247543056e-14,3.5865407865820487e-16,5.453658322561161,0.013793467656238357,-44.40047791098563,0.0,0.0,398.7343108709908,397.72655075996727,398.6473807423584,399.2570653490855,398.0999748680804,398.5515495635969,398.94775337829094,95.99999999999999,398.74965147094383,0.963304015409788,1,1.5383767444688012,0.17458753536279137
111.0,0.0,398.74399378539925,0.9638016939155588,95.99999999999999,391.58964375734035,400.000000000001,520679.4234033976,120.5765966016811,1.526624013061012,-3.1770574366873916e-06,9.749083285504391e-09,1.8571082172069702e-14,3.43908929112402e-16,5.453682395772987,0.013793163086337282,-44.40047791098563,0.0,0.0,398.7246402148787,397.71945889405475,398.6429003184695,399.25524549291106,398.0843040402084,398.54607482033134,398.9419127504671,95.99999999999999,398.74399378539925,0.9638016939155588,1,1.5383767444688012,0.17464725451026564
111.5,0.0,398.73833609985627,0.9643074270808882,95.99999999999999,391.569847608359,400.000000000001,520678.8802655855,121.1197344138074,1.5265946474138974,-3.1809529730253416e-06,9.76103708519395e-09,2.0210395856867785e-14,3.7426658994199613e-16,5.453706353494057,0.013792858210037012,-44.40047791098563,0.0,0.0,398.7148830551565,397.713074738234,398.63823219169774,399.25342260713126,398.06886846660666,398.54061881445125,398.93605338526123,95.99999999999999,398.73833609985627,0.9643074270808882,1,1.5383767444688012,0.17470706440268657
112.0,0.0,398.7326784142781,0.9648120595283723,95.99999999999999,391.5500119626727,400.000000000001,520678.33712777006,121.66287222931436,1.526565264298115,-3.1881658912880084e-06,9.783170566339821e-09,2.0678771195381523e-14,3.8294020732188017e-16,5.453730194765696,0.013792553044536209,-44.40047791098563,0.0,0.0,398.70510338860913,397.70782355914355,398.6333798052577,399.251422454602,398.0536827304081,398.53518048334246,398.9301763452137,95.99999999999999,398.7326784142781,0.9648120595283723,1,1.5383767444688012,0.17476703067428984
112.5,0.0,398.72702072865013,0.9653246462153856,95.99999999999999,391.5301437696576,400.000000000001,520677.7939899497,122.20601004960089,1.526535863614666,-3.2003282797177235e-06,9.820491936857938e-09,1.7845100397373408e-14,3.3046482217358175e-16,5.453753918131273,0.01379224759261674,-44.40047791098563,0.0,0.0,398.69539101475044,397.70357175194874,398.6285092923079,399.24935024696543,398.03875674050386,398.5297589844416,398.9242824728585,95.99999999999999,398.72702072865013,0.9653246462153856,1,1.5383767444688012,0.17482719648323014
113.0,0.0,398.7213630430077,0.9658353599187494,95.99999999999999,391.5102467908555,400.0000000000011,520677.250852128,122.7491478712648,1.5265064455163713,-3.2137714640612103e-06,9.861743543540784e-09,1.669758081801475e-14,3.0921445959286586e-16,5.453777521801545,0.01379194185914785,-44.40047791098563,0.0,0.0,398.6858242588463,397.7000381511582,398.6237575259093,399.2472797217851,398.0240930224228,398.5243553329215,398.9183707530939,95.99999999999999,398.7213630430077,0.9658353599187494,1,1.5383767444688012,0.17488761436859337
113.5,0.0,398.715705357345,0.9663447143233024,95.99999999999999,391.490322178607,400.0000000000011,520676.70771430444,123.29228569489025,1.526477009987661,-3.2291342506596266e-06,9.90888562045632e-09,1.8617919705921076e-14,3.447762908503904e-16,5.453801003852295,0.013791635866188165,-44.40047791098563,0.0,0.0,398.6764545367092,397.69687457821357,398.61917026214104,399.2452115423229,398.0096987864438,398.51896979299363,398.91244092169643,95.99999999999999,398.715705357345,0.9663447143233024,1,1.5383767444688012,0.17494830365449443
114.0,0.0,398.71004767165186,0.966859856360574,95.99999999999999,391.470368023011,400.0000000000011,520676.1645764779,123.83542352143351,1.5264475568212745,-3.2474674469540332e-06,9.965142663687502e-09,1.9250226412914622e-14,3.5648567431323386e-16,5.4538243622361975,0.01379132963043605,-44.40047791098563,0.0,0.0,398.6673017951572,397.6937813172329,398.6147395733565,399.24314587984867,397.99557452349944,398.51360273275156,398.90649261055205,95.99999999999999,398.71004767165186,0.966859856360574,1,1.5383767444688012,0.17500922555454992
114.5,0.0,398.704389985609,0.9673714997040206,95.99999999999999,391.4503787996959,400.0000000000011,520675.62143861776,124.37856138155158,1.5264180857410246,-3.2993853267271334e-06,1.0124457294915103e-08,1.941415778139443e-14,3.5952144039619327e-16,5.453847594878765,0.013791023162395515,-44.40047791098563,0.0,0.0,398.6583558907698,397.6905509605022,398.61046757751876,399.24108248157927,397.98171224924727,398.5082548438595,398.90052512735843,95.99999999999999,398.704389985609,0.9673714997040206,1,1.5383767444688012,0.1750703879921889
115.0,0.0,398.69873229952714,0.9678833197541167,95.99999999999999,391.430345638983,400.0000000000011,520675.0783007539,124.92169924541332,1.5263885964206592,-3.3550247451330506e-06,1.0295191798400154e-08,1.6838093419568872e-14,3.1181654480683108e-16,5.453870699666036,0.01379071646956462,-44.40047791098563,0.0,0.0,398.6495799741415,397.6870876493666,398.6063641067165,399.2390270146135,397.9680980218731,398.5029264539885,398.89453814506567,95.99999999999999,398.69873229952714,0.9678833197541167,1,1.5383767444688012,0.17513182563788476
115.5,0.0,398.6930746134131,0.9683697353513311,95.99999999999999,391.4102366402602,400.0000000000011,520674.53516288695,125.46483711235233,1.5263590885245535,-3.413751102243623e-06,1.047539884782706e-08,1.850082587129264e-14,3.426078865054194e-16,5.453893674443098,0.01379040955831272,-44.40047791098563,0.0,0.0,398.6409204083505,397.6834760166645,398.60244028087766,399.2369784466825,397.95472336916424,398.49761712048263,398.8885321063436,95.99999999999999,398.6930746134131,0.9683697353513311,1,1.5383767444688012,0.1751935538763118
116.0,0.0,398.68741692727394,0.9688494791571053,95.99999999999999,391.38988180739204,400.0000000000009,520673.9920250176,126.00797498171823,1.52632956172299,-3.474863291330621e-06,1.0662927034849654e-08,1.76811690288936e-14,3.2742905609062234e-16,5.453916516981434,0.013790102435596176,-44.40047791098563,0.0,0.0,398.632315875907,397.67955359351816,398.598701610791,399.23491602659504,397.9415696339809,398.4923258282863,398.8825080262614,95.99999999999999,398.68741692727394,0.9688494791571053,1,1.5383767444688012,0.1752555876497327
116.5,0.0,398.6817592411161,0.9693128094948117,95.99999999999999,391.36927406272304,400.0000000000009,520673.4488871464,126.55111285286745,1.5263000156902033,-3.5378371023853106e-06,1.0856167774437264e-08,1.8336894502812833e-14,3.3957212042246e-16,5.453939224953384,0.013789795107976432,-44.40047791098563,0.0,0.0,398.62371079380506,397.6753832022613,398.59513725476234,399.2329275272608,397.92861559338286,398.48705204493285,398.87646643729937,95.99999999999999,398.6817592411161,0.9693128094948117,1,1.5383767444688012,0.17531793268066237
117.0,0.0,398.6761015549564,0.9697787889206532,95.99999999999999,391.3484152346027,400.000000000001,520672.9057492751,127.09425072420271,1.5262704500917326,-3.600929375124906e-06,1.1049772024240002e-08,1.8266638202035772e-14,3.382710778154774e-16,5.453961796101776,0.01378948758002038,-44.40047791098563,0.0,0.0,398.61506408137996,397.6710361562926,398.59173917952586,399.2311380231802,397.9158391332369,398.4817951118942,398.8704079980185,95.99999999999999,398.6761015549564,0.9697787889206532,1,1.5383767444688012,0.1753805758970441
117.5,0.0,398.67044386891325,0.9702462638832644,95.99999999999999,391.32730739043336,400.000000000001,520672.362611415,127.63738858434198,1.526240864626302,-3.652845322221765e-06,1.120908072487868e-08,1.9507832849097178e-14,3.612561638721701e-16,5.453984228195935,0.013789179855241985,-44.40047791098563,0.0,0.0,398.6063518819767,397.666596684119,398.58848601068024,399.22949005862654,397.90321788293494,398.4765544006946,398.86433333713194,95.99999999999999,398.67044386891325,0.9702462638832644,1,1.5383767444688012,0.1754434418828405
118.0,0.0,398.66478618328904,0.970715846507398,95.99999999999999,391.305959023023,400.000000000001,520671.819473595,128.18052640426063,1.5262112589936219,-3.664597755914656e-06,1.1245144112828892e-08,1.889894490902932e-14,3.4998046127832083e-16,5.454006519003229,0.013788871937321848,-44.40047791098563,0.0,0.0,398.59756486732584,397.6621623592874,398.5853407376583,399.2278330980111,397.8907296846809,398.47132916389234,398.85824320268586,95.99999999999999,398.66478618328904,0.970715846507398,1,1.5383767444688012,0.1755065215189448
118.5,0.0,398.6591284972135,0.9711807393463595,95.99999999999999,391.28439110950643,400.00000000000136,520671.27633573173,128.72366426752473,1.5261816329338482,-3.719658963063921e-06,1.1414104323651612e-08,1.927364517984031e-14,3.5691935518222806e-16,5.454028666307773,0.013788563829891274,-44.40047791098563,0.0,0.0,398.58870057449417,397.65786900825236,398.5822603258047,399.22602112490733,397.8783532010302,398.46611828907845,398.8521387053484,95.99999999999999,398.6591284972135,0.9711807393463595,1,1.5383767444688012,0.17556978565187448
119.0,0.0,398.653470810938,0.971625643669661,95.99999999999999,391.2626395324218,400.00000000000136,520670.73319784936,129.26680214996713,1.5261519861980533,-3.793809099761347e-06,1.1641640612403283e-08,1.903945751058344e-14,3.5258254649228604e-16,5.454050667824095,0.013788255536632358,-44.40047791098563,0.0,0.0,398.57980952657135,397.653707831255,398.57921239306535,399.2240981442493,397.866068269935,398.4609218148587,398.84601980701734,95.99999999999999,398.653470810938,0.971625643669661,1,1.5383767444688012,0.17563326493887826
119.5,0.0,398.6478131248447,0.972071434799857,95.99999999999999,391.2408480450744,400.0000000000012,520670.19005998445,129.8099400149173,1.5261223185533825,-3.850501030910891e-06,1.1815604844843871e-08,1.6205786712575326e-14,3.0010716134398763e-16,5.454072521341428,0.013787947061473222,-44.40047791098563,0.0,0.0,398.57096239103055,397.64964919262854,398.5761672819027,399.2221197434812,397.85385399796775,398.45573884024304,398.8398874094463,95.99999999999999,398.6478131248447,0.972071434799857,1,1.5383767444688012,0.17569698253966892
120.0,0.0,398.64215543840635,0.9725206228297574,95.99999999999999,391.21903409747273,400.0000000000012,520669.64692208637,130.35307791300033,1.5260926307446026,-3.9403705329732475e-06,1.209137740416727e-08,1.7798262863522034e-14,3.2959746043559335e-16,5.454094225564635,0.013787638408206758,-44.40047791098563,0.0,0.0,398.5622400612873,397.6456807329032,398.5731033256986,399.2201009226177,397.84169170858013,398.45056876599415,398.8337421108186,95.99999999999999,398.64215543840635,0.9725206228297574,1,1.5383767444688012,0.17576099314959198
120.5,0.0,398.63649775183154,0.9729676481152663,95.99999999999999,391.19721987565146,400.0000000000012,520669.1037841751,130.89621582418195,1.5260629244902129,-4.043393488473157e-06,1.2407512505122405e-08,1.782168163044772e-14,3.3003114130458755e-16,5.454115780211022,0.013787329587326843,-44.40047791098563,0.0,0.0,398.55372039678633,397.64169573215645,398.5699890584542,399.21802467601566,397.82956354905264,398.44541099657715,398.82758450708593,95.99999999999999,398.63649775183154,0.9729676481152663,1,1.5383767444688012,0.1758251948483745
121.0,0.0,398.6308400660658,0.9733993374304616,95.99999999999999,391.1754333653023,400.000000000001,520668.5606463416,131.4393536577001,1.5260332005934611,-4.06871160407718e-06,1.2485203394435696e-08,1.7189374923454175e-14,3.183217578417441e-16,5.454137183497416,0.01378702061842365,-44.40047791098563,0.0,0.0,398.54547768490295,397.6376407119334,398.5667984889754,399.2159524130104,397.81745249438734,398.44026641379276,398.82141371833865,95.99999999999999,398.6308400660658,0.9733993374304616,1,1.5383767444688012,0.17588950000882908
121.5,0.0,398.6251823803025,0.9738383585995598,95.99999999999999,391.15371810782955,400.000000000001,520668.01750850835,131.98249149097725,1.5260034594832674,-4.093736293953043e-06,1.2561993880807287e-08,1.82198006681844e-14,3.37403716077489e-16,5.454158432882103,0.013786711518694955,-44.40047791098563,0.0,0.0,398.53757522804085,397.63355491302644,398.5635149646078,399.213794159755,397.8053431495085,398.4351336587593,398.8152311018456,95.99999999999999,398.6251823803025,0.9738383585995598,1,1.5383767444688012,0.175953835495757
122.0,0.0,398.61952469453496,0.9742795308451291,95.99999999999999,391.1320951765017,400.00000000000097,520667.47437067464,132.525629324656,1.5259737014896495,-4.1192268724898895e-06,1.2640213987967364e-08,1.7423562592711044e-14,3.226585665316861e-16,5.454179527863642,0.013786402303872687,-44.40047791098563,0.0,0.0,398.5300628387165,397.6294636730792,398.5601320930368,399.2114999990704,397.79322212801947,398.4300121660911,398.80903722297876,95.99999999999999,398.61952469453496,0.9742795308451291,1,1.5383767444688012,0.17601819686569853
122.5,0.0,398.61386700876335,0.9747272611884357,95.99999999999999,391.11057919925827,400.00000000000097,520666.9312328406,133.06876715872716,1.5259439267689419,-4.1450684022947826e-06,1.2719511020304126e-08,2.0210395856867785e-14,3.7426658994199613e-16,5.4542004677194775,0.013786092987803242,-44.40047791098563,0.0,0.0,398.52297625867345,397.625384693796,398.55664646439925,399.20909783348685,397.7810784607724,398.4249014581552,398.8028325593715,95.99999999999999,398.61386700876335,0.9747272611884357,1,1.5383767444688012,0.17608260899316963
123.0,0.0,398.60820932295417,0.975179220732857,95.99999999999999,391.08969389574145,400.00000000000097,520666.38809500297,133.61190499640423,1.5259141353729626,-4.174455597194537e-06,1.2809688241306394e-08,1.7119118622677115e-14,3.170207152347615e-16,5.454221251639563,0.013785783582069427,-44.40047791098563,0.0,0.0,398.51632635491643,397.6213213508219,398.55306120724947,399.2066149875942,397.7689032762854,398.41980073905347,398.7966179068551,95.99999999999999,398.60820932295417,0.975179220732857,1,1.5383767444688012,0.17614708106244706
123.5,0.0,398.6025516370986,0.9756363203061285,95.99999999999999,391.0697590672244,400.00000000000097,520665.84495716076,134.1550428385432,1.5258843272310234,-4.208445062658939e-06,1.2913987938823896e-08,2.0186977089942098e-14,3.7383290907300193e-16,5.454241879934628,0.013785474092364945,-44.40047791098563,0.0,0.0,398.5101117093186,397.6172658353372,398.54920353807773,399.2040780189786,397.7568294184371,398.4147111225327,398.79039215166455,95.99999999999999,398.6025516370986,0.9756363203061285,1,1.5383767444688012,0.17621162645446192
124.0,0.0,398.59689395111707,0.9760917571878666,95.99999999999999,391.0507074154784,400.00000000000097,520665.30181930657,134.6981806927692,1.5258545016132514,-4.254421895666383e-06,1.3055071939703859e-08,1.941415778139443e-14,3.5952144039619327e-16,5.454262350816601,0.013785164466035178,-44.40047791098563,0.0,0.0,398.5043183916977,397.6131993051982,398.54540909010944,399.2015172944899,397.744817117855,398.40963070392314,398.78415719831105,95.99999999999999,398.59689395111707,0.9760917571878666,1,1.5383767444688012,0.17627600396382503
124.5,0.0,398.5912362648629,0.9765430482681235,95.99999999999999,391.0324592602041,400.0000000000009,520664.7586814262,135.2413185731648,1.525824658655922,-4.326595927750532e-06,1.3276544375711402e-08,1.8196381901258712e-14,3.369700352084948e-16,5.4542826621599385,0.013784854678001168,-44.40047791098563,0.0,0.0,398.49892421416496,397.60911546527126,398.54168903522134,399.1989681954017,397.7328503609291,398.4045588164316,398.77791371329437,95.99999999999999,398.5912362648629,0.9765430482681235,1,1.5383767444688012,0.1763402656922283
125.0,0.0,398.58557857934136,0.9769849600555963,95.99999999999999,391.0149306168417,400.0000000000009,520664.2155436161,135.78445638324106,1.5257947985881215,-4.328453400148646e-06,1.3282244194953142e-08,1.941415778139443e-14,3.5952144039619327e-16,5.454302811649543,0.01378454475376254,-44.40047791098563,0.0,0.0,398.4939031851902,397.60497190406215,398.5379419873429,399.19648477231215,397.72092473476243,398.39949479287475,398.77166236580786,95.99999999999999,398.58557857934136,0.9769849600555963,1,1.5383767444688012,0.17640448134918735
125.5,0.0,398.57992089381946,0.9774152823341793,95.99999999999999,390.99803841065483,400.0000000000009,520663.67240580596,136.32759419334437,1.5257649215333982,-4.33037180869178e-06,1.3288131002175025e-08,1.791535669815047e-14,3.3176586478056436e-16,5.454322796902145,0.013784234723651385,-44.40047791098563,0.0,0.0,398.48922881612145,397.600298905926,398.534230336417,399.1940979683208,397.70901546814923,398.39443760387667,398.76540418376226,95.99999999999999,398.57992089381946,0.9774152823341793,1,1.5383767444688012,0.17646867166713698
126.0,0.0,398.5742632082969,0.9778516870273334,95.99999999999999,390.9817077012598,400.0000000000009,520663.1292679958,136.87073200350372,1.5257350275169894,-4.332285215014053e-06,1.3294002459637345e-08,1.7774844096596348e-14,3.2916377956659915e-16,5.454342615869729,0.013783924610600006,-44.40047791098563,0.0,0.0,398.4848790066437,397.5944822620579,398.5304921967611,399.1918214189701,397.69713904612354,398.3893870380972,398.7591393784967,95.99999999999999,398.5742632082969,0.9778516870273334,1,1.5383767444688012,0.17653285110860953
126.5,0.0,398.56860552277374,0.9782963937445243,95.99999999999999,390.9658343948377,400.000000000001,520662.58613018563,137.4138698137309,1.5257051174645713,-4.334257283744591e-06,1.330005392791637e-08,1.6814674652643185e-14,3.1138286393783687e-16,5.454362267263201,0.013783614430823928,-44.40047791098563,0.0,0.0,398.4808356169232,397.5873564422641,398.5265243010974,399.1896694997256,397.68530168866005,398.38434243521897,398.7528686103285,95.99999999999999,398.56860552277374,0.9782963937445243,1,1.5383767444688012,0.17659708234419316
127.0,0.0,398.56294783724985,0.9787467134294997,95.99999999999999,390.950319472576,400.000000000001,520662.0429923753,137.95700762402015,1.5256751926420478,-4.336349292088926e-06,1.330647344156676e-08,1.707228108882574e-14,3.161533534967731e-16,5.4543817507054735,0.013783304203773127,-44.40047791098563,0.0,0.0,398.47708236837366,397.57921748825163,398.5221537653733,399.18765417916717,397.67351563737446,398.37930207476006,398.74659359973975,95.99999999999999,398.56294783724985,0.9787467134294997,1,1.5383767444688012,0.1766613466926819
127.5,0.0,398.5572901517254,0.9792031231576588,95.99999999999999,390.9350908025804,400.000000000001,520661.49985456496,138.50014543436703,1.5256452533674314,-4.338496552236393e-06,1.3313062500288696e-08,1.8477407104366954e-14,3.421742056364252e-16,5.454401065555097,0.013782993950051576,-44.40047791098563,0.0,0.0,398.47360351544813,397.57046600355045,398.51730931517665,399.1857840490305,397.66179612573285,398.37426455548535,398.7403157479655,95.99999999999999,398.5572901517254,0.9792031231576588,1,1.5383767444688012,0.17672567214046767
128.0,0.0,398.55163246620043,0.9796764546328556,95.99999999999999,390.9200868024068,400.000000000001,520660.9567167546,139.04328324476552,1.5256152997590176,-4.340642561828645e-06,1.3319647721570743e-08,1.9133132578286188e-14,3.5431726996826285e-16,5.454420210346027,0.013782683684758105,-44.40047791098563,0.0,0.0,398.4703826200971,397.56147690506725,398.51202750530706,399.1840591226591,397.6501376631851,398.36922781036816,398.73403712203276,95.99999999999999,398.55163246620043,0.9796764546328556,1,1.5383767444688012,0.1767901063261551
128.5,0.0,398.5459747806751,0.9801557181030089,95.99999999999999,390.90525364930863,400.000000000001,520660.41357894416,139.5864210551979,1.5255853317441046,-4.342851440242157e-06,1.3326425861421854e-08,1.7564075194265166e-14,3.2526065174565133e-16,5.4544391838579696,0.013782373420206835,-44.40047791098563,0.0,0.0,398.46740239721896,397.55249522316666,398.5064140986646,399.18248367448604,397.6385508983837,398.3641902482158,398.7277593131344,95.99999999999999,398.5459747806751,0.9801557181030089,1,1.5383767444688012,0.17685467707669444
129.0,0.0,398.5403170951497,0.9806361812780311,95.99999999999999,390.89054819917504,400.000000000001,520659.8704411337,140.1295588656447,1.52555534929977,-4.345118298942907e-06,1.3333381918940641e-08,1.646339314875788e-14,3.0487765090292385e-16,5.454457984729615,0.013782063166522859,-44.40047791098563,0.0,0.0,398.4646438095855,397.543590940039,398.5005907607713,399.1810606673558,397.6270509231463,398.3591506937828,398.7214834965165,95.99999999999999,398.5403170951497,0.9806361812780311,1,1.5383767444688012,0.17691940714078996
129.5,0.0,398.5346594096243,0.9811224153885553,95.99999999999999,390.8759324269214,400.000000000001,520659.3273033232,140.67269667607985,1.5255253521831225,-4.347386180825197e-06,1.3340341116182973e-08,1.798561299892753e-14,3.3306690738754696e-16,5.454476611576669,0.013781752931551022,-44.40047791098563,0.0,0.0,398.46208647721943,397.53487123198624,398.4946641154188,399.17978801745863,397.6156535767442,398.3541080448145,398.715210774434,95.99999999999999,398.5346594096243,0.9811224153885553,1,1.5383767444688012,0.17698431763198352
130.0,0.0,398.5290017240991,0.9816116678756159,95.99999999999999,390.86136360010346,400.000000000001,520658.7841655128,141.21583448649542,1.5254953402595663,-4.34953662420412e-06,1.3346939942933724e-08,1.5058267133216668e-14,2.7885679876327174e-16,5.454495062806432,0.013781442719179368,-44.40047791098563,0.0,0.0,398.4597092071781,397.5264474267822,398.4887103850677,399.17893670991333,397.6043773318148,398.3490609334416,398.70894251475653,95.99999999999999,398.5290017240991,0.9816116678756159,1,1.5383767444688012,0.1770494286379884
130.5,0.0,398.52334403857446,0.982102517379659,95.99999999999999,390.8468031863899,400.00000000000114,520658.24102770246,141.75897229686092,1.5254653133875506,-4.3516861580883415e-06,1.33535359788191e-08,1.6205786712575326e-14,3.0010716134398763e-16,5.454513336646433,0.01378113253563048,-44.40047791098563,0.0,0.0,398.4574905446798,397.51842756955887,398.4827877088689,399.17832309600465,397.593249872353,398.34400793396145,398.7026801431874,95.99999999999999,398.52334403857446,0.982102517379659,1,1.5383767444688012,0.17711446189839022
131.0,0.0,398.5176863530504,0.9825956734875652,95.99999999999999,390.8322129760381,400.00000000000114,520657.69788989215,142.30211010716582,1.5254352714379298,-4.353779416987891e-06,1.335995932990938e-08,1.7798262863522034e-14,3.2959746043559335e-16,5.454531431283587,0.013780822387820173,-44.40047791098563,0.0,0.0,398.4554095724334,397.5108750960313,398.47686202121326,399.17763880867125,397.5822833911527,398.3389495768077,398.69642312929307,95.99999999999999,398.5176863530504,0.9825956734875652,1,1.5383767444688012,0.17717927295249594
131.5,0.0,398.512028667527,0.9830974086093757,95.99999999999999,390.817559880592,400.000000000001,520657.1547520819,142.84524791741077,1.5254052142729775,-4.355813558731825e-06,1.3366201274750267e-08,1.730646875808261e-14,3.204901621867151e-16,5.454549344926951,0.013780512281150813,-44.40047791098563,0.0,0.0,398.45344680194967,397.5037976402943,398.4709142040207,399.1770908492114,397.57149452643034,398.33388604114003,398.6901712939139,95.99999999999999,398.512028667527,0.9830974086093757,1,1.5383767444688012,0.17724390727912015
132.0,0.0,398.5063709820045,0.9836116879347522,95.99999999999999,390.8028239080616,400.000000000001,520656.61161427177,143.38838572757214,1.5253751417411132,-4.357731512527607e-06,1.3372086686539464e-08,1.791535669815047e-14,3.3176586478056436e-16,5.454567075778168,0.013780202218788338,-44.40047791098563,0.0,0.0,398.4515850266778,397.4971438978663,398.4649228119385,399.17669100290436,397.56091057791707,398.32881702918417,398.68392493482503,95.99999999999999,398.5063709820045,0.9836116879347522,1,1.5383767444688012,0.1773084337481339
132.5,0.0,398.500713296483,0.984137931979696,95.99999999999999,390.7879921047539,400.000000000001,520656.0684764617,143.93152353763506,1.5253450537293913,-4.359589212299397e-06,1.3377787203497547e-08,1.578424890791296e-14,2.92300905702092e-16,5.454584621911072,0.013779892202305377,-44.40047791098563,0.0,0.0,398.4498100910599,397.49082989475545,398.45887558740947,399.1770038079264,397.5505862721408,398.3237419345817,398.67768465838446,95.99999999999999,398.500713296483,0.984137931979696,1,1.5383767444688012,0.1773728987344885
133.0,0.0,398.49505561096254,0.9846710154489957,95.99999999999999,390.77305806371214,400.000000000001,520655.5253386517,144.4746613476041,1.5253149501672019,-4.361329814628334e-06,1.3383128396538564e-08,1.7868519164299095e-14,3.3089850304257595e-16,5.454601981482154,0.013779582232676153,-44.40047791098563,0.0,0.0,398.4481114895664,397.4847626479381,398.4527787308241,399.17767506659607,397.5405421621947,398.31866044177116,398.6714507801538,95.99999999999999,398.49505561096254,0.9846710154489957,1,1.5383767444688012,0.17743736104376617
133.5,0.0,398.4893979254428,0.9852119990376048,95.99999999999999,390.75802179634195,400.000000000001,520654.98220084177,145.01779915749785,1.5252848309957328,-4.363071212765135e-06,1.3388472031586785e-08,1.4917754531662546e-14,2.7625471354930653e-16,5.454619152840194,0.013779272310368379,-44.40047791098563,0.0,0.0,398.4464825112678,397.4788570597965,398.4466448301721,399.17846242153905,397.5307920902156,398.3135721557419,398.6652236951437,95.99999999999999,398.4893979254428,0.9852119990376048,1,1.5383767444688012,0.17750185778331795
134.0,0.0,398.4837402399237,0.9857515718145341,95.99999999999999,390.74289001367555,400.000000000001,520654.43906303204,145.56093696733078,1.5252546960826567,-4.364581826621361e-06,1.339310748454603e-08,1.8243219435110085e-14,3.378373969464832e-16,5.4546361343540735,0.013778962434722928,-44.40047791098563,0.0,0.0,398.44492042823805,397.4730351071251,398.4404781160774,399.17938805095446,397.5213599597996,398.308476724795,398.65900375505237,95.99999999999999,398.4837402399237,0.9857515718145341,1,1.5383767444688012,0.17756641356951924
134.5,0.0,398.4780825544049,0.9862933652864697,95.99999999999999,390.72767298934775,400.000000000001,520653.8959252222,146.1040747771309,1.525224545174346,-4.366207605244199e-06,1.339809633083342e-08,1.7119118622677115e-14,3.170207152347615e-16,5.4546529243934945,0.01377865259228113,-44.40047791098563,0.0,0.0,398.4434263099799,397.46724673612636,398.4342701070212,399.1804213909543,397.512243817755,398.3033735764636,398.6527915323463,95.99999999999999,398.4780825544049,0.9862933652864697,1,1.5383767444688012,0.17763107917651644
135.0,0.0,398.4724248688865,0.9868384641882051,95.99999999999999,390.71238939164107,400.0000000000011,520653.3527874124,146.64721258691375,1.525194378262256,-4.3677739256509085e-06,1.34029027242969e-08,1.8172963134333025e-14,3.365363543395006e-16,5.4546695219344885,0.013778342759552451,-44.40047791098563,0.0,0.0,398.4420045586989,397.461464864419,398.4280025039191,399.1817024793552,397.5034455976231,398.2982622329032,398.6465875048696,95.99999999999999,398.4724248688865,0.9868384641882051,1,1.5383767444688012,0.17769589720096493
135.5,0.0,398.4667671833679,0.9873904985483944,95.99999999999999,390.69706787800135,400.0000000000011,520652.8096496026,147.19035039669313,1.5251641953077484,-4.369341041865482e-06,1.3407711559767585e-08,1.444937919314881e-14,2.675810961694225e-16,5.454685926091044,0.01377803291886492,-44.40047791098563,0.0,0.0,398.4406622134531,397.45568251525896,398.4216505040432,399.1834236288437,397.49496777910946,398.29314221002403,398.6403921567117,95.99999999999999,398.4667671833679,0.9873904985483944,1,1.5383767444688012,0.17776088420528885
136.0,0.0,398.4611094978494,0.9879536722683975,95.99999999999999,390.6817477204782,400.0000000000011,520652.26651179284,147.73348820647334,1.5251339962773103,-4.370906111716977e-06,1.3412514115791174e-08,1.8617919705921076e-14,3.447762908503904e-16,5.454702135856326,0.013777723064269057,-44.40047791098563,0.0,0.0,398.4394081639172,397.4499063909231,398.415218887123,399.185217681916,397.48681205726695,398.28801553630325,398.63420345939545,95.99999999999999,398.4611094978494,0.9879536722683975,1,1.5383767444688012,0.1778259926717069
136.5,0.0,398.4554518123308,0.9885265049937023,95.99999999999999,390.66646385297855,400.0000000000011,520651.72337398306,148.27662601625724,1.525103781110671,-4.3724743647999276e-06,1.3417326439843578e-08,1.8032450532778903e-14,3.3393426912553537e-16,5.4547181500391355,0.013777413200565383,-44.40047791098563,0.0,0.0,398.4382615960807,397.4441970211311,398.40870666835013,399.1870317631065,397.4789792814128,398.2828808574375,398.62802276722414,95.99999999999999,398.4554518123308,0.9885265049937023,1,1.5383767444688012,0.17789111730989998
137.0,0.0,398.4497941268121,0.9891078566905862,95.99999999999999,390.651250416656,400.0000000000011,520651.18023617327,148.8197638260478,1.5250735497326522,-4.374041139953988e-06,1.3422134228739746e-08,1.6814674652643185e-14,3.1138286393783687e-16,5.454733967331494,0.013777103338114629,-44.40047791098563,0.0,0.0,398.4372350613303,397.43861117025483,398.40212660868343,399.1888454193101,397.47147048560043,398.27773707989513,398.6218511737291,95.99999999999999,398.4497941268121,0.9891078566905862,1,1.5383767444688012,0.1779562845465609
137.5,0.0,398.4441364412934,0.9896947122819756,95.99999999999999,390.63614227363354,400.0000000000011,520650.6370983635,149.36290163584647,1.5250433020710417,-4.375606096118645e-06,1.3426936435905164e-08,1.6720999584940437e-14,3.0964814046186007e-16,5.454749586278896,0.013776793488580694,-44.40047791098563,0.0,0.0,398.4363357557012,397.43318779937533,398.395509418235,399.19064345479876,397.4642826152998,398.272583479796,398.61568940279074,95.99999999999999,398.4441364412934,0.9896947122819756,1,1.5383767444688012,0.17802152222176265
138.0,0.0,398.4384787565052,0.9902847270003411,95.99999999999999,390.621172720028,400.0000000000011,520650.09396062384,149.90603937551046,1.5250130378426143,-4.307032753558815e-06,1.3216513035918333e-08,1.7962194232001843e-14,3.3263322651855276e-16,5.45476500503493,0.0137764836613368,-44.40047791098563,0.0,0.0,398.43556819537264,397.4279493090189,398.38889672137566,399.1924039391464,397.4574128088768,398.26741938934407,398.6095381236665,95.99999999999999,398.4384787565052,0.9902847270003411,1,1.5383767444688012,0.17808682280501267
138.5,0.0,398.43282107155414,0.9908812612315313,95.99999999999999,390.60637309616874,400.0000000000011,520649.55082286854,150.4491771308151,1.524982757167677,-4.254119431834624e-06,1.3054143802537494e-08,1.7798262863522034e-14,3.2959746043559335e-16,5.454780222278527,0.013776173858649675,-44.40047791098563,0.0,0.0,398.43493490775717,397.4228956938136,398.38233310923823,399.1941228061221,397.45085800043046,398.2622442485439,398.60339789456435,95.99999999999999,398.43282107155414,0.9908812612315313,1,1.5383767444688012,0.17815220086784506
139.0,0.0,398.4271633864847,0.9914838844166716,95.99999999999999,390.59177123208656,400.00000000000114,520649.0076851018,150.9923148974782,1.5249524602029245,-4.2126131063469074e-06,1.2926777951551521e-08,1.7587493961190852e-14,3.2569433261464553e-16,5.454795236706073,0.01377586408661833,-44.40047791098563,0.0,0.0,398.4344371636298,397.418008676945,398.37589553558485,399.1957845400998,397.4446143199106,398.25705764291274,398.59726913005676,95.99999999999999,398.4271633864847,0.9914838844166716,1,1.5383767444688012,0.17821768282001574
139.5,0.0,398.42150570132947,0.9920874009617257,95.99999999999999,390.57738899471104,400.00000000000114,520648.4645473269,151.53545267238593,1.52492214705436,-4.17931451579534e-06,1.2824598265144712e-08,1.4777241930108428e-14,2.736526283353413e-16,5.454810046877806,0.013775554349424826,-44.40047791098563,0.0,0.0,398.43407550215636,397.41327127271995,398.3697662864069,399.197358996381,397.43874314270477,398.2518580645541,398.5911533381048,95.99999999999999,398.42150570132947,0.9920874009617257,1,1.5383767444688012,0.1782832934308737
140.0,0.0,398.4158480161087,0.9926909201619378,95.99999999999999,390.56322390855246,400.00000000000114,520647.92140954576,152.0785904535732,1.5248918178268227,-4.152242667032624e-06,1.2741525889671549e-08,1.533929233632491e-14,2.8406096919120216e-16,5.4548246514593925,0.01377524465056097,-44.40047791098563,0.0,0.0,398.43385034873035,397.40865879405374,398.3636525002958,399.1987676206401,397.433233473272,398.24664295554777,398.58505307666974,95.99999999999999,398.4158480161087,0.9926909201619378,1,1.5383767444688012,0.1783490575141221
140.5,0.0,398.410190330835,0.9933026709007317,95.99999999999999,390.5492605935877,400.00000000000114,520647.3782717595,152.62172823985424,1.5248614729281142,-4.13029422929867e-06,1.2674175156573651e-08,1.6650743284163377e-14,3.0834709785487746e-16,5.454839048762973,0.013774934993136501,-44.40047791098563,0.0,0.0,398.4337623725429,397.40447209770525,398.35756643687296,399.19999484559617,397.4280697421824,398.24141320897985,398.5789674526901,95.99999999999999,398.410190330835,0.9933026709007317,1,1.5383767444688012,0.17841490314913258
141.0,0.0,398.4045326455182,0.9939233315785067,95.99999999999999,390.53549937814887,400.00000000000114,520646.835133969,153.1648660302717,1.5248311124617737,-4.112539130574078e-06,1.2619692057146627e-08,1.5479804937879032e-14,2.8666305440516737e-16,5.454853237327207,0.013774625386286914,-44.40047791098563,0.0,0.0,398.4338125850334,397.40086336957125,398.3515148667822,399.20102471121095,397.42323965817127,398.23616890851224,398.57289638252394,95.99999999999999,398.4045326455182,0.9939233315785067,1,1.5383767444688012,0.1784807948157452
141.5,0.0,398.3988749601666,0.9945502242090756,95.99999999999999,390.5219098993694,400.00000000000114,520646.2919961753,153.7080038240078,1.524800736421467,-4.0980425239922624e-06,1.257520793064287e-08,1.6065274111021204e-14,2.975050761300224e-16,5.4548672155477504,0.013774315832892394,-44.40047791098563,0.0,0.0,398.43400228851453,397.39743701365614,398.3454986022416,399.2018436909624,397.41873135507944,398.23090939633977,398.5668405239936,95.99999999999999,398.3988749601666,0.9945502242090756,1,1.5383767444688012,0.17854672373293792
142.0,0.0,398.3932172747875,0.9951825676737459,95.99999999999999,390.5084449979926,400.000000000001,520645.7488583789,154.25114162041717,1.5247703449088643,-4.086223242438791e-06,1.2538939414087575e-08,1.578424890791296e-14,2.92300905702092e-16,5.4548809821607716,0.013774006334794931,-44.40047791098563,0.0,0.0,398.4343330685904,397.3940644335463,398.339517844068,399.202440690096,397.4145253679533,398.2256343255029,398.56080022407195,95.99999999999999,398.3932172747875,0.9951825676737459,1,1.5383767444688012,0.17861268526595178
142.5,0.0,398.3875595893765,0.9958301115574522,95.99999999999999,390.4950523870533,400.000000000001,520645.2057205795,154.79427941986617,1.524739938044101,-4.077432350868548e-06,1.2511963781515602e-08,1.6908349720345932e-14,3.131175874138137e-16,5.454894535893467,0.013773696893624085,-44.40047791098563,0.0,0.0,398.4348067896352,397.39063879228456,398.3335769286103,399.20280631100957,397.4105977484418,398.2203458921377,398.55477328661533,95.99999999999999,398.3875595893765,0.9958301115574522,1,1.5383767444688012,0.17867868891230526
143.0,0.0,398.3819019040225,0.9964850375593981,95.99999999999999,390.4817355699733,400.00000000000114,520644.6625827855,155.3374172138471,1.524709515957961,-4.063225759409761e-06,1.2468369592208384e-08,1.8313475735887146e-14,3.391384395534658e-16,5.454907875641267,0.01377338751143937,-44.40047791098563,0.0,0.0,398.4354249544076,397.387032643562,398.32768201392844,399.20293286317707,397.40693394684683,398.2150420745664,398.54876173347867,95.99999999999999,398.3819019040225,0.9964850375593981,1,1.5383767444688012,0.17874476899041036
143.5,0.0,398.3762442186208,0.9971489335799727,95.99999999999999,390.46843642806357,400.00000000000114,520644.1194449869,155.8805550124224,1.5246790788201727,-4.053560957117952e-06,1.2438712286868944e-08,1.5924761509467083e-14,2.949029909160572e-16,5.454921000378776,0.013773078189217296,-44.40047791098563,0.0,0.0,398.4361883129442,397.3831984666326,398.3218054951378,399.20281437845733,397.4035211260009,398.2097221765782,398.54276626066314,95.99999999999999,398.3762442186208,0.9971489335799727,1,1.5383767444688012,0.17881095635974908
144.0,0.0,398.3705865331792,0.9978218227305808,95.99999999999999,390.4550532255776,400.00000000000114,520643.5763071845,156.42369281480848,1.5246486268113932,-4.047737519385919e-06,1.2420842550300147e-08,1.798561299892753e-14,3.3306690738754696e-16,5.454933909113926,0.013772768928244736,-44.40047791098563,0.0,0.0,398.43709874789045,397.37915045064454,398.3159197887252,399.2024445822883,397.40034745658085,398.20438520178936,398.5367878645691,95.99999999999999,398.3705865331792,0.9978218227305808,1,1.5383767444688012,0.1788772739411644
144.5,0.0,398.3649288477043,0.9985026226101615,95.99999999999999,390.4414899221641,400.0000000000011,520643.03316937893,156.96683062040853,1.5246181601173203,-4.04511732199353e-06,1.2412802241583066e-08,1.676783711879181e-14,3.1051550219984847e-16,5.454946600886805,0.013772459730179723,-44.40047791098563,0.0,0.0,398.4381520976234,397.3748623920786,398.31005393256686,399.2018198131536,397.3974043126801,398.1990312140243,398.5308264813841,95.99999999999999,398.3649288477043,0.9985026226101615,1,1.5383767444688012,0.17894373545150824
145.0,0.0,398.3592711622098,0.9992039631537064,95.99999999999999,390.42767129163616,400.0000000000011,520642.4900315715,157.50996842787274,1.5245876789277504,-4.04435488121635e-06,1.2410462624253156e-08,1.4589891794702933e-14,2.701831813833877e-16,5.4549590748642665,0.013772150596958372,-44.40047791098563,0.0,0.0,398.43934412148013,397.3703275276142,398.3042136642816,399.2009360639054,397.39468207801,398.1936606259942,398.52488169842536,95.99999999999999,398.3592711622098,0.9992039631537064,1,1.5383767444688012,0.17901036198402157
145.5,0.0,398.35361347670334,0.9999261280201706,95.99999999999999,390.41354279668593,400.00000000000114,520641.9468937628,158.0531062364834,1.5245571834430218,-4.044816051873568e-06,1.2411877767427506e-08,1.829005696896146e-14,3.387047586844716e-16,5.454971330236394,0.013771841530703372,-44.40047791098563,0.0,0.0,398.4406697595334,397.3656410585752,398.298371576486,399.19979081705867,397.3921713053634,398.18827295585277,398.5189539975541,95.99999999999999,398.35361347670334,0.9999261280201706,1,1.5383767444688012,0.17907716840345256
146.0,0.0,398.3479557911886,1.0006624337479262,95.99999999999999,390.39907552681143,400.00000000000114,520641.4037559534,158.5962440458928,1.524526673890145,-4.045976510269611e-06,1.2415438737217271e-08,1.7938775465076156e-14,3.3219954564955856e-16,5.454983366154187,0.013771532533720529,-44.40047791098563,0.0,0.0,398.44212235996844,397.3609065652002,398.2925229917782,399.1983852129557,397.38964735542004,398.1828680653309,398.5130435170464,95.99999999999999,398.3479557911886,1.0006624337479262,1,1.5383767444688012,0.17914416864285349
146.5,0.0,398.34229810567126,1.001403504583268,95.99999999999999,390.3842583831663,400.00000000000114,520640.8606181438,159.13938185556339,1.5244961504602461,-4.047370822490848e-06,1.2419717308266653e-08,1.6533649449534942e-14,3.0617869350990645e-16,5.454995181861647,0.013771223608670006,-44.40047791098563,0.0,0.0,398.4436944129516,397.35621130631824,398.28663287598977,399.19671893256844,397.38721096351685,398.17744603761173,398.5071501737309,95.99999999999999,398.34229810567126,1.001403504583268,1,1.5383767444688012,0.17921132463329997
147.0,0.0,398.33664042017176,1.0021517511206721,95.99999999999999,390.3690932246456,400.00000000000114,520640.3174803358,159.6825196635223,1.5244656133654368,-4.047133160156591e-06,1.2418988020258277e-08,1.7470400126562418e-14,3.235259282696745e-16,5.455006776627638,0.01377091475798127,-44.40047791098563,0.0,0.0,398.44537589919116,397.3516222323444,398.28071892695795,399.19479859182724,397.3849144413522,398.17200776251167,398.5012730778318,95.99999999999999,398.33664042017176,1.0021517511206721,1,1.5383767444688012,0.1792786066171204
147.5,0.0,398.3309827346927,1.0029007563473633,95.99999999999999,390.3535925046733,400.0000000000011,520639.7743425298,160.22565746950866,1.5244350628131165,-4.044917460532815e-06,1.241218894891685e-08,1.775142532967066e-14,3.2873009869760494e-16,5.455018149713389,0.013770605984213384,-44.40047791098563,0.0,0.0,398.44715513299667,397.34718561204306,398.2748086882497,399.19263400654467,397.38305839786506,398.16655307379284,398.49541239559255,95.99999999999999,398.3309827346927,1.0029007563473633,1,1.5383767444688012,0.17934601795391106
148.0,0.0,398.32532504922943,1.0036570023487779,95.99999999999999,390.33777626565814,400.0000000000011,520639.23120472534,160.76879527398177,1.5244044990167214,-4.0411892712199915e-06,1.2400748668456341e-08,1.7423562592711044e-14,3.226585665316861e-16,5.455029300397285,0.013770297289888985,-44.40047791098563,0.0,0.0,398.44901998753943,397.3429298449528,398.2689381924662,399.1899057534037,397.3814172128836,398.161082627059,398.4895674713999,95.99999999999999,398.32532504922943,1.0036570023487779,1,1.5383767444688012,0.17941355451343066
148.5,0.0,398.3196673637713,1.0044227212670815,95.99999999999999,390.32166954636676,400.000000000001,520638.6880669213,161.3119330779644,1.5243739222031811,-4.036989508904298e-06,1.2387861324298753e-08,1.5151942200919415e-14,2.8059152223924855e-16,5.455040227946297,0.013769988677562203,-44.40047791098563,0.0,0.0,398.4509579707918,397.3388679187702,398.263142803564,399.1867040816928,397.37996314121597,398.1555964542589,398.4837382732836,95.99999999999999,398.3196673637713,1.0044227212670815,1,1.5383767444688012,0.1794812312456704
149.0,0.0,398.3140096783203,1.0052006164032117,95.99999999999999,390.30530185307606,400.000000000001,520638.1449291181,161.85507088124916,1.5243433326317484,-4.031980978425054e-06,1.2372492203106203e-08,1.4847498230885486e-14,2.749536709423239e-16,5.455050931624825,0.013769680149878784,-44.40047791098563,0.0,0.0,398.4529566115188,397.33500091074836,398.2574218653505,399.183286919684,397.378687132618,398.15009468557116,398.47792467106945,95.99999999999999,398.3140096783203,1.0052006164032117,1,1.5383767444688012,0.17954906093125927
149.5,0.0,398.3083519928904,1.0059902770953035,95.99999999999999,390.2887034418373,400.000000000001,520637.60179131676,162.39820868253003,1.524312730533788,-4.025108893301876e-06,1.2351404598759715e-08,1.700202478804868e-14,3.148523108897905e-16,5.455061410676842,0.013769371710034353,-44.40047791098563,0.0,0.0,398.4550034705552,397.3313212039816,398.2517512901604,399.1796911626392,397.37758741663583,398.14457762856983,398.47212635721087,95.99999999999999,398.3083519928904,1.0059902770953035,1,1.5383767444688012,0.17961705603930905
150.0,0.0,398.30269430747865,1.0067987306564825,95.99999999999999,390.2719042435179,400.000000000001,520637.0586535173,162.94134648205264,1.5242821161262945,-4.016377118887249e-06,1.2324610372437134e-08,1.843056957051558e-14,3.413068438984368e-16,5.455071664428065,0.013769063360952957,-44.40047791098563,0.0,0.0,398.4570862584996,397.3278109327302,398.2461090721772,399.1759347228824,397.37665659143545,398.13904556779914,398.46634304715815,95.99999999999999,398.30269430747865,1.0067987306564825,1,1.5383767444688012,0.17968520441862312
150.5,0.0,398.29703662208317,1.00762705495501,95.99999999999999,390.25493279186605,400.0000000000011,520636.5155157193,163.48448428002808,1.5242556669278915,-4.006128875744253e-06,1.2293162726959454e-08,1.6884930953420246e-14,3.126839065448195e-16,5.4550816922028,0.013768755105246198,-44.40047791098563,0.0,0.0,398.45919235607175,397.32444039658685,398.2404663789494,399.1720510926691,397.37588703873956,398.13349867555746,398.46057456860876,95.99999999999999,398.29703662208317,1.00762705495501,1,1.5383767444688012,0.1797534933768781
151.0,0.0,398.29137893670395,1.0084703497986045,95.99999999999999,390.2378172319012,400.0000000000011,520635.9723779229,164.02762207642422,1.524233742845377,-3.994306524646163e-06,1.2256884791233518e-08,1.594818027639277e-14,2.953366717850514e-16,5.455091493262042,0.013768446945382236,-44.40047791098563,0.0,0.0,398.4613337150801,397.32117946353225,398.23479224789,399.1681159794044,397.3752650659372,398.127937932278,398.45481994113004,95.99999999999999,398.29137893670395,1.0084703497986045,1,1.5383767444688012,0.17982175195388878
151.5,0.0,398.2857212513412,1.009303416974014,95.99999999999999,390.22058253708536,400.0000000000011,520635.429240128,164.57075987124443,1.5242117816835052,-3.98097043330381e-06,1.2215961808948611e-08,1.6814674652643185e-14,3.1138286393783687e-16,5.455101067019551,0.013768138883194116,-44.40047791098563,0.0,0.0,398.46354836812554,397.31800051732523,398.22907561285814,399.1640729370908,397.37477293535164,398.12236411942365,398.44907838325895,95.99999999999999,398.2857212513412,1.009303416974014,1,1.5383767444688012,0.1798899579462236
152.0,0.0,398.28006356599104,1.0101457467837303,95.99999999999999,390.2032473497365,400.0000000000011,520634.8861023345,165.11389766487144,1.5241897838989968,-3.966298862678741e-06,1.2170940789718284e-08,1.6908349720345932e-14,3.131175874138137e-16,5.455110412919381,0.013767830921517463,-44.40047791098563,0.0,0.0,398.46586406993197,397.3148805401291,398.2233185626748,399.15991664907244,397.374399956693,398.1167774755773,398.4433496564048,95.99999999999999,398.28006356599104,1.0101457467837303,1,1.5383767444688012,0.17995810273717233
152.5,0.0,398.2744058806496,1.0109917724558937,95.99999999999999,390.1858292857343,400.0000000000011,520634.3429645417,165.6570354576421,1.5241677499409452,-3.950871274582823e-06,1.212359986364476e-08,1.8032450532778903e-14,3.3393426912553537e-16,5.455119530392806,0.01376752306311986,-44.40047791098563,0.0,0.0,398.4682899841505,397.31179981504107,398.217533926558,399.1556022951754,397.3741288063128,398.11117846956455,398.43763329173476,95.99999999999999,398.2744058806496,1.0109917724558937,1,1.5383767444688012,0.18002605797758664
153.0,0.0,398.268748195314,1.0118474908598014,95.99999999999999,390.1683436651625,400.0000000000011,520633.7998267495,166.20017324986785,1.5241456802555386,-3.934856380283236e-06,1.2074456736255152e-08,1.7212793690379862e-14,3.187554387107383e-16,5.455128418916581,0.013767215310749256,-44.40047791098563,0.0,0.0,398.4708128389179,397.3087398445521,398.21173742193736,399.15116324208793,397.3739534124729,398.1055677269968,398.4319286636311,95.99999999999999,398.268748195314,1.0118474908598014,1,1.5383767444688012,0.18009383927309155
153.5,0.0,398.26309050998185,1.012710463109386,95.99999999999999,390.1508037495875,400.0000000000011,520633.25668895757,166.7433110417486,1.5241235752882327,-3.918553744597375e-06,1.2024430648832443e-08,1.6884930953420246e-14,3.126839065448195e-16,5.455137078009789,0.013766907667194878,-44.40047791098563,0.0,0.0,398.473402025878,397.305686179446,398.2059418834852,399.14681130666764,397.37385048790475,398.0999459125006,398.4262351074632,95.99999999999999,398.26309050998185,1.012710463109386,1,1.5383767444688012,0.18016143575547008
154.0,0.0,398.25743282465197,1.013581953460294,95.99999999999999,390.13322069626344,400.0000000000011,520632.7135511659,167.28644883341994,1.524101435476892,-3.902016459278457e-06,1.1973684518142912e-08,1.744698135963673e-14,3.230922474006803e-16,5.455145507189915,0.013766600135192687,-44.40047791098563,0.0,0.0,398.4760122500714,397.3026303189004,398.2001543256722,399.1425191615848,397.3737984777492,398.0943134401099,398.42055220919406,95.99999999999999,398.25743282465197,1.013581953460294,1,1.5383767444688012,0.18022884724287824
154.5,0.0,398.2517751393227,1.0144664010632876,95.99999999999999,390.1156043275524,400.0000000000011,520632.1704133743,167.829586625027,1.524079261260192,-3.885366623990194e-06,1.1922593017863192e-08,1.7962194232001843e-14,3.3263322651855276e-16,5.455153705979213,0.013766292717354342,-44.40047791098563,0.0,0.0,398.4785838904687,397.2995686685621,398.19437376573904,399.1381377248447,397.37379543001055,398.0886706334305,398.4148796452149,95.99999999999999,398.2517751393227,1.0144664010632876,1,1.5383767444688012,0.18029603443780676
155.0,0.0,398.2461174539933,1.0153623765542565,95.99999999999999,390.0979635512927,400.0000000000011,520631.62727558264,168.37272441665905,1.524057053076662,-3.868830589226491e-06,1.1871850724613552e-08,1.829005696896146e-14,3.387047586844716e-16,5.4551616738835005,0.013765985416322572,-44.40047791098563,0.0,0.0,398.4810575855744,397.2965006125043,398.1885950743161,399.13363260676687,397.3738329629472,398.08301905219446,398.40921585579196,95.99999999999999,398.2461174539933,1.0153623765542565,1,1.5383767444688012,0.180362995127368
155.5,0.0,398.24045976866296,1.0162671836691057,95.99999999999999,390.08030657270126,400.0000000000011,520631.08413779095,168.9158622083631,1.524034811365437,-3.852291257544493e-06,1.1821098314476927e-08,1.8336894502812833e-14,3.3957212042246e-16,5.455169413495422,0.013765678234828424,-44.40047791098563,0.0,0.0,398.4833811306771,397.29342728126556,398.1828104388774,399.1290073276555,397.3739044859949,398.07735782145664,398.40356171586933,95.99999999999999,398.24045976866296,1.0162671836691057,1,1.5383767444688012,0.18042975279275456
156.0,0.0,398.2348020833318,1.0171781977421062,95.99999999999999,390.0626409773824,400.0000000000011,520630.54099999915,169.45900000015638,1.5240125365583708,-3.835870728607915e-06,1.1770710461129948e-08,1.6439974381832195e-14,3.0444397003392965e-16,5.455176923598728,0.013765371175466884,-44.40047791098563,0.0,0.0,398.4855131833077,397.2903508543453,398.177018382364,399.12399299187547,397.3742167859985,398.07168725972434,398.39791690693926,95.99999999999999,398.2348020833318,1.0171781977421062,1,1.5383767444688012,0.18049632704677723
156.5,0.0,398.229144398,1.018090784035506,95.99999999999999,390.04497378068066,400.0000000000011,520629.99786220735,170.00213779200863,1.5239902290874865,-3.819451109166039e-06,1.1720325398648343e-08,1.6838093419568872e-14,3.1181654480683108e-16,5.455184202904604,0.013765064240779565,-44.40047791098563,0.0,0.0,398.48746420001794,397.28727415634813,398.17121079318736,399.1180600821275,397.3749365235399,398.0660076432756,398.3922811527244,95.99999999999999,398.229144398,1.018090784035506,1,1.5383767444688012,0.1805627444206121
157.0,0.0,398.2234867126681,1.0189942945870683,95.99999999999999,390.0273113638056,400.0000000000011,520629.45472441544,170.54527558387718,1.523967889638124,-3.803147222924963e-06,1.1670295473785743e-08,1.6299461780278073e-14,3.0184188481996443e-16,5.455191250260932,0.013764757433379876,-44.40047791098563,0.0,0.0,398.48923201559575,397.28420036756427,398.16537749560996,399.11155291098584,397.3756511296971,398.0603192799024,398.3866541454337,95.99999999999999,398.2234867126681,1.0189942945870683,1,1.5383767444688012,0.18062902762325297
157.5,0.0,398.21782902734054,1.0199047235851975,95.99999999999999,390.0096593487298,400.0000000000011,520628.911586624,171.08841337531345,1.5239455191479847,-3.786376993275553e-06,1.1618834532701968e-08,1.5175360967845102e-14,2.8102520310824275e-16,5.455198064884303,0.013764450759379128,-44.40047791098563,0.0,0.0,398.49079049734934,397.28113273955046,398.15950791623357,399.1050666255115,397.3763328186947,398.05462259977963,398.3810354549016,95.99999999999999,398.21782902734054,1.0199047235851975,1,1.5383767444688012,0.1806952055194986
158.0,0.0,398.212171342019,1.0208201373797385,95.99999999999999,389.9920224090287,400.0000000000011,520628.3684488331,171.6315511661883,1.5239231178215555,-3.7690267333800875e-06,1.1565593717225115e-08,1.8266638202035772e-14,3.382710778154774e-16,5.455204647075011,0.013764144229369163,-44.40047791098563,0.0,0.0,398.4921359591745,397.2780746082655,398.1535920180042,399.0986078479188,397.3769753963456,398.0489180347211,398.3754246493168,95.99999999999999,398.212171342019,1.0208201373797385,1,1.5383767444688012,0.18076130880872887
158.5,0.0,398.2065136567037,1.0217309477968002,95.99999999999999,389.9744042034477,400.0000000000011,520627.82531104283,172.1746889564588,1.5239006859717705,-3.7510939421281364e-06,1.1510565352475397e-08,1.723621245730555e-14,3.191891195797325e-16,5.4552109959766835,0.013763837845570342,-44.40047791098563,0.0,0.0,398.49327710510727,397.2750291131977,398.14762087923197,399.0921787206339,397.37756639779116,398.0432059629625,398.3698213504448,95.99999999999999,398.2065136567037,1.0217309477968002,1,1.5383767444688012,0.18082737015305927
159.0,0.0,398.2008559713944,1.0226287501917979,95.99999999999999,389.95681023865194,400.0000000000011,520627.2821732532,172.71782674614457,1.5238782239446853,-3.732520525545624e-06,1.145357117192697e-08,1.6229205479501012e-14,3.0054084221298183e-16,5.455217111038182,0.013763531609446208,-44.40047791098563,0.0,0.0,398.4942322568867,397.27199826910055,398.1415851765895,399.08578918760327,397.3780773416883,398.03748661490954,398.3642253278793,95.99999999999999,398.2008559713944,1.0226287501917979,1,1.5383767444688012,0.18089341424344244
159.5,0.0,398.1951982860938,1.0235201542867365,95.99999999999999,389.93925051740047,400.0000000000011,520626.7390354643,173.26096453500978,1.5238557321070674,-3.7131910914922628e-06,1.1394257084535347e-08,1.6439974381832195e-14,3.0444397003392965e-16,5.455222991972081,0.013763225522344848,-44.40047791098563,0.0,0.0,398.49499571521187,397.26898291150513,398.1354771806234,399.07958985574027,397.37852716389716,398.0317604795901,398.35863609259746,95.99999999999999,398.1951982860938,1.0235201542867365,1,1.5383767444688012,0.18095944450201962
160.0,0.0,398.1895406008021,1.0244215886517618,95.99999999999999,389.92196076447095,400.0000000000011,520626.1958976763,173.80410232300954,1.5238332108392574,-3.692989110959388e-06,1.1332265510674321e-08,1.5924761509467083e-14,2.949029909160572e-16,5.455228638548667,0.013762919585626343,-44.40047791098563,0.0,0.0,398.4955650518517,397.2659841016782,398.129298692838,399.0734618423581,397.37891539844657,398.0260278848681,398.3530533167362,95.99999999999999,398.1895406008021,1.0244215886517618,1,1.5383767444688012,0.18102546858985083
160.5,0.0,398.1838829155075,1.0253279980058128,95.99999999999999,389.90497774116665,400.0000000000011,520625.652759888,174.34724011129535,1.523810660531527,-3.6730780550442432e-06,1.1271166664875209e-08,1.6580486983386316e-14,3.0704605524789486e-16,5.45523405059936,0.013762613800754228,-44.40047791098563,0.0,0.0,398.4959481280375,397.26299992006716,398.12305543578265,399.06733671368033,397.3792320969018,398.0202899099178,398.3474759210972,95.99999999999999,398.1838829155075,1.0253279980058128,1,1.5383767444688012,0.1810915295599218
161.0,0.0,398.1782252302128,1.0262352989422876,95.99999999999999,389.88822362493124,400.0000000000011,520625.1096220997,174.8903778995916,1.5237880815698872,-3.653105380863053e-06,1.1209878737946922e-08,1.601843657716983e-14,2.96637714392034e-16,5.455239227948164,0.013762308169315651,-44.40047791098563,0.0,0.0,398.49614968615606,397.26002475666763,398.11675552271225,399.0612346284382,397.37946009718314,398.0145464293374,398.34190403108806,95.99999999999999,398.1782252302128,1.0262352989422876,1,1.5383767444688012,0.18115766848690443
161.5,0.0,398.17256754492416,1.0271510951373652,95.99999999999999,389.87158992530965,400.0000000000011,520624.56648431206,175.4335156872918,1.5237654743397624,-3.632553585930509e-06,1.114681372749093e-08,1.4566473027777246e-14,2.697495005143935e-16,5.455244170592935,0.01376200269292734,-44.40047791098563,0.0,0.0,398.496177002134,397.25705739982845,398.11040706542065,399.05514814235636,397.3795956185816,398.0087982702799,398.3363368195685,95.99999999999999,398.17256754492416,1.0271510951373652,1,1.5383767444688012,0.18122384913451686
162.0,0.0,398.1669098596409,1.028073378406068,95.99999999999999,389.8550064723547,400.0000000000011,520624.02334652486,175.97665347448424,1.5237428391925698,-3.6115336286002275e-06,1.1082312119083015e-08,1.5550061238656092e-14,2.8796409701215e-16,5.455248878897209,0.013761697373258996,-44.40047791098563,0.0,0.0,398.496035658731,397.2540795434169,398.10401770205857,399.04907622844115,397.3796357429725,398.0030455981519,398.33077412112993,95.99999999999999,398.1669098596409,1.028073378406068,1,1.5383767444688012,0.18129007971199235
162.5,0.0,398.16125217436013,1.0289989003376196,95.99999999999999,389.83841540158494,400.0000000000011,520623.4802087379,176.51979126144118,1.523720176523169,-3.5902839101709105e-06,1.1017105468309673e-08,1.5667155073284527e-14,2.90132501357121e-16,5.455253352003604,0.01376139221218764,-44.40047791098563,0.0,0.0,398.4957335719639,397.25108865878866,398.0975895758389,399.0430221814746,397.37957772880986,397.9972888894507,398.32521545926954,95.99999999999999,398.16125217436013,1.0289989003376196,1,1.5383767444688012,0.18135631023375293
163.0,0.0,398.1555944890802,1.0299274214499328,95.99999999999999,389.8217633323551,400.0000000000011,520622.937070951,177.0629290483093,1.5236974867421729,-3.5689750745859783e-06,1.0951717411286936e-08,1.6041855344095517e-14,2.970713952610282e-16,5.4552575896098325,0.0137610872112363,-44.40047791098563,0.0,0.0,398.4952736259263,397.24809853843374,398.0911085698182,399.0369885996617,397.3794209803265,397.9915285098914,398.31966046826915,95.99999999999999,398.1555944890802,1.0299274214499328,1,1.5383767444688012,0.1814225621135387
163.5,0.0,398.1499368038028,1.0308617316949011,95.99999999999999,389.80500933057175,400.0000000000012,520622.3939331644,177.60606683493967,1.5236747702472644,-3.547316651975052e-06,1.0885256615385578e-08,1.623701173514292e-14,2.931682674400804e-16,5.455261591569421,0.013760782372280272,-44.40047791098563,0.0,0.0,398.49461217642505,397.2451165124715,398.0845878491053,399.0309803234488,397.3791655113903,397.9857648213632,398.3141087862425,95.99999999999999,398.1499368038028,1.0308617316949011,1,1.5383767444688012,0.18148884376738453
164.0,0.0,398.1442791185293,1.031779702101217,95.99999999999999,389.7881176900217,400.0000000000012,520621.8507953781,178.14920462119906,1.523652027444183,-3.525428581951928e-06,1.0818091125976964e-08,1.468356686240568e-14,2.719179048593645e-16,5.4552653577063355,0.013760477697313466,-44.40047791098563,0.0,0.0,398.49370745046025,397.24213752091373,398.07804710434283,399.0253390124834,397.37881192272283,397.97999842713364,398.308559809925,95.99999999999999,398.1442791185293,1.031779702101217,1,1.5383767444688012,0.18155515145242565
164.5,0.0,398.1386214332591,1.032706342851455,95.99999999999999,389.77105418543096,400.000000000001,520621.30765759223,178.69234240713183,1.5236292592317904,-3.5030741685204703e-06,1.0749494620347177e-08,1.6884930953420246e-14,3.126839065448195e-16,5.455268887187743,0.013760173188747452,-44.40047791098563,0.0,0.0,398.4925909002395,397.2391668598405,398.0715072047834,399.01979901157557,397.3783610284851,397.97422995360273,398.3030129129157,95.99999999999999,398.1386214332591,1.032706342851455,1,1.5383767444688012,0.1816214873366895
165.0,0.0,398.13296374798904,1.0336377908253673,95.99999999999999,389.753788084448,400.000000000001,520620.76451980625,179.2354801930646,1.523606466455825,-3.4808341240477603e-06,1.0681249066038331e-08,1.3887328786932324e-14,2.5717275531356165e-16,5.455272178681432,0.013759868854098484,-44.40047791098563,0.0,0.0,398.49132011011636,397.236202943556,398.0649844750231,399.01430722287256,397.37781277387603,397.9684591716765,398.2974683243015,95.99999999999999,398.13296374798904,1.0336377908253673,1,1.5383767444688012,0.18168782687484578
165.5,0.0,398.1273060627177,1.034569644521079,95.99999999999999,389.7362937703113,400.000000000001,520620.2213820202,179.7786179791123,1.5235836488825127,-3.45864899031767e-06,1.0613172010226517e-08,1.791535669815047e-14,3.3176586478056436e-16,5.455275231658619,0.013759564701154726,-44.40047791098563,0.0,0.0,398.4899320580901,397.23324297000556,398.0588168417941,399.00885663906007,397.37698519797425,397.9626856852097,398.29192644022567,95.99999999999999,398.1273060627177,1.034569644521079,1,1.5383767444688012,0.181754197891142
166.0,0.0,398.1216483774456,1.035497582379407,95.99999999999999,389.71855094166267,400.000000000001,520619.67824423406,180.3217557652348,1.5235608066724027,-3.4365839098882134e-06,1.054546334864424e-08,1.578424890791296e-14,2.92300905702092e-16,5.455278046335016,0.013759260723545465,-44.40047791098563,0.0,0.0,398.4884494546339,397.23028651828025,398.0526493975297,399.0034457548047,397.37567067230066,397.9569103916258,398.28638636326536,95.99999999999999,398.1216483774456,1.035497582379407,1,1.5383767444688012,0.1818205396314409
166.5,0.0,398.11599069217186,1.0364155684913343,95.99999999999999,389.70050387780367,400.000000000001,520619.1351064478,180.86489355151184,1.523537940096576,-3.4146354721542593e-06,1.0478112615546343e-08,1.737672505885967e-14,3.217912047936977e-16,5.455280622853406,0.013758956919739832,-44.40047791098563,0.0,0.0,398.4868860006321,397.22735100975916,398.0463197744282,398.99806751646037,397.37430847204286,397.9511339125785,398.2808474717652,95.99999999999999,398.11599069217186,1.0364155684913343,1,1.5383767444688012,0.1818867679332205
167.0,0.0,398.11033300689485,1.03733565167191,95.99999999999999,389.68210573166596,400.000000000001,520618.59196866123,181.40803133810684,1.523515049498804,-3.3929764811091445e-06,1.0411650075354126e-08,1.5831086441764335e-14,2.931682674400804e-16,5.455282961507657,0.013758653289810031,-44.40047791098563,0.0,0.0,398.4852426382903,397.2244513565778,398.0397726603063,398.9927138870163,397.37290952650943,397.94535827720915,398.2753077365806,95.99999999999999,398.11033300689485,1.03733565167191,1,1.5383767444688012,0.18195291408804726
167.5,0.0,398.10467532161385,1.0382612930910275,95.99999999999999,389.66337738109945,400.000000000001,520618.04883087426,181.95116912507763,1.5234921352482131,-3.371725398437775e-06,1.034643923828272e-08,1.4051260155412133e-14,2.6020852139652106e-16,5.455285062261389,0.013758349834946804,-44.40047791098563,0.0,0.0,398.48350222715897,397.2215736078553,398.0329891018073,398.98737748586314,397.3714707734578,397.9395834910764,398.26976715215125,95.99999999999999,398.10467532161385,1.0382612930910275,1,1.5383767444688012,0.18201893419590368
168.0,0.0,398.0990176363274,1.039192985332335,95.99999999999999,389.6443377749757,400.000000000001,520617.5056930868,182.4943069125773,1.523469197723005,-3.3509993215830036e-06,1.028283942824919e-08,1.662732451723769e-14,3.0791341698588326e-16,5.455286925132965,0.013758046556814932,-44.40047791098563,0.0,0.0,398.48165846328607,397.2187011454379,398.02599127826454,398.9820520825959,397.36998981336967,397.93380950024925,398.2642257724056,95.99999999999999,398.0990176363274,1.039192985332335,1,1.5383767444688012,0.18208477194843664
168.5,0.0,398.0933599510338,1.0401285756379564,95.99999999999999,389.6249984344544,400.000000000001,520616.9625552986,183.03744470076208,1.5234462373115276,-3.3309703724171413e-06,1.0221378816525807e-08,1.4262029057743316e-14,2.641116492174689e-16,5.455288550620822,0.013757743457516399,-44.40047791098563,0.0,0.0,398.47970830838267,397.2158204011315,398.0188141628532,398.976731688537,397.36846475471236,397.928036215628,398.25868368643967,95.99999999999999,398.0933599510338,1.0401285756379564,1,1.5383767444688012,0.18215042038389376
169.0,0.0,398.0877022657322,1.041072087742332,95.99999999999999,389.60536175081546,400.000000000001,520616.41941750963,183.58058248971975,1.523423254388576,-3.311695394359049e-06,1.016223183219853e-08,1.7025443554974367e-14,3.152859917587847e-16,5.455289939309897,0.013757440539257574,-44.40047791098563,0.0,0.0,398.47764646674256,397.2129139950951,398.0115372272084,398.9714113703514,397.3669068640483,397.922263828019,398.25314070344535,95.99999999999999,398.0877022657322,1.041072087742332,1,1.5383767444688012,0.18221588497837143
169.5,0.0,398.08204458042053,1.0420293384368744,95.99999999999999,389.5854258834878,400.0000000000011,520615.8762797197,184.12372027963784,1.5234002493194188,-3.293413243454779e-06,1.0106131426286534e-08,1.3676559884601142e-14,2.5326962749261384e-16,5.455291091231446,0.013757137804158607,-44.40047791098563,0.0,0.0,398.4754675744465,397.20997357133064,398.00422658000195,398.9660871988779,397.36533715966243,397.9164947306909,398.24759443015023,95.99999999999999,398.08204458042053,1.0420293384368744,1,1.5383767444688012,0.1822811994258805
170.0,0.0,398.0763868950987,1.0429876770311266,95.99999999999999,389.5656223306623,400.0000000000011,520615.33314192883,184.66685807053148,1.5233772224683326,-3.276061960377774e-06,1.0052887471086133e-08,1.3981003854635072e-14,2.5890747878953846e-16,5.455292005866381,0.013756835254210623,-44.40047791098563,0.0,0.0,398.4731620453304,397.2068385269096,397.99694137144303,398.9607546920926,397.36375132975314,397.91072600381347,398.2420477863839,95.99999999999999,398.0763868950987,1.0429876770311266,1,1.5383767444688012,0.18234639191215302
170.5,0.0,398.07072920976816,1.0439429973790528,95.99999999999999,389.545840134675,400.0000000000011,520614.79000413703,185.20999586226785,1.5233541741926881,-3.259642568309573e-06,1.0002503106320873e-08,1.723621245730555e-14,3.191891195797325e-16,5.455292683105801,0.013756532891353639,-44.40047791098563,0.0,0.0,398.47098381957187,397.2035408832226,397.98972252194676,398.9554095876956,397.3621514104196,397.9049571235676,398.23650129596876,95.99999999999999,398.07072920976816,1.0439429973790528,1,1.5383767444688012,0.18241148313402017
171.0,0.0,398.0650715244267,1.0448955378132823,95.99999999999999,389.52599635890255,400.0000000000011,520614.2468663443,185.7531336550482,1.5233311050139697,-3.2441519977055577e-06,9.95496891282011e-09,1.5620317539433153e-14,2.892651396191326e-16,5.455293122664653,0.01375623071740082,-44.40047791098563,0.0,0.0,398.4694183175233,397.2001173100013,397.9825751833077,398.95004802149,397.36053756783724,397.8991886438537,398.2309544049997,95.99999999999999,398.0650715244267,1.0448955378132823,1,1.5383767444688012,0.18247647514889487
171.5,0.0,398.0594138390836,1.0458484755604744,95.99999999999999,389.50601282465954,400.0000000000011,520613.7037285514,186.29627144798027,1.523308507819662,-3.228837982760524e-06,9.907976496060325e-09,1.6486811915683568e-14,3.0531133177191805e-16,5.455293325002658,0.013755928737626549,-44.40047791098563,0.0,0.0,398.46748753982064,397.1966141239334,397.9754970499178,398.94455042293043,397.35890883007795,397.89341993868925,398.2254077394781,95.99999999999999,398.0594138390836,1.0458484755604744,1,1.5383767444688012,0.18254137910303497
172.0,0.0,398.05375615373356,1.0467985773814996,95.99999999999999,389.4858108118298,400.0000000000011,520613.16059075773,186.83940924158617,1.523288800635043,-3.214280894781041e-06,9.863306777009111e-09,1.5058267133216668e-14,2.7885679876327174e-16,5.4552932899601885,0.01375562644439356,-44.40047791098563,0.0,0.0,398.4650293674193,397.19308940324873,397.9684933691427,398.9388764893929,397.3572755954407,397.8876496942146,398.2198626132527,95.99999999999999,398.05375615373356,1.0467985773814996,1,1.5383767444688012,0.18260621489098694
172.5,0.0,398.04809846836895,1.0477476734447635,95.99999999999999,389.46532363501484,400.0000000000011,520612.61745296273,187.38254703658788,1.5232690494671561,-3.20106144613419e-06,9.822741723208582e-09,1.6439974381832195e-14,3.0444397003392965e-16,5.4552930166616935,0.013755323654973487,-44.40047791098563,0.0,0.0,398.46201793025864,397.18960010772656,397.9615874913598,398.93232577106755,397.3556362795129,397.8818778950991,398.2143190416389,95.99999999999999,398.04809846836895,1.0477476734447635,1,1.5383767444688012,0.18267099826824545
173.0,0.0,398.04244078299007,1.0487015282563807,95.99999999999999,389.44450579480616,400.0000000000011,520612.0743151664,187.92568483296444,1.5232492550538648,-3.189179182072621e-06,9.78627993922605e-09,1.346579098226996e-14,2.49366499671666e-16,5.455292504255629,0.013755020577271734,-44.40047791098563,0.0,0.0,398.45845893129456,397.18618754009304,397.95485651005595,398.9256090294868,397.3539868379881,397.87610516828863,398.2087763976915,95.99999999999999,398.04244078299007,1.0487015282563807,1,1.5383767444688012,0.18273572938614574
173.5,0.0,398.0367830976006,1.049664970227557,95.99999999999999,389.42334427866854,400.0000000000011,520611.53117736895,188.46882263035167,1.523229418140294,-3.178409457404996e-06,9.753232081313822e-09,1.533929233632491e-14,2.8406096919120216e-16,5.455291752125156,0.01375471747578241,-44.40047791098563,0.0,0.0,398.4543872224997,397.1828636423887,397.94824551284034,398.9188072847329,397.35232247179897,397.87033158870213,398.2032346064991,95.99999999999999,398.0367830976006,1.049664970227557,1,1.5383767444688012,0.18280043167120408
174.0,0.0,398.0311254122076,1.0506380202840413,95.99999999999999,389.4018329038903,400.0000000000011,520610.9880395712,189.01196042808144,1.5232095392015859,-3.1679314531629643e-06,9.721079393470715e-09,1.461331056162862e-14,2.706168622523819e-16,5.455290760348246,0.013754414534340974,-44.40047791098563,0.0,0.0,398.4498615973086,397.17962688024886,397.9417661020853,398.91192307307625,397.3506451687608,397.8645556419176,398.19769518249745,95.99999999999999,398.0311254122076,1.0506380202840413,1,1.5383767444688012,0.18286512515410716
174.5,0.0,398.0254677268184,1.0516230181542467,95.99999999999999,389.379969695894,400.0000000000011,520610.4449017738,189.5550982254399,1.5231896182739981,-3.1570989733609167e-06,9.687838965847592e-09,1.5479804937879032e-14,2.8666305440516737e-16,5.455289528296856,0.013754111720476133,-44.40047791098563,0.0,0.0,398.44495807152106,397.17646705034264,397.9354275712555,398.9049591193022,397.3489422876339,397.8587796312314,398.1921558224054,95.99999999999999,398.0254677268184,1.0516230181542467,1,1.5383767444688012,0.182929784712291
175.0,0.0,398.0198100414402,1.052612610285393,95.99999999999999,389.35776253517304,400.0000000000011,520609.9017639776,190.09823602174217,1.5231696558477794,-3.1451007487248717e-06,9.651021346529714e-09,1.5292454802473537e-14,2.8319360745321376e-16,5.455288055046455,0.013753809001384438,-44.40047791098563,0.0,0.0,398.43976272830275,397.17334230172594,397.9292351979412,398.89791977856174,397.34720489390224,397.8530035344046,398.18661654847597,95.99999999999999,398.0198100414402,1.052612610285393,1,1.5383767444688012,0.18299439315177823
175.5,0.0,398.01415235608124,1.0536012224041142,95.99999999999999,389.335201007701,400.0000000000011,520609.3586261831,190.6413738162084,1.523149652705331,-3.1313628880980104e-06,9.608865499465278e-09,1.601843657716983e-14,2.96637714392034e-16,5.455286339827036,0.013753506421290232,-44.40047791098563,0.0,0.0,398.434364340608,397.1701826589518,397.9231861987555,398.8905060452293,397.3454259844885,397.8472277870868,398.1810769250756,95.99999999999999,398.01415235608124,1.0536012224041142,1,1.5383767444688012,0.18305896791209214
176.0,0.0,398.00849467066115,1.0545887307195958,95.99999999999999,389.3122794591459,400.0000000000011,520608.8154883828,191.1845116165336,1.5231296096214795,-3.1234415871495003e-06,9.584558283050238e-09,1.5995017810244144e-14,2.962040335230398e-16,5.455284382255158,0.013753204043936356,-44.40047791098563,0.0,0.0,398.42884824947936,397.16697335440807,397.9172643679298,398.88212858486924,397.3435979568328,397.841453457527,398.1755358837955,95.99999999999999,398.00849467066115,1.0545887307195958,1,1.5383767444688012,0.18312352058338702
176.5,0.0,398.0028369852553,1.0555764554358764,95.99999999999999,389.2889985524734,400.0000000000011,520608.2723505838,191.72764941550219,1.523109527249972,-3.1142414229634596e-06,9.556326761059392e-09,1.7095699855751428e-14,3.165870343657673e-16,5.4552821821469175,0.013752901920865384,-44.40047791098563,0.0,0.0,398.4232902390145,397.1637185846365,397.9112315960181,398.8737045926463,397.34171256125524,397.8356819775705,398.16999199293997,95.99999999999999,398.0028369852553,1.0555764554358764,1,1.5383767444688012,0.18318805233905916
177.0,0.0,397.99717929986707,1.0565586922367272,95.99999999999999,389.26536356407865,400.0000000000011,520607.72921278654,192.27078721277215,1.5230894061195415,-3.103293437334287e-06,9.52273189353361e-09,1.639313684798082e-14,3.0357660829594124e-16,5.455279739724327,0.013752600086520603,-44.40047791098563,0.0,0.0,398.4177367936143,397.16044029694996,397.9050695135631,398.86524018226413,397.3397612445467,397.82991509222734,398.1644435075067,95.99999999999999,397.99717929986707,1.0565586922367272,1,1.5383767444688012,0.18325257114758614
177.5,0.0,397.9915216144984,1.0575384785304238,95.99999999999999,389.241384510795,400.0000000000011,520607.1860749911,192.81392500816222,1.5230692466723341,-3.0904831476163963e-06,9.483422380293784e-09,1.6135530411798265e-14,2.98806118737005e-16,5.45527705513817,0.013752298560369853,-44.40047791098563,0.0,0.0,398.41219530895563,397.15717041502427,397.8990916723313,398.8566720170904,397.33773450630406,397.82415161340987,398.15889161558704,95.99999999999999,397.9915216144984,1.0575384785304238,1,1.5383767444688012,0.1833170821984419
178.0,0.0,397.98586392915024,1.0585161479728855,95.99999999999999,389.21707495206465,400.000000000001,520606.6429371977,193.3570628015859,1.523049049297967,-3.0756935700537724e-06,9.438039246281014e-09,1.4777241930108428e-14,2.736526283353413e-16,5.455274128732238,0.013751997351160143,-44.40047791098563,0.0,0.0,398.40673339619906,397.1539443021557,397.8932811138359,398.8480322907456,397.3356239333599,397.81839105518,398.1533368031204,95.99999999999999,397.98586392915024,1.0585161479728855,1,1.5383767444688012,0.18338156232289615
178.5,0.0,397.9802062438275,1.059498836153302,95.99999999999999,389.19244977400973,400.00000000000114,520606.0997994068,193.9002005925692,1.523028814374286,-3.058397993527251e-06,9.384966231584848e-09,1.4988010832439607e-14,2.7755575615628914e-16,5.455270960954191,0.013751696460832226,-44.40047791098563,0.0,0.0,398.4016224274264,397.1507956616634,397.8877245954768,398.8394199759229,397.33342212329546,397.81263325628095,398.14777923137405,95.99999999999999,397.9802062438275,1.059498836153302,1,1.5383767444688012,0.18344600464531438
179.0,0.0,397.97454855853226,1.0604848965550357,95.99999999999999,389.16752759862317,400.00000000000114,520605.5566616184,194.44333838091688,1.5230085422783222,-3.0385468505755853e-06,9.324051234042333e-09,1.693176848727162e-14,3.135512682828079e-16,5.4552675523549,0.013751395887226698,-44.40047791098563,0.0,0.0,398.39690608431124,397.14775108317644,397.882358630887,398.8308215765416,397.3311222872893,397.80687805659113,398.14221906047334,95.99999999999999,397.97454855853226,1.0604848965550357,1,1.5383767444688012,0.18351039385241952
179.5,0.0,397.9688908732659,1.0614731516717797,95.99999999999999,389.14232328853785,400.00000000000114,520605.0135238328,194.9864761664886,1.5229882334412403,-3.0159575601373945e-06,9.254733987429383e-09,1.6135530411798265e-14,2.98806118737005e-16,5.455263903946491,0.013751095626003657,-44.40047791098563,0.0,0.0,398.39255987501565,397.1448293167678,397.8770964878189,398.82221075501724,397.32872041567396,397.8011252183471,398.1366565281845,95.99999999999999,397.9688908732659,1.0614731516717797,1,1.5383767444688012,0.18357470657686126
180.0,0.0,397.96323318802666,1.0624793421969407,95.99999999999999,389.1168495651473,400.00000000000125,520604.4703860499,195.52961394944685,1.5229678882435007,-2.990631600141569e-06,9.17701902690223e-09,1.6229205479501012e-14,3.0054084221298183e-16,5.455260016239368,0.013750795673708691,-44.40047791098563,0.0,0.0,398.38854523900454,397.1420401455234,397.8718637679732,398.81397409512584,397.3262087832169,397.7953748520586,398.1310915239947,95.99999999999999,397.96323318802666,1.0624793421969407,1,1.5383767444688012,0.18363886233602814
180.5,0.0,397.9575755028111,1.063492944225112,95.99999999999999,389.09112492848345,400.00000000000125,520603.9272482692,196.0727517301414,1.5229475070692537,-2.9630924984758167e-06,9.09251284434252e-09,1.6439974381832195e-14,3.0444397003392965e-16,5.455255889770779,0.013750496024523506,-44.40047791098563,0.0,0.0,398.3848068319871,397.13938017542,397.8666057311009,398.8056933470965,397.32357911565623,397.78962713810665,398.1255238675156,95.99999999999999,397.9575755028111,1.063492944225112,1,1.5383767444688012,0.18370282280747322
181.0,0.0,397.9519178176123,1.0645064511118372,95.99999999999999,389.06516688465996,400.00000000000125,520603.3841104901,196.61588950922425,1.522927090309277,-2.9339819036522385e-06,9.003184395272506e-09,1.5550061238656092e-14,2.8796409701215e-16,5.455251525497466,0.01375019667251386,-44.40047791098563,0.0,0.0,398.38127974555385,397.1368366232605,397.86129227106863,398.7972403819307,397.3208256385486,397.7838822554563,398.1199533797684,95.99999999999999,397.9519178176123,1.0645064511118372,1,1.5383767444688012,0.18376659256332897
181.5,0.0,397.9462601324225,1.0655208146306228,95.99999999999999,389.0389951024003,400.00000000000125,520602.84097271186,197.15902728744993,1.5229066383549366,-2.9039972844202566e-06,8.911173924576855e-09,1.3606303583824082e-14,2.5196858488563123e-16,5.455246924252946,0.013749897612084038,-44.40047791098563,0.0,0.0,398.3778959908012,397.1343873980767,397.8559167824073,398.78874031487345,397.3180571160571,397.7781404146384,398.11437985020655,95.99999999999999,397.9462601324225,1.0655208146306228,1,1.5383767444688012,0.18383019428447817
182.0,0.0,397.940602447236,1.0665337633489955,95.99999999999999,389.01262874794816,400.00000000000125,520602.29783493397,197.70216506535115,1.5228861516203485,-2.873663760283307e-06,8.818092808151613e-09,1.601843657716983e-14,2.96637714392034e-16,5.455242085986852,0.013749598838142876,-44.40047791098563,0.0,0.0,398.3745890765784,397.1320075240812,397.8504912765771,398.7802373012926,397.3153709482035,397.7724018549564,398.10880303951564,95.99999999999999,397.940602447236,1.0665337633489955,1,1.5383767444688012,0.1838936109172859
182.5,0.0,397.93494476205285,1.0675371661232207,95.99999999999999,388.98608194646863,400.00000000000125,520601.7546971564,198.24530284293388,1.5228656305245634,-2.8430448821836762e-06,8.724136057714879e-09,1.3723397418452516e-14,2.5413698923060224e-16,5.4552370111930095,0.013749300347314907,-44.40047791098563,0.0,0.0,398.3713004491769,397.12967394616476,397.84503971916405,398.771739388333,397.3126369291782,397.76666677471883,398.103222749387,95.99999999999999,397.93494476205285,1.0675371661232207,1,1.5383767444688012,0.1839568124011169
183.0,0.0,397.92928707687366,1.0685414067732257,95.99999999999999,388.9593633702085,400.0000000000012,520601.2115593792,198.78844062013923,1.5228450754806695,-2.812015708286708e-06,8.628920278135724e-09,1.646339314875788e-14,3.0487765090292385e-16,5.455231700437915,0.013749002135694355,-44.40047791098563,0.0,0.0,398.3679807559772,397.12736715509755,397.83958724895325,398.76326283290194,397.3098449351068,397.7609354759623,398.097638677785,95.99999999999999,397.92928707687366,1.0685414067732257,1,1.5383767444688012,0.1840198250634355
183.5,0.0,397.9236293916964,1.069545724643754,95.99999999999999,388.9324874336549,400.0000000000012,520600.66842160217,199.33157839714568,1.5228244869026388,-2.7808099787307583e-06,8.533162721815593e-09,1.7048862321900054e-14,3.157196726277789e-16,5.455226154083074,0.013748704199594258,-44.40047791098563,0.0,0.0,398.3645936716694,397.1250687703942,397.8341609805248,398.75481550923877,397.30699426454805,397.7552082010127,398.0920505823802,95.99999999999999,397.9236293916964,1.069545724643754,1,1.5383767444688012,0.18408267464266703
184.0,0.0,397.9179717065192,1.0705535448300578,95.99999999999999,388.90547683198406,400.0000000000011,520600.12528382515,199.8747161741641,1.5228038651834173,-2.7496009522565146e-06,8.437395048608478e-09,1.3278440846864465e-14,2.458970527197124e-16,5.455220372460207,0.013748406535700025,-44.40047791098563,0.0,0.0,398.361115779026,397.12276019307416,397.82878544466985,398.7463994131582,397.3040857188437,397.7494850984072,398.08645831463133,95.99999999999999,397.9179717065192,1.0705535448300578,1,1.5383767444688012,0.18414538254735946
184.5,0.0,397.91231402134036,1.071564465612687,95.99999999999999,388.8783715841555,400.0000000000011,520599.58214604796,200.4178539513273,1.5227832107219808,-2.7185709825516824e-06,8.34217682702212e-09,1.578424890791296e-14,2.92300905702092e-16,5.455214355845995,0.013748109140918025,-44.40047791098563,0.0,0.0,398.35753565400864,397.12042007764546,397.8234779115526,398.73799966281103,397.30112161294556,397.74376639395973,398.08086164872117,95.99999999999999,397.91231402134036,1.071564465612687,1,1.5383767444688012,0.18420793147488157
185.0,0.0,397.90665633616123,1.0725827203111997,95.99999999999999,388.8512086964871,400.000000000001,520599.0390082708,200.9609917285345,1.5227625239347036,-2.6875389664837712e-06,8.246952325988667e-09,1.4425960426223125e-14,2.671474153004283e-16,5.455208104532827,0.013747812012549692,-44.40047791098563,0.0,0.0,398.3538517299667,397.11803151974374,397.81791504152335,398.7296025449328,397.2981299050397,397.7380534045611,398.0752592677612,95.99999999999999,397.90665633616123,1.0725827203111997,1,1.5383767444688012,0.18427024642322742
185.5,0.0,397.9009986509832,1.0736069114466251,95.99999999999999,388.82402413124413,400.000000000001,520598.4958704937,201.5041295056252,1.52274180522797,-2.65639019403352e-06,8.151369547612665e-09,1.550322370480472e-14,2.8709673527416157e-16,5.455201618767719,0.013747515148400745,-44.40047791098563,0.0,0.0,398.3500643929143,397.11558085139376,397.81197951152603,398.72120038829485,397.29510808535076,397.7323474397604,398.0696498622059,95.99999999999999,397.9009986509832,1.0736069114466251,1,1.5383767444688012,0.18433233933000095
186.0,0.0,397.8953409658073,1.0746374034800412,95.99999999999999,388.7968517166414,400.000000000001,520597.9527327168,202.04726728250924,1.5227210550023718,-2.625070663953011e-06,8.055262784262453e-09,1.5315873569399224e-14,2.8362728832220796e-16,5.4551948987984415,0.013747218546565604,-44.40047791098563,0.0,0.0,398.34618906498434,397.113067402188,397.8060373442184,398.71279297562677,397.2920554630661,397.7266474018719,398.0640345297427,95.99999999999999,397.8953409658073,1.0746374034800412,1,1.5383767444688012,0.18439422738556324
186.5,0.0,397.889683280635,1.0756707483947114,95.99999999999999,388.76972279801714,400.000000000001,520597.40959494025,202.5904050590525,1.5227002736797712,-2.5934027974017226e-06,7.958087119473511e-09,1.6791255885717498e-14,3.1094918306884267e-16,5.45518794533885,0.013746922205394934,-44.40047791098563,0.0,0.0,398.34224798237176,397.1104884081855,397.80028358485697,398.70413682909566,397.2889713411001,397.72095229185726,398.0584142694127,95.99999999999999,397.889683280635,1.0756707483947114,1,1.5383767444688012,0.18445592243830655
187.0,0.0,397.88402559546836,1.0767043024254683,95.99999999999999,388.74266614997015,400.000000000001,520596.8664571643,203.13354283504776,1.5226794615946226,-2.5611505805045454e-06,7.859118323680957e-09,1.5292454802473537e-14,2.8319360745321376e-16,5.45518075872826,0.013746626123155825,-44.40047791098563,0.0,0.0,398.3382631680157,397.10783694822055,397.7947497998163,398.6946874731155,397.285855789803,397.7152621938429,398.05278899709384,95.99999999999999,397.88402559546836,1.0767043024254683,1,1.5383767444688012,0.18451744461068997
187.5,0.0,397.8783679103101,1.0777391692923661,95.99999999999999,388.7157083908469,400.0000000000012,520596.323319389,203.67668061024807,1.5226586189230746,-2.5282023727868363e-06,7.758013818159973e-09,1.3957585087709385e-14,2.5847379792054426e-16,5.455173338230639,0.013746330287368833,-44.40047791098563,0.0,0.0,398.3342533242482,397.10510977250044,397.7893882976412,398.68494293826814,397.28271005198104,397.709577115157,398.0471587054631,95.99999999999999,397.8783679103101,1.0777391692923661,1,1.5383767444688012,0.18457880214763048
188.0,0.0,397.8727102251612,1.0787806277703205,95.99999999999999,388.6888740819845,400.0000000000012,520595.7801816148,204.21981838454255,1.5226377458700293,-2.49420517661747e-06,7.65369039828678e-09,1.6346299314129447e-14,3.0270924655795284e-16,5.455165683935753,0.013746034708471013,-44.40047791098563,0.0,0.0,398.330235599476,397.10230635282636,397.7841253965944,398.675129885671,397.27953623830604,397.70389711549694,398.04152333482534,95.99999999999999,397.8727102251612,1.0787806277703205,1,1.5383767444688012,0.18464001464518326
188.5,0.0,397.8670525400223,1.0798331181188305,95.99999999999999,388.6621862596829,400.00000000000114,520595.23704384145,204.76295615787285,1.5226168426336173,-2.4593356613422657e-06,7.54669018966053e-09,1.4285447824669003e-14,2.645453300864631e-16,5.455157795537639,0.013745739388537423,-44.40047791098563,0.0,0.0,398.32622560567415,397.09942752938247,397.77889071339183,398.6652429014687,397.2763372950161,397.6982222667946,398.0358828132499,95.99999999999999,397.8670525400223,1.0798331181188305,1,1.5383767444688012,0.1847010996963247
189.0,0.0,397.86139485489485,1.0808836450235204,95.99999999999999,388.6356660479542,400.00000000000114,520594.69390606927,205.30609393010613,1.5225959095546515,-2.42329710431477e-06,7.436102672452535e-09,1.5479804937879032e-14,2.8666305440516737e-16,5.455149673376357,0.013745444321565126,-44.40047791098563,0.0,0.0,398.3222375556782,397.0964753502229,397.77363147061965,398.655341678728,397.27311804653675,397.69255261358063,398.0302370962089,95.99999999999999,397.86139485489485,1.0808836450235204,1,1.5383767444688012,0.18476207355517377
189.5,0.0,397.85573716978075,1.0819380762016584,95.99999999999999,388.60933282554356,400.00000000000114,520594.1507682983,205.84923170106242,1.5225749461085807,-2.386038460144846e-06,7.32177120934361e-09,1.3957585087709385e-14,2.5847379792054426e-16,5.45514131890838,0.013745149502920434,-44.40047791098563,0.0,0.0,398.3183098326018,397.093452211873,397.76831716217066,398.6454386713833,397.26988194197503,397.6868881517314,398.02458618783,95.99999999999999,397.85573716978075,1.0819380762016584,1,1.5383767444688012,0.18482295140673377
190.0,0.0,397.85007948468296,1.0829967027829441,95.99999999999999,388.5832094478417,400.00000000000114,520593.60763052886,206.39236947045111,1.5225539529981418,-2.3472643704280927e-06,7.202789466803133e-09,1.5667155073284527e-14,2.90132501357121e-16,5.45513273237649,0.013744854925273529,-44.40047791098563,0.0,0.0,398.3144756261657,397.0903596978604,397.76293783480133,398.6374987436042,397.26663248778254,397.6812288621038,398.0189301072621,95.99999999999999,397.85007948468296,1.0829967027829441,1,1.5383767444688012,0.18488374160919746
190.5,0.0,397.8444217996091,1.0840451040528267,95.99999999999999,388.55731447526694,400.00000000000114,520593.0644927618,206.93550723753697,1.5225329304892212,-2.306107177219019e-06,7.0764949592630925e-09,1.5924761509467083e-14,2.949029909160572e-16,5.455123914506836,0.013744560591481478,-44.40047791098563,0.0,0.0,398.31075665300693,397.0871991750973,397.7574988874835,398.62947881138393,397.2633737488735,397.6755747082018,398.0132688910164,95.99999999999999,397.8444217996091,1.0840451040528267,1,1.5383767444688012,0.18494443879931594
191.0,0.0,397.8387641145738,1.085088511281276,95.99999999999999,388.5316581705802,400.0000000000011,520592.5213549984,207.47864500092368,1.5225118792986427,-2.2612792633935896e-06,6.938936519068445e-09,1.540954863710197e-14,2.8536201179818477e-16,5.4551148654717805,0.013744266495883686,-44.40047791098563,0.0,0.0,398.3071608671373,397.08397195713286,397.7520150215374,398.6202098880015,397.26011020149656,397.66992564231396,398.00760258683374,95.99999999999999,397.8387641145738,1.085088511281276,1,1.5383767444688012,0.18500504665006245
191.5,0.0,397.83310642959424,1.0861318834607248,95.99999999999999,388.50624982734297,400.0000000000011,520591.97821724036,208.02178275896296,1.5224908002320066,-2.2110994279955776e-06,6.784955231572994e-09,1.4496216727000185e-14,2.684484579074109e-16,5.455105585376377,0.01374397264056939,-44.40047791098563,0.0,0.0,398.3035946905553,397.08067947977696,397.74650460421657,398.61088052701007,397.25684686357414,397.6642814208636,398.00193143832485,95.99999999999999,397.83310642959424,1.0861318834607248,1,1.5383767444688012,0.18506553261052797
192.0,0.0,397.82744874469296,1.0871721430257257,95.99999999999999,388.4811016288815,400.0000000000011,520591.43507948983,208.56492050948788,1.5224696939448403,-2.1534103495923773e-06,6.607931164106589e-09,1.3676559884601142e-14,2.5326962749261384e-16,5.455096074598795,0.013743679030501096,-44.40047791098563,0.0,0.0,398.3000431665324,397.07739149542226,397.7409853650226,398.60141868909403,397.253588535276,397.65864199615646,397.9962554932293,95.99999999999999,397.82744874469296,1.0871721430257257,1,1.5383767444688012,0.18512588353363404
192.5,0.0,397.8217910598956,1.0882139052767705,95.99999999999999,388.4562256276601,400.0000000000011,520590.8919417493,209.108058250034,1.522448560977376,-2.085711031440951e-06,6.400189785745398e-09,1.5479804937879032e-14,2.8666305440516737e-16,5.455086333663745,0.013743385669657278,-44.40047791098563,0.0,0.0,398.2965324566325,397.0741531886287,397.73547206592264,398.5928407605237,397.25034105478306,397.6530073103065,397.9905748094846,95.99999999999999,397.8217910598956,1.0882139052767705,1,1.5383767444688012,0.18518610437747976
193.0,0.0,397.81613337437625,1.089258945028987,95.99999999999999,388.43163355744724,400.0000000000011,520590.3488039394,209.6511960598857,1.5224274057503517,-2.087392402927435e-06,6.4053492236788505e-09,1.5690573840210214e-14,2.905661822261152e-16,5.45507635908009,0.01374309256069166,-44.40047791098563,0.0,0.0,398.29307559514007,397.07092736878536,397.72997608263427,398.5849390398755,397.2471101798439,397.64737720073276,397.9848895480198,95.99999999999999,397.81613337437625,1.089258945028987,1,1.5383767444688012,0.18524619931673475
193.5,0.0,397.81047568885725,1.0903055315798633,95.99999999999999,388.4073396908322,400.0000000000011,520589.80566612957,210.19433386971252,1.5224062276973622,-2.08901681730822e-06,6.410333883668176e-09,1.4941173298588233e-14,2.7668839441830073e-16,5.455066151135017,0.013742799727321203,-44.40047791098563,0.0,0.0,398.28967354429005,397.0676810123702,397.7245043112725,398.57703857159214,397.24390877161346,397.6417515377236,397.9791998399908,95.99999999999999,397.81047568885725,1.0903055315798633,1,1.5383767444688012,0.18530614334420792
194.0,0.0,397.80481800333837,1.0913529022366268,95.99999999999999,388.38335787821376,400.0000000000011,520589.2625283198,210.7374716795343,1.522385025992805,-2.0905837061491184e-06,6.415142021422517e-09,1.5550061238656092e-14,2.8796409701215e-16,5.455055710448334,0.013742507172295944,-44.40047791098563,0.0,0.0,398.28631768154185,397.06439132175325,397.71905980919774,398.5690980898358,397.2407421644285,397.6361302230157,397.97350578366087,95.99999999999999,397.80481800333837,1.0913529022366268,1,1.5383767444688012,0.18536587997230894
194.5,0.0,397.79916031781914,1.092401458479764,95.99999999999999,388.35970063712506,400.0000000000011,520588.71939051,211.2806094893715,1.5223638001612938,-2.092151959232069e-06,6.419954345474919e-09,1.5011429599365294e-14,2.7798943702528334e-16,5.4550450375525035,0.013742214892024408,-44.40047791098563,0.0,0.0,398.2829177719584,397.0610407099633,397.7136428357072,398.56112407065154,397.2376115892329,397.6305133036328,397.96780733200546,95.99999999999999,397.79916031781914,1.092401458479764,1,1.5383767444688012,0.1854253896306401
195.0,0.0,397.7935026322996,1.093451219283403,95.99999999999999,388.3363798155275,400.0000000000011,520588.17625270004,211.82374729924712,1.5223425499907546,-2.0938910836321156e-06,6.425291003359702e-09,1.2529040305242485e-14,2.3201926491189795e-16,5.455034133087746,0.013741922881501691,-44.40047791098563,0.0,0.0,398.2795096925175,397.05761603168656,397.708252110284,398.55311951192203,397.2345184347828,397.6249005956261,397.962104668973,95.99999999999999,397.7935026322996,1.093451219283403,1,1.5383767444688012,0.1854846670162752
195.5,0.0,397.7878449467795,1.0944914628366378,95.99999999999999,388.31340617306483,400.00000000000114,520587.63311489014,212.3668851091748,1.5223212754824562,-2.0955737056738144e-06,6.430454278733046e-09,1.4847498230885486e-14,2.749536709423239e-16,5.455022997743213,0.013741631135527467,-44.40047791098563,0.0,0.0,398.2761741128338,397.0537501802555,397.70288604026445,398.5450820593279,397.2314643112192,397.61929478629384,397.95639510726517,95.99999999999999,397.7878449467795,1.0944914628366378,1,1.5383767444688012,0.1855437194296086
196.0,0.0,397.78218726125885,1.0955157050266322,95.99999999999999,388.2907917873303,400.00000000000114,520587.0899770801,212.9100229191616,1.5222999767840801,-2.09737524414777e-06,6.435982459754207e-09,1.5737411374061588e-14,2.914335439641036e-16,5.455011632277063,0.013741339649900344,-44.40047791098563,0.0,0.0,398.27288873815,397.0491941776824,397.6975434268251,398.5370139994244,397.22845108254256,397.61369341818954,397.95068110432817,95.99999999999999,397.78218726125885,1.0955157050266322,1,1.5383767444688012,0.18560255310789156
196.5,0.0,397.7765295757375,1.0965261276962264,95.99999999999999,388.26855229776567,400.00000000000114,520586.54683927016,213.45316072920468,1.522278654135903,-2.099116528597733e-06,6.4413257459442565e-09,1.6650743284163377e-14,3.0834709785487746e-16,5.455000037396422,0.013741048421452285,-44.40047791098563,0.0,0.0,398.26962080322863,397.0440970011856,397.69222377064926,398.5291317477102,397.22548108618116,397.6080969792522,397.9449621722229,95.99999999999999,397.7765295757375,1.0965261276962264,1,1.5383767444688012,0.18566117846400368
197.0,0.0,397.7708718902157,1.097537301282783,95.99999999999999,388.2467050480361,400.00000000000114,520586.00370145997,213.9962985392978,1.5222573078359003,-2.1010901889439992e-06,6.4473820982376875e-09,1.669758081801475e-14,3.0921445959286586e-16,5.454988213852161,0.013740757447864658,-44.40047791098563,0.0,0.0,398.266277145599,397.03857050567603,397.68692696908136,398.5214099526326,397.22255709380363,397.60250824677183,397.9392355336597,95.99999999999999,397.7708718902157,1.097537301282783,1,1.5383767444688012,0.18571955819662792
197.5,0.0,397.7652142046935,1.098548566594004,95.99999999999999,388.22526577356894,400.00000000000114,520585.4605636499,214.5394363494372,1.522235938213331,-2.102945614979035e-06,6.453075638032334e-09,1.4706985629331367e-14,2.723515857283587e-16,5.454976162387594,0.013740466727545498,-44.40047791098563,0.0,0.0,398.2628225090664,397.0327158275087,397.68165350911033,398.5136409006687,397.2196819130355,397.5969240363737,397.9335043730132,95.99999999999999,397.7652142046935,1.098548566594004,1,1.5383767444688012,0.1857776413898258
198.0,0.0,397.75955651917127,1.099555679239388,95.99999999999999,388.2042468018003,400.00000000000114,520584.9174258398,215.08257415956376,1.5222145458782472,-2.104800358893044e-06,6.4587670846779486e-09,1.587792397561571e-14,2.940356291780688e-16,5.454963883294444,0.013740176259447328,-44.40047791098563,0.0,0.0,398.25927573528145,397.02662440791653,397.6764041513102,398.5057931123599,397.2168587991524,397.5913440294577,397.927769008885,95.99999999999999,397.75955651917127,1.099555679239388,1,1.5383767444688012,0.1858354326757773
198.5,0.0,397.7538988336498,1.100564071714079,95.99999999999999,388.1836561983939,400.00000000000114,520584.37428802974,215.6257119696312,1.522193131187659,-2.106656467049106e-06,6.464462717621626e-09,1.454305426085156e-14,2.693158196453993e-16,5.45495137717342,0.013739886070013741,-44.40047791098563,0.0,0.0,398.2554721082379,397.0203810803868,397.6711791412648,398.4978630160663,397.2140918789305,397.5857681591452,397.9220295081544,95.99999999999999,397.7538988336498,1.100564071714079,1,1.5383767444688012,0.1858929390319768
199.0,0.0,397.74824114746394,1.1015731102911661,95.99999999999999,388.16349801171367,400.00000000000114,520583.83115015586,216.16884984347192,1.5221716942322598,-2.17230908106103e-06,6.665923602313934e-09,1.526903603554785e-14,2.8275992658421956e-16,5.454938645179076,0.013739596169155759,-44.40047791098563,0.0,0.0,398.2513414699307,397.0140645205665,397.66597753189,398.4898527664632,397.21138615078854,397.5801961695641,397.9162861253638,95.99999999999999,397.74824114746394,1.1015731102911661,1,1.5383767444688012,0.18595018217408538
199.5,0.0,397.7425834613565,1.102579822372619,95.99999999999999,388.14377248099834,400.00000000000114,520583.28801228956,216.711987709779,1.522150235266936,-2.230395722335743e-06,6.844167626807506e-09,1.5081685900142355e-14,2.7929047963226594e-16,5.454925688437271,0.013739306539465325,-44.40047791098563,0.0,0.0,398.2470216415362,397.00774618233015,397.66079689413203,398.48176636007287,397.20874728455567,397.5746278819762,397.910539040737,95.99999999999999,397.7425834613565,1.102579822372619,1,1.5383767444688012,0.18600717122333246
200.0,0.0,397.7369257753035,1.1035783823885237,95.99999999999999,388.1244762813734,400.00000000000114,520582.7448744285,217.25512557087416,1.5221287545944038,-2.283241514078327e-06,7.00632963843423e-09,1.4262029057743316e-14,2.641116492174689e-16,5.4549125075176645,0.01373901717125887,-44.40047791098563,0.0,0.0,398.2426419077223,397.0015100496038,397.655633167862,398.47361455639805,397.20618128097647,397.5690617496773,397.9047898009297,95.99999999999999,397.7369257753035,1.1035783823885237,1,1.5383767444688012,0.18606392439908687
200.5,0.0,397.7312680892893,1.1045751726695612,95.99999999999999,388.1056024419625,400.00000000000114,520582.2017365711,217.798263428234,1.5221072525638455,-2.332422496920117e-06,7.157245858031286e-09,1.564373630635884e-14,2.896988204881268e-16,5.454899102679372,0.013738728059382494,-44.40047791098563,0.0,0.0,398.2383020292797,396.9954438403665,397.6504806868906,398.46540517907687,397.20369417469345,397.56349668881495,397.89903948976377,95.99999999999999,397.7312680892893,1.1045751726695612,1,1.5383767444688012,0.1861204387442565
201.0,0.0,397.72561040330197,1.1055645150874793,95.99999999999999,388.08713998728956,400.00000000000097,520581.6585987163,218.34140128302298,1.5220857295428631,-2.3789801559814805e-06,7.300112175311533e-09,1.414493522311488e-14,2.6194324487249787e-16,5.454885474257039,0.013738439201472549,-44.40047791098563,0.0,0.0,398.2341264069714,396.98953717796064,397.6453326995037,398.4571467520798,397.2012916254572,397.55793235726503,397.89328844933885,95.99999999999999,397.72561040330197,1.1055645150874793,1,1.5383767444688012,0.18617673226858036
201.5,0.0,397.7199527173348,1.1065461215609973,95.99999999999999,388.0690734493156,400.000000000001,520581.11546086345,218.88453913587358,1.5220641858775958,-2.423621282332533e-06,7.4370974415297345e-09,1.5011429599365294e-14,2.7798943702528334e-16,5.454871622697439,0.013738150596545554,-44.40047791098563,0.0,0.0,398.23013725091005,396.98379699328166,397.64018194120604,398.44884852452066,397.1989783849624,397.55237026115026,397.8875351735192,95.99999999999999,397.7199527173348,1.1065461215609973,1,1.5383767444688012,0.18623280867020325
202.0,0.0,397.7142950313828,1.1075213459478872,95.99999999999999,388.05138570203883,400.000000000001,520580.57232301205,219.4276769872611,1.5220426218935887,-2.466806421352885e-06,7.569614881140293e-09,1.4027841388486446e-14,2.5977484052752686e-16,5.454857548444719,0.013737862243398078,-44.40047791098563,0.0,0.0,398.2263152689829,396.9782272524908,397.63502121102107,398.44053064664666,397.19675830032986,397.5468102687613,397.8817797940042,95.99999999999999,397.7142950313828,1.1075213459478872,1,1.5383767444688012,0.1862886875227232
202.5,0.0,397.7086373454425,1.1084891507348047,95.99999999999999,388.03405801987896,400.000000000001,520580.0291851618,219.97081483752012,1.522021037918056,-2.5088283166496694e-06,7.698562803935875e-09,1.2927159342979162e-14,2.393918396847994e-16,5.454843251908813,0.013737574141208235,-44.40047791098563,0.0,0.0,398.2226497275377,396.9728391247463,397.629843862869,398.4322067325719,397.194634189207,397.5412520756298,397.87602261525524,95.99999999999999,397.7086373454425,1.1084891507348047,1,1.5383767444688012,0.18634436904339846
203.0,0.0,397.7029796595089,1.1094513942710895,95.99999999999999,388.017070320987,400.000000000001,520579.48604731215,220.51395268715214,1.5219994342371026,-2.550265293166376e-06,7.825715851436984e-09,1.454305426085156e-14,2.693158196453993e-16,5.454828733504768,0.013737286289516419,-44.40047791098563,0.0,0.0,398.2191195222631,396.9676501017626,397.62464415409823,398.4238828968779,397.19260939269253,397.5356952187934,397.87026410022446,95.99999999999999,397.7029796595089,1.1094513942710895,1,1.5383767444688012,0.18639983265264828
203.5,0.0,397.6973219735824,1.110412436984716,95.99999999999999,388.00040135418527,400.000000000001,520578.9429094632,221.05709053610417,1.5219778111065212,-2.5910036640652834e-06,7.950725165471709e-09,1.3231603313013091e-14,2.45029690981724e-16,5.454813993624724,0.013736998686781009,-44.40047791098563,0.0,0.0,398.21578140220754,396.9619529984174,397.61941757297603,398.4155656630237,397.19068034266365,397.53013913154473,397.86450481562,95.99999999999999,397.6973219735824,1.110412436984716,1,1.5383767444688012,0.1864550946771676
204.0,0.0,397.6916642876668,1.1113798692451204,95.99999999999999,387.9840290693579,400.000000000001,520578.3997716154,221.60022838399075,1.5219561688223506,-2.6305785638669477e-06,8.072164264975115e-09,1.430886659159469e-14,2.649790109554573e-16,5.454799032638533,0.013736711327532776,-44.40047791098563,0.0,0.0,398.21254546963405,396.9546004882448,397.6141608658793,398.40726490257805,397.1888195656175,397.52458353897424,397.85874503635944,95.99999999999999,397.6916642876668,1.1113798692451204,1,1.5383767444688012,0.18651017098650982
204.5,0.0,397.6860066017679,1.1123438721736156,95.99999999999999,387.96793072715076,400.000000000001,520577.856633769,222.14336623029413,1.5219345077141755,-2.6687573893013905e-06,8.189319386127475e-09,1.4496216727000185e-14,2.684484579074109e-16,5.454783850893821,0.013736424207038876,-44.40047791098563,0.0,0.0,398.20931276924546,396.9463714356529,397.60887242668196,398.39899038448084,397.18700670156824,397.5190280535884,397.8529851499473,95.99999999999999,397.6860066017679,1.1123438721736156,1,1.5383767444688012,0.18656507799222122
205.0,0.0,397.6803489158857,1.11330494699419,95.99999999999999,387.9520829175935,400.000000000001,520577.31349592435,222.6865040749811,1.5219128281214567,-2.705191803897833e-06,8.301121627490059e-09,1.5596898772507466e-14,2.888314587501384e-16,5.454768448797462,0.013736137325084136,-44.40047791098563,0.0,0.0,398.2060001443415,396.93789348749624,397.6035520812182,398.3907518664078,397.1852530464919,397.51347218303533,397.84722564873607,95.99999999999999,397.6803489158857,1.11330494699419,1,1.5383767444688012,0.18661983034224955
205.5,0.0,397.6746912300189,1.1142677772912732,95.99999999999999,387.9364618706866,400.0000000000011,520576.77035808115,223.2296419182003,1.5218911303700258,-2.7401685258610087e-06,8.408450809372421e-09,1.4571677198205186e-14,2.667137344314341e-16,5.454752826619793,0.013735850684432265,-44.40047791098563,0.0,0.0,398.20255386718594,396.9295527405342,397.59820077426707,398.3825588851631,397.18356903262566,397.5079154756473,397.8414669843904,95.99999999999999,397.6746912300189,1.1142677772912732,1,1.5383767444688012,0.18667444513712741
206.0,0.0,397.6690335441654,1.1152343815655767,95.99999999999999,387.92104357189527,400.0000000000012,520576.2272202392,223.7727797601234,1.5218694147931568,-2.7739262975501333e-06,8.51203953393557e-09,1.3793653719229577e-14,2.5543803183758484e-16,5.4547369848353995,0.013735564288661692,-44.40047791098563,0.0,0.0,398.19894904915446,396.92152954940235,397.5928201885881,398.37442076895866,397.1819649672053,397.50235765861373,397.8357094297172,95.99999999999999,397.6690335441654,1.1152343815655767,1,1.5383767444688012,0.18672889639038753
206.5,0.0,397.66337585832423,1.1161980846078599,95.99999999999999,387.90580230995937,400.0000000000012,520575.6840823984,224.3159176008898,1.521847681718765,-2.8064594346233207e-06,8.611870358270913e-09,1.3559466049972708e-14,2.5110122314764283e-16,5.454720924176743,0.013735278140831943,-44.40047791098563,0.0,0.0,398.1951872953189,396.91413090088486,397.5874120781185,398.36634652045745,397.1804494326867,397.49679863371546,397.8299530829328,95.99999999999999,397.66337585832423,1.1161980846078599,1,1.5383767444688012,0.18678318044058798
207.0,0.0,397.65771817249333,1.1171603147841194,95.99999999999999,387.89071180619663,400.0000000000012,520575.14094455866,224.85905544065355,1.5218259315122535,-2.838002700400466e-06,8.708663674503442e-09,1.437912289237175e-14,2.662800535624399e-16,5.454704644551937,0.01373499224347909,-44.40047791098563,0.0,0.0,398.19129170865796,396.9073585902203,397.58197835796267,398.358337402788,397.17903005706694,397.49123851269235,397.8241978322942,95.99999999999999,397.65771817249333,1.1171603147841194,1,1.5383767444688012,0.18683731273669135
207.5,0.0,397.6520604866714,1.1181194287139427,95.99999999999999,387.87574374323026,400.00000000000114,520574.5978067198,225.40219327955498,1.521804164578025,-2.8686711459613434e-06,8.802772527103128e-09,1.4425960426223125e-14,2.671474153004283e-16,5.454688146700021,0.013734706601062328,-44.40047791098563,0.0,0.0,398.18730003008625,396.9011419437573,397.57652428118837,398.3503933777537,397.1777121788147,397.4856774548772,397.81844351846564,95.99999999999999,397.6520604866714,1.1181194287139427,1,1.5383767444688012,0.1868912989480621
208.0,0.0,397.6464028008571,1.1190749439196221,95.99999999999999,387.86086810161373,400.00000000000114,520574.0546688816,225.94533111772006,1.5217823813076652,-2.8986439417622023e-06,8.894746716548903e-09,1.454305426085156e-14,2.693158196453993e-16,5.454671431128493,0.013734421220130667,-44.40047791098563,0.0,0.0,398.18325598790085,396.89536995942535,397.5710560818023,398.3425227159972,397.17651148920436,397.48011487050076,397.8126907312137,95.99999999999999,397.6464028008571,1.1190749439196221,1,1.5383767444688012,0.18694513000031165
208.5,0.0,397.6407451150483,1.1200182811297155,95.99999999999999,387.8460550330865,400.00000000000114,520573.511531044,226.4884689553768,1.5217605820765652,-2.9280343198934133e-06,8.984933705579984e-09,1.437912289237175e-14,2.662800535624399e-16,5.4546544981233875,0.013734136105553022,-44.40047791098563,0.0,0.0,398.17919989716705,396.88991717539,397.5655798693446,398.3347144948106,397.17542146514785,397.47455123478915,397.8069389953074,95.99999999999999,397.6407451150483,1.1200182811297155,1,1.5383767444688012,0.186998817121002
209.0,0.0,397.63508742924284,1.1209579183377314,95.99999999999999,387.83127504528727,400.00000000000114,520572.9683932066,227.03160679269573,1.5217387672311433,-2.957192549501997e-06,9.074408326224028e-09,1.5737411374061588e-14,2.914335439641036e-16,5.454637347953452,0.013733851259929293,-44.40047791098563,0.0,0.0,398.1751635807011,396.884665521008,397.56009483961236,398.32693793723087,397.1744763122229,397.4689870729844,397.8011877855013,95.99999999999999,397.63508742924284,1.1209579183377314,1,1.5383767444688012,0.18705235637052375
209.5,0.0,397.62942974344026,1.1218974922036637,95.99999999999999,387.81649937698296,400.00000000000114,520572.42525536957,227.57474462974497,1.5217169370834467,-2.986003465821341e-06,9.162817185152888e-09,1.4191772756966254e-14,2.6281060661048627e-16,5.454619981277269,0.013733566684479363,-44.40047791098563,0.0,0.0,398.1711763278555,396.87950995297825,397.5545951587836,398.31926441440123,397.17378289905884,397.4634224427216,397.795437044159,95.99999999999999,397.62942974344026,1.1218974922036637,1,1.5383767444688012,0.18710575161137732
210.0,0.0,397.6237720576401,1.1228331848210789,95.99999999999999,387.8017006861696,400.000000000001,520571.8821175328,228.11788246655976,1.5216950919210805,-3.0145800735681405e-06,9.250507047389443e-09,1.3981003854635072e-14,2.5890747878953846e-16,5.4546023981818665,0.013733282379477952,-44.40047791098563,0.0,0.0,398.16725678789265,396.87437261491294,397.549073025473,398.31170580065094,397.173324659917,397.4578578019096,397.7896863133707,95.99999999999999,397.6237720576401,1.1228331848210789,1,1.5383767444688012,0.1871590203037601
210.5,0.0,397.6181143718423,1.1237510839991607,95.99999999999999,387.7868487731477,400.000000000001,520571.33897969616,228.6610203031508,1.5216732319748627,-3.0429794435349322e-06,9.337653039735992e-09,1.454305426085156e-14,2.693158196453993e-16,5.454584598463782,0.013732998344559,-44.40047791098563,0.0,0.0,398.1634110436499,396.8692635425075,397.5435210354532,398.30426803843915,397.17300266958375,397.4522926894789,397.7839360542057,95.99999999999999,397.6181143718423,1.1237510839991607,1,1.5383767444688012,0.18721217897663947
211.0,0.0,397.6124566860472,1.124653275127751,95.99999999999999,387.77192668776775,400.000000000001,520570.7958418598,229.2041581394838,1.5216513574534651,-3.071086752015617e-06,9.423902815438905e-09,1.2224596335208556e-14,2.2638141361497333e-16,5.454566582027623,0.01373271457840242,-44.40047791098563,0.0,0.0,398.1596340412994,396.86411684667064,397.53793424256287,398.2969556439224,397.1727683355516,397.4467269872234,397.77818638487093,95.99999999999999,397.6124566860472,1.124653275127751,1,1.5383767444688012,0.18726524307773257
211.5,0.0,397.6067990002553,1.1255432349138423,95.99999999999999,387.7569204119873,400.00000000000097,520570.2527040238,229.7472959755017,1.5216294686256113,-3.0989058643626777e-06,9.509268235676029e-09,1.3629722350749769e-14,2.5240226575462543e-16,5.454548351219718,0.013732431079341167,-44.40047791098563,0.0,0.0,398.15591162985197,396.85885436917937,397.53231082021995,398.28977290101597,397.1725876108155,397.44116057864096,397.77243742186965,95.99999999999999,397.6067990002553,1.1255432349138423,1,1.5383767444688012,0.18731822170540074
212.0,0.0,397.60114131446704,1.1264216747556446,95.99999999999999,387.74181786781855,400.00000000000097,520569.70956618816,230.2904338111822,1.5216075657556893,-3.1263155904071027e-06,9.593377417636106e-09,1.5807667674838648e-14,2.927345865710862e-16,5.4545299070394,0.013732147846427565,-44.40047791098563,0.0,0.0,398.15222327898863,396.853494536099,397.526652205797,398.2827236335498,397.17243901282677,397.43559332248253,397.76668930645144,95.99999999999999,397.60114131446704,1.1264216747556446,1,1.5383767444688012,0.18737112878856432
212.5,0.0,397.59548362868196,1.1272942391500262,95.99999999999999,387.726609375534,400.00000000000097,520569.16642835276,230.8335716465408,1.521585649099331,-3.1534914626263344e-06,9.676768998336567e-09,1.3559466049972708e-14,2.5110122314764283e-16,5.454511249453186,0.013731864878941876,-44.40047791098563,0.0,0.0,398.14854495334146,396.84808402994486,397.5209629532754,398.27580926038445,397.172305753945,397.4300251355737,397.7609421217903,95.99999999999999,397.59548362868196,1.1272942391500262,1,1.5383767444688012,0.18742397671173688
213.0,0.0,397.5898259429005,1.128164870291773,95.99999999999999,387.71128678339886,400.00000000000097,520568.6232905178,231.37670948156375,1.5215637189147475,-3.1802595401586586e-06,9.758909224774388e-09,1.407467892233782e-14,2.6064220226551527e-16,5.454492378714158,0.01373158217620514,-44.40047791098563,0.0,0.0,398.1448518634694,396.84266684494884,397.51525007601185,398.26903041420456,397.17217366057406,397.4244560196324,397.7551958661686,95.99999999999999,397.5898259429005,1.128164870291773,1,1.5383767444688012,0.18747677606441387
213.5,0.0,397.5841682571225,1.1290297376534422,95.99999999999999,387.6958431358724,400.00000000000097,520568.0801526831,231.91984731624945,1.521541775463129,-3.2067387394363323e-06,9.840163002597388e-09,1.271639044064798e-14,2.3548871186385156e-16,5.454473295211639,0.013731299737704431,-44.40047791098563,0.0,0.0,398.1411206497793,396.83727729241156,397.50951965069675,398.2623870830825,397.172036632797,397.4188861160863,397.74945039815873,95.99999999999999,397.5841682571225,1.1290297376534422,1,1.5383767444688012,0.1875295186229935
214.0,0.0,397.5785105713478,1.1298736614079965,95.99999999999999,387.6802733599806,400.00000000000097,520567.53701484867,232.46298515061744,1.521519819005544,-3.2329298562672193e-06,9.92053277381277e-09,1.2599296606019545e-14,2.3332030751888055e-16,5.454453999576409,0.0137310175631003,-44.40047791098563,0.0,0.0,398.1373400493358,396.83193897248896,397.5037790013959,398.2558786136932,397.171890073222,397.41331567533194,397.7437054673637,95.99999999999999,397.5785105713478,1.1298736614079965,1,1.5383767444688012,0.18758221748153747
214.5,0.0,397.5728528855762,1.1307168557551963,95.99999999999999,387.6645755030396,400.00000000000097,520566.9938770146,233.00612298469886,1.5214978498031155,-3.258770249203735e-06,9.999826317567812e-09,1.3301859613790152e-14,2.463307335887066e-16,5.454434492417818,0.013730735652116138,-44.40047791098563,0.0,0.0,398.1335083555747,396.82666608713333,397.49803511125384,398.2495037238119,397.1717203354466,397.4077440899492,397.7379616812032,95.99999999999999,397.5728528855762,1.1307168557551963,1,1.5383767444688012,0.18763488426193234
215.0,0.0,397.56719519980686,1.1315575432890808,95.99999999999999,387.64874817078714,400.00000000000097,520566.4507391808,233.5492608185497,1.5214758681173282,-3.2843755377598427e-06,1.0078398422623346e-08,1.3746816185378203e-14,2.5457067009959644e-16,5.454414774130797,0.013730454004533585,-44.40047791098563,0.0,0.0,398.1295860066138,396.8214659449036,397.49229365577787,398.24326051834237,397.17151272132236,397.40217162019286,397.7322187794209,95.99999999999999,397.56719519980686,1.1315575432890808,1,1.5383767444688012,0.18768752704789085
215.5,0.0,397.5615375135005,1.1323959704371642,95.99999999999999,387.63279140366234,400.0000000000009,520565.9076012954,234.0923987039617,1.521453874210757,-3.361553723379984e-06,1.031522654878382e-08,1.4215191523891943e-14,2.632442874794805e-16,5.454394845335162,0.01373017262019795,-44.40047791098563,0.0,0.0,398.1255375509696,396.81634068614113,397.4865581550968,398.2371465324451,397.17125576256404,397.3965987158458,397.7264763111553,95.99999999999999,397.5615375135005,1.1323959704371642,1,1.5383767444688012,0.18774015299540808
216.0,0.0,397.5558798271911,1.1332250679904936,95.99999999999999,387.61670550952914,400.000000000001,520565.36446340964,234.63553658966273,1.5214318683459824,-3.439081382339282e-06,1.0553127064964745e-08,1.4496216727000185e-14,2.684484579074109e-16,5.454374706768961,0.013729891499160119,-44.40047791098563,0.0,0.0,398.1213270463262,396.8112884557681,397.4808301835077,398.23115875617526,397.1709386621168,397.391025977192,397.7207336771903,95.99999999999999,397.5558798271911,1.1332250679904936,1,1.5383767444688012,0.1877927713973756
216.5,0.0,397.55022214142105,1.1340435548593002,95.99999999999999,387.60049226509017,400.000000000001,520564.82132557576,235.17867442358698,1.5214098508195946,-3.464746811232544e-06,1.0631883715993218e-08,1.4824079463959802e-14,2.745199900733297e-16,5.454354358748305,0.013729610641806129,-44.40047791098563,0.0,0.0,398.11696667531805,396.8063040668019,397.4751079370665,398.22529366889194,397.1705479999033,397.3854536736513,397.7149906091909,95.99999999999999,397.55022214142105,1.1340435548593002,1,1.5383767444688012,0.18784539112421156
217.0,0.0,397.54456445564904,1.1348532523687833,95.99999999999999,387.58415447552596,400.0000000000011,520564.27818774164,235.72181225770032,1.521387821896552,-3.4906462076378375e-06,1.0711358317139481e-08,1.2856903042202101e-14,2.3809079707781677e-16,5.454333801685165,0.013729330048849082,-44.40047791098563,0.0,0.0,398.11227006277403,396.8013798765722,397.46938648322913,398.21954726337214,397.1700726803709,397.37987959407633,397.70924931722186,95.99999999999999,397.54456445564904,1.1348532523687833,1,1.5383767444688012,0.18789801858899235
217.5,0.0,397.5389067698748,1.1356610582186024,95.99999999999999,387.5676944466265,400.000000000001,520563.73504990723,236.26495009202603,1.521365781834201,-3.516835505479321e-06,1.0791722506624111e-08,1.3559466049972708e-14,2.5110122314764283e-16,5.454313036377854,0.0137290497206112,-44.40047791098563,0.0,0.0,398.107430511142,396.7965051217548,397.46365873143714,398.2139150840027,397.1695020092654,397.3743064540036,397.703507085746,95.99999999999999,397.5389067698748,1.1356610582186024,1,1.5383767444688012,0.1879506570092703
218.0,0.0,397.5332490840984,1.1364638597452994,95.99999999999999,387.55111547713693,400.000000000001,520563.1919120727,236.8080879265716,1.521343730885277,-3.5431416733899823e-06,1.0872445322309466e-08,1.3957585087709385e-14,2.5847379792054426e-16,5.454292063165124,0.013728769657199644,-44.40047791098563,0.0,0.0,398.10192668076917,396.791667008542,397.4579167051245,398.20839227684206,397.16882576186856,397.3687324220971,397.69776574609955,95.99999999999999,397.5332490840984,1.1364638597452994,1,1.5383767444688012,0.18800330643798246
218.5,0.0,397.5275913983197,1.1372783810494225,95.99999999999999,387.53442052424333,400.000000000001,520562.64877423795,237.35122576132213,1.5213216693006062,-3.5696811266916484e-06,1.0953883994963578e-08,1.6884930953420246e-14,3.126839065448195e-16,5.454270882710486,0.01372848985863627,-44.40047791098563,0.0,0.0,398.09605026802353,396.7868512724033,397.45215280960485,398.20297464405706,397.16803392685284,397.3631600359427,397.6920227606968,95.99999999999999,397.5275913983197,1.1372783810494225,1,1.5383767444688012,0.18805596797289895
219.0,0.0,397.5219337125392,1.1380883256278052,95.99999999999999,387.51761233387873,400.000000000001,520562.1056364031,237.89436359624995,1.5212995973292258,-3.5963357447599265e-06,1.1035676060945835e-08,1.4917754531662546e-14,2.7625471354930653e-16,5.454249495646256,0.013728210324890994,-44.40047791098563,0.0,0.0,398.0899944137797,396.78204256944275,397.44636089130586,398.1976569047613,397.167116143671,397.3575899228568,397.6862775022216,95.99999999999999,397.5219337125392,1.1380883256278052,1,1.5383767444688012,0.18810864343799588
219.5,0.0,397.51627602675717,1.1388941775642571,95.99999999999999,387.5006934803807,400.000000000001,520561.562498568,238.43750143132797,1.521277515216829,-3.6232259219559637e-06,1.1118190961060286e-08,1.489433576473686e-14,2.7582103268031233e-16,5.454227902093657,0.01372793105585128,-44.40047791098563,0.0,0.0,398.0838701451442,396.7772259305235,397.44053694232025,398.1924330569076,397.16605059411563,397.352022341987,397.6805297115273,95.99999999999999,397.51627602675717,1.1388941775642571,1,1.5383767444688012,0.18816133376592653
220.0,0.0,397.5106183409738,1.1396962480833535,95.99999999999999,387.4836661568289,400.000000000001,520561.01936073275,238.98063926652912,1.5212554232061979,-3.650230354423911e-06,1.1201056463637508e-08,1.3184765779161718e-14,2.441623292437356e-16,5.454206102258836,0.01372765205149938,-44.40047791098563,0.0,0.0,398.07773644914016,396.7723878797055,397.4346794009687,398.1872941511098,397.1648072346923,397.3464571432324,397.6747795387151,95.99999999999999,397.5106183409738,1.1396962480833535,1,1.5383767444688012,0.188214040346259
220.5,0.0,397.50496065518934,1.1404847248488699,95.99999999999999,387.4665324987162,400.000000000001,520560.47622289753,239.52377710182793,1.5212333215364633,-3.677232967902455e-06,1.128391638448398e-08,1.2856903042202101e-14,2.3809079707781677e-16,5.454184096803145,0.01372737331179889,-44.40047791098563,0.0,0.0,398.0716400245944,396.76751673429385,397.4287939136268,398.1821501550168,397.16339765706323,397.34089416525933,397.66902714511957,95.99999999999999,397.50496065518934,1.1404847248488699,1,1.5383767444688012,0.18826676226582276
221.0,0.0,397.49930296940425,1.1412435785078119,95.99999999999999,387.44929468935806,400.000000000001,520559.93308506213,240.06691493720638,1.5212112104646998,-3.704409635929551e-06,1.1367310407191642e-08,1.4332285358520377e-14,2.654126918244515e-16,5.454161886334961,0.013727094836571389,-44.40047791098563,0.0,0.0,398.0656101865421,396.7626034813579,397.4228788288075,398.1770713534565,397.1618158371799,397.33533344254886,397.66327249625954,95.99999999999999,397.49930296940425,1.1412435785078119,1,1.5383767444688012,0.18831950110059403
221.5,0.0,397.49364528361826,1.141998354825766,95.99999999999999,387.43195474037236,400.000000000001,520559.3899472267,240.6100527726541,1.5211890902258296,-3.7316492864647444e-06,1.1450897697326544e-08,1.302083441068191e-14,2.411265631607762e-16,5.45413947164232,0.013726816626614189,-44.40047791098563,0.0,0.0,398.0596764883308,396.75764235255156,397.4169378396305,398.17205511833095,397.16005490635433,397.32977514690134,397.65751542033536,95.99999999999999,397.49364528361826,1.141998354825766,1,1.5383767444688012,0.188372258854617
222.0,0.0,397.48798759783176,1.142752140063151,95.99999999999999,387.41451476875386,400.000000000001,520558.84680939117,241.15319060816492,1.5211669610513452,-3.758943620368882e-06,1.1534652788242134e-08,1.1451777026660889e-14,2.1206994493816467e-16,5.454116853362904,0.013726538681776573,-44.40047791098563,0.0,0.0,398.0538262644049,396.7526310067608,397.41097566191036,398.1670965551936,397.15810840064535,397.324219061462,397.6517561342015,95.99999999999999,397.48798759783176,1.142752140063151,1,1.5383767444688012,0.1884250374317076
222.5,0.0,397.4823299120445,1.1435090049467036,95.99999999999999,387.39697704263665,400.000000000001,520558.3036715556,241.69632844373862,1.5211448231757443,-3.78629582087342e-06,1.1618585447967226e-08,1.241194647061405e-14,2.2985086056692694e-16,5.4540940319683555,0.013726261001774294,-44.40047791098563,0.0,0.0,398.0480632745406,396.7475702503636,397.40499721988124,398.1621904131609,397.15597060826724,397.31866476773445,397.64599505635465,95.99999999999999,397.4823299120445,1.1435090049467036,1,1.5383767444688012,0.18847783846732208
223.0,0.0,397.47667222625665,1.1442561745915243,95.99999999999999,387.3793437471407,400.00000000000097,520557.7605337199,242.23946627937704,1.521122676831987,-3.8137669378102146e-06,1.1702883013340135e-08,1.4051260155412133e-14,2.6020852139652106e-16,5.45407100801485,0.013725983586375003,-44.40047791098563,0.0,0.0,398.04238896118613,396.7424637116347,397.39902147714383,398.15733247344735,397.15363669419355,397.3131122077742,397.6402322447391,95.99999999999999,397.47667222625665,1.1442561745915243,1,1.5383767444688012,0.18853066279676226
223.5,0.0,397.47101454046833,1.1449795442822261,95.99999999999999,387.3635887103494,400.00000000000097,520557.2173958843,242.78260411505923,1.5211005222524967,-3.841176209107289e-06,1.1786990799867526e-08,1.309109071145897e-14,2.424276057677588e-16,5.454047782047781,0.013725706435367678,-44.40047791098563,0.0,0.0,398.03680049284173,396.73731943532175,397.39306965998094,398.1525311825129,397.15113996281684,397.307561191821,397.63446788911557,95.99999999999999,397.47101454046833,1.1449795442822261,1,1.5383767444688012,0.1885835080832227
224.0,0.0,397.4653568546794,1.1456769092861008,95.99999999999999,387.35047374846266,400.000000000001,520556.67425804853,243.3257419507921,1.5210783596748387,-3.868705761078672e-06,1.1871467678340796e-08,1.3325278380715839e-14,2.467644144577008e-16,5.454024354730795,0.013725429548569139,-44.40047791098563,0.0,0.0,398.0312831929997,396.7321455372589,397.3871305205375,398.147764294343,397.1484819177559,397.3020111070749,397.62870260228385,95.99999999999999,397.4653568546794,1.1456769092861008,1,1.5383767444688012,0.18863637250692072
224.5,0.0,397.45969916889004,1.1463583490321507,95.99999999999999,387.33737380718867,400.000000000001,520556.1311202128,243.8688797865674,1.5210561893339345,-3.896232925626464e-06,1.1955937230792456e-08,1.3231603313013091e-14,2.45029690981724e-16,5.454000726446261,0.013725152926060235,-44.40047791098563,0.0,0.0,398.0258119158215,396.72698875218634,397.38119605788984,398.1430185646094,397.1456535726637,397.2964616448869,397.62293669289335,95.99999999999999,397.45969916889004,1.1463583490321507,1,1.5383767444688012,0.18868925350545868
225.0,0.0,397.4540414831004,1.1470281914384979,95.99999999999999,387.3240669416626,400.00000000000097,520555.5879823769,244.41201762237884,1.5210340114408707,-3.923876050748731e-06,1.2040762618579463e-08,1.2622715372945232e-14,2.3375398838787476e-16,5.453976897665199,0.013724876568003603,-44.40047791098563,0.0,0.0,398.02038985537934,396.7218944727466,397.3752594562501,398.1382892081966,397.14264702421974,397.2909132298199,397.6171697363809,95.99999999999999,397.4540414831004,1.1470281914384979,1,1.5383767444688012,0.18874214607801132
225.5,0.0,397.4483837973103,1.1476886555834942,95.99999999999999,387.3105460769378,400.000000000001,520555.0448445411,244.95515545822138,1.521011826239362,-3.951460286089059e-06,1.2125407297833422e-08,1.3887328786932324e-14,2.5717275531356165e-16,5.453952868883166,0.013724600473996689,-44.40047791098563,0.0,0.0,398.01502230546623,396.7168554932522,397.3693174149925,398.13357182658893,397.1394604339247,397.28536569428456,397.6114019003362,95.99999999999999,397.4483837973103,1.1476886555834942,1,1.5383767444688012,0.1887950252413874
226.0,0.0,397.4427261115201,1.1483387677901638,95.99999999999999,387.2968634638345,400.000000000001,520554.5017067052,245.49829329408993,1.5209896339798303,-3.979160823064376e-06,1.2210408858997244e-08,1.2646134139870919e-14,2.3418766925686896e-16,5.453928640766102,0.013724324644003142,-44.40047791098563,0.0,0.0,398.0097147413908,396.71185546781993,397.36336974043957,398.1288595390947,397.1360931220928,397.27981878963067,397.6056334334094,95.99999999999999,397.4427261115201,1.1483387677901638,1,1.5383767444688012,0.18884783199291016
226.5,0.0,397.4370684257297,1.1489826810343546,95.99999999999999,387.283073282338,400.00000000000097,520553.95856886933,246.0414311299712,1.5209674349086917,-4.006803720812968e-06,1.2295233549067907e-08,1.3231603313013091e-14,2.45029690981724e-16,5.453904214103803,0.013724049078115627,-44.40047791098563,0.0,0.0,398.00447167132484,396.70687230763735,397.3574184244181,398.12414741419434,397.1325452579861,397.2742722976091,397.5998645538501,95.99999999999999,397.4370684257297,1.1489826810343546,1,1.5383767444688012,0.188900570579481
227.0,0.0,397.43141073993917,1.1496212466474602,95.99999999999999,387.26922580191797,400.00000000000097,520553.41543103347,246.5845689658534,1.520945229267258,-4.034448437550964e-06,1.2380063820869323e-08,1.377023495230389e-14,2.5500435096859064e-16,5.45387958931469,0.013723773776454045,-44.40047791098563,0.0,0.0,397.999295779534,396.7018810049955,397.3514663984133,398.11943078625825,397.1288177827564,397.26872606818677,397.5940954116917,95.99999999999999,397.43141073993917,1.1496212466474602,1,1.5383767444688012,0.18895324541703024
227.5,0.0,397.4257530541489,1.1502543750608414,95.99999999999999,387.25536538853135,400.000000000001,520552.87229319755,247.1277068017179,1.5209230173427455,-4.062151703010386e-06,1.246507375462927e-08,1.1873314831323253e-14,2.198762005800603e-16,5.453854766874498,0.01372349873914105,-44.40047791098563,0.0,0.0,397.99418730307104,396.69685866497184,397.34551563514606,398.1147043377363,397.12491231708486,397.2631799912333,397.5883261170646,95.99999999999999,397.4257530541489,1.1502543750608414,1,1.5383767444688012,0.1890058605725103
228.0,0.0,397.420095368359,1.1508814873918416,95.99999999999999,387.24153042265345,400.000000000001,520552.32915536175,247.67084463754912,1.5209007994989772,-4.0897368478454155e-06,1.2549721224748604e-08,1.3817072486155264e-14,2.5587171270657905e-16,5.453829747140173,0.0137232239667127,-44.40047791098563,0.0,0.0,397.9891438290725,396.69178774693734,397.33956761165933,398.10995362515206,397.12083105917566,397.25763397749495,397.58255675922305,95.99999999999999,397.420095368359,1.1508814873918416,1,1.5383767444688012,0.18905841642579485
228.5,0.0,397.41443768256966,1.1515022477847494,95.99999999999999,387.2277535905303,400.000000000001,520551.78601752594,248.21398247333065,1.5208785760410737,-4.117321424246256e-06,1.2634366950577079e-08,1.4706985629331367e-14,2.723515857283587e-16,5.4538045305124365,0.013722949460262956,-44.40047791098563,0.0,0.0,397.98416026825043,396.6866558991453,397.33362494928554,398.10518207946734,397.11657682100315,397.252087987182,397.5767873779572,95.99999999999999,397.41443768256966,1.1515022477847494,1,1.5383767444688012,0.18911090746071704
229.0,0.0,397.40877999678094,1.1521199452862374,95.99999999999999,387.21406138699723,400.00000000000125,520551.24287969025,248.7571203090452,1.5208563471762928,-4.144793223304077e-06,1.2718666609099019e-08,1.2950578109904849e-14,2.398255205537936e-16,5.4537791174585255,0.013722675220632839,-44.40047791098563,0.0,0.0,397.9792292162369,396.6814563967261,397.3276899696431,398.10039654981153,397.1121530234149,397.2465420281952,397.5710179653666,95.99999999999999,397.40877999678094,1.1521199452862374,1,1.5383767444688012,0.18916333010889977
229.5,0.0,397.40312231099307,1.1527322244515963,95.99999999999999,387.200473894904,400.00000000000125,520550.6997418547,249.30025814467658,1.520834113061107,-4.172145651182291e-06,1.2802599966540455e-08,1.3231603313013091e-14,2.45029690981724e-16,5.4537535085082505,0.013722401248084949,-44.40047791098563,0.0,0.0,397.97434167001387,396.67617309101234,397.3217644056423,398.09559457662107,397.1075638343607,397.24099661241195,397.5652480095742,95.99999999999999,397.40312231099307,1.1527322244515963,1,1.5383767444688012,0.1892156899434878
230.0,0.0,397.3974646252062,1.1533354445689237,95.99999999999999,387.1870058719389,400.0000000000013,520550.1566040191,249.8433959802162,1.520811873846738,-4.199499443302557e-06,1.2886537510279954e-08,1.4285447824669003e-14,2.645453300864631e-16,5.453727704223579,0.01372212754241294,-44.40047791098563,0.0,0.0,397.9694878586793,396.6708403997211,397.31584835146964,398.09077152129555,397.10281386547797,397.2354516308335,397.55947761957896,95.99999999999999,397.3974646252062,1.1533354445689237,1,1.5383767444688012,0.18926799023207347
230.5,0.0,397.39180693942063,1.153933342798942,95.99999999999999,387.17366991975234,400.0000000000013,520549.61346618365,250.38653381563827,1.5207896296965606,-4.2267340916168905e-06,1.2970109450655291e-08,1.3653141117675456e-14,2.5283594662361963e-16,5.453701705168602,0.01372185410317413,-44.40047791098563,0.0,0.0,397.96465789671385,396.6654767260773,397.3099398089661,398.0859287494448,397.0979082678413,397.2299069912135,397.55370688762775,95.99999999999999,397.39180693942063,1.153933342798942,1,1.5383767444688012,0.1893202064425708
231.0,0.0,397.38614925363606,1.1545251885720245,95.99999999999999,387.1604742349912,400.0000000000013,520549.0703283484,250.92967165094473,1.5207673807855124,-4.253795253816861e-06,1.3053149033460295e-08,1.302083441068191e-14,2.411265631607762e-16,5.453675511907433,0.013721580929899484,-44.40047791098563,0.0,0.0,397.9598425800308,396.66009016156204,397.304035149529,398.08106650322344,397.0928527906461,397.2243628125119,397.5479356947603,95.99999999999999,397.38614925363606,1.1545251885720245,1,1.5383767444688012,0.1893723405388314
231.5,0.0,397.38049156785274,1.1551104667620022,95.99999999999999,387.1474233896351,400.00000000000125,520548.52719051315,251.47280948614946,1.520745127299998,-4.280797071487541e-06,1.3136006512299562e-08,1.444937919314881e-14,2.675810961694225e-16,5.453649125004451,0.01372130802213383,-44.40047791098563,0.0,0.0,397.9550340574563,396.65468404949365,397.2980598668818,398.07618215322765,397.0876529251143,397.218819276975,397.5421638587305,95.99999999999999,397.38049156785274,1.1551104667620022,1,1.5383767444688012,0.18942439702994757
232.0,0.0,397.37483388207033,1.1556875342732646,95.99999999999999,387.13451834812196,400.0000000000011,520547.98405267805,252.01594732126026,1.520722868771986,-4.307681905402205e-06,1.3218505016079935e-08,1.3372115914567213e-14,2.476317761956892e-16,5.4536225450285345,0.013721035379481723,-44.40047791098563,0.0,0.0,397.95022635342116,396.64925911416094,397.2920569551353,398.0712752490538,397.08231522892,397.2132766069283,397.5363911572124,95.99999999999999,397.37483388207033,1.1556875342732646,1,1.5383767444688012,0.18947637888679847
232.5,0.0,397.3691761962889,1.1562593964297114,95.99999999999999,387.1217571866085,400.0000000000011,520547.440914843,252.55908515628616,1.5207006025891228,-4.334506940040228e-06,1.3300820020461882e-08,1.369997865152683e-14,2.5370330836160804e-16,5.453595772552098,0.013720763001618484,-44.40047791098563,0.0,0.0,397.94541557441744,396.64381512579286,397.28613010530995,398.06632646498747,397.0768474279037,397.2077350014954,397.5306173910822,95.99999999999999,397.3691761962889,1.1562593964297114,1,1.5383767444688012,0.18952827363845104
233.0,0.0,397.3635185105079,1.1568261068830565,95.99999999999999,387.10913545439007,400.000000000001,520546.8977770081,253.10222299125516,1.5206783292946866,-4.361161330734831e-06,1.3382611388727795e-08,1.423861029081763e-14,2.636779683484747e-16,5.4535688082497416,0.013720490888285355,-44.40047791098563,0.0,0.0,397.940599845233,396.6383469710948,397.280332158565,398.06134476822655,397.071257577305,397.2021943711792,397.5248426498365,95.99999999999999,397.3635185105079,1.1568261068830565,1,1.5383767444688012,0.18958008638990423
233.5,0.0,397.3578608247274,1.1573871310359813,95.99999999999999,387.09664611887035,400.000000000001,520546.35463917314,253.645360826179,1.5206560499981279,-4.387933614680151e-06,1.3464764522917978e-08,1.4402541659297438e-14,2.667137344314341e-16,5.453541652755347,0.013720219039255332,-44.40047791098563,0.0,0.0,397.9357791638772,396.6328469238513,397.274646583755,398.0563355392686,397.06555379475765,397.19665486672216,397.5190667827327,95.99999999999999,397.3578608247274,1.1573871310359813,1,1.5383767444688012,0.18963182648599236
234.0,0.0,397.3522031389474,1.1579426870623852,95.99999999999999,387.0842805814776,400.000000000001,520545.81150133826,254.1884986610603,1.5206337657743334,-4.4145850495169725e-06,1.3546546820871421e-08,1.3067671944533283e-14,2.419939248987646e-16,5.453514306501438,0.01371994745433211,-44.40047791098563,0.0,0.0,397.9309542824485,396.62731181165043,397.2690227829144,398.05127148353466,397.0597443018315,397.1911168799712,397.51328939792353,95.99999999999999,397.3522031389474,1.1579426870623852,1,1.5383767444688012,0.18968350336255416
234.5,0.0,397.3465454531678,1.1584922975627499,95.99999999999999,387.07202906512714,400.000000000001,520545.2683635034,254.73163649589944,1.5206114774868995,-4.44123818965636e-06,1.3628334351697442e-08,1.2248015102134243e-14,2.2681509448396753e-16,5.453486769907908,0.01371967613394369,-44.40047791098563,0.0,0.0,397.9261267014157,396.62173852263123,397.2634078116276,398.04615448015494,397.0538373518721,397.18558047398733,397.50751043234834,95.99999999999999,397.3465454531678,1.1584922975627499,1,1.5383767444688012,0.18973512266755146
235.0,0.0,397.3408877673887,1.1590372577044472,95.99999999999999,387.0598810116113,400.000000000001,520544.72522566863,255.2747743306947,1.5205891857699774,-4.467777188210675e-06,1.3709771628918866e-08,1.3114509478384657e-14,2.42861286636753e-16,5.453459043582087,0.013719405079729777,-44.40047791098563,0.0,0.0,397.92130001118994,396.61612516263676,397.2577606364269,398.040986927485,397.04784117192094,397.18004569396874,397.50172984080865,95.99999999999999,397.3408877673887,1.1590372577044472,1,1.5383767444688012,0.18978667821976558
235.5,0.0,397.33523008161006,1.1595756301609055,95.99999999999999,387.0478264175108,400.000000000001,520544.1820878339,255.8179121654438,1.5205668910794572,-4.494312889846697e-06,1.3791198789253306e-08,1.2107502500580122e-14,2.242130092700023e-16,5.4534311278205045,0.013719134293642762,-44.40047791098563,0.0,0.0,397.9164791208962,396.61047141816084,397.2520574736999,398.0357715957901,397.041763948492,397.17451267232116,397.49594749089897,95.99999999999999,397.33523008161006,1.1595756301609055,1,1.5383767444688012,0.1898381644769901
236.0,0.0,397.3295723958318,1.1601060750347894,95.99999999999999,387.0358509399447,400.0000000000011,520543.6389499992,256.3610500001497,1.5205445937480915,-4.520789673279069e-06,1.3872445153840153e-08,1.2248015102134243e-14,2.2681509448396753e-16,5.453403023589317,0.01371886377704293,-44.40047791098563,0.0,0.0,397.9116699013377,396.60477922964895,397.2462887258503,398.03051099706465,397.0356137486725,397.16898149219253,397.4901632994712,95.99999999999999,397.3295723958318,1.1601060750347894,1,1.5383767444688012,0.1898895920405377
236.5,0.0,397.32391471005417,1.160628342248936,95.99999999999999,387.02394318101983,400.0000000000011,520543.0958121645,256.9041878348081,1.5205222940325631,-4.547269782051444e-06,1.3953701722528528e-08,1.1639127162066384e-14,2.1553939189011828e-16,5.453374731160647,0.013718593530551704,-44.40047791098563,0.0,0.0,397.90687866754706,396.59905275615984,397.2404548393261,398.02520554786946,397.02939840634156,397.16345217573917,397.4843772443692,95.99999999999999,397.32391471005417,1.160628342248936,1,1.5383767444688012,0.1899409702126501
237.0,0.0,397.3182570242771,1.1611443849639804,95.99999999999999,387.0120910496834,400.0000000000011,520542.5526743299,257.4473256694121,1.5204999921448548,-4.573631542825751e-06,1.4034595129859946e-08,1.2833484275276414e-14,2.3765711620882257e-16,5.4533462509806805,0.013718323554314824,-44.40047791098563,0.0,0.0,397.90211154291393,396.59329726589436,397.2345634287249,398.0196691736208,397.0231255710437,397.1579247214215,397.47858932713257,95.99999999999999,397.3182570242771,1.1611443849639804,1,1.5383767444688012,0.18999230791075838
237.5,0.0,397.3125993385006,1.1616569273227244,95.99999999999999,387.00028240590547,400.00000000000125,520542.00953649543,257.99046350395486,1.5204776882891498,-4.599876547217718e-06,1.4115130259848813e-08,1.510510466706804e-14,2.7972416050126014e-16,5.453317583548181,0.013718053847944386,-44.40047791098563,0.0,0.0,397.8973741784084,396.5875184296293,397.2286265686342,398.0140836856684,397.01680267914696,397.1523990948909,397.4727995821102,95.99999999999999,397.3125993385006,1.1616569273227244,1,1.5383767444688012,0.19004361299482814
238.0,0.0,397.30694165272484,1.1621751421968736,95.99999999999999,386.98850539575847,400.00000000000114,520541.4663986609,258.53360133842824,1.5204553826920153,-4.626183510936244e-06,1.4195855517541371e-08,1.0280838680376544e-14,1.9038590148845458e-16,5.4532887287337,0.013717784410952491,-44.40047791098563,0.0,0.0,397.8926736817107,396.5817218381194,397.2226579226283,398.008488214756,397.0104369340075,397.1468751887951,397.4670081166545,95.99999999999999,397.30694165272484,1.1621751421968736,1,1.5383767444688012,0.19009489239944455
238.5,0.0,397.3012839669499,1.1626869831390474,95.99999999999999,386.97674913283066,400.00000000000114,520540.9232608265,259.0767391728217,1.5204330755728963,-4.652374059332942e-06,1.4276223544465893e-08,1.3372115914567213e-14,2.476317761956892e-16,5.4532596871806485,0.013717515242634577,-44.40047791098563,0.0,0.0,397.8880229819898,396.57591250907694,397.2166711635718,398.00288719701814,397.00403529418713,397.1413526805985,397.4612152533012,95.99999999999999,397.3012839669499,1.1626869831390474,1,1.5383767444688012,0.19014613961090937
239.0,0.0,397.2956262811759,1.163195775775001,95.99999999999999,386.96500406180166,400.0000000000011,520540.3801229922,259.61987700713456,1.5204107670973637,-4.6784473965999496e-06,1.4356231898615176e-08,1.3067671944533283e-14,2.419939248987646e-16,5.45323045947447,0.013717246342701188,-44.40047791098563,0.0,0.0,397.8834265975718,396.5700945411196,397.21067957670516,397.9972806689059,396.99760450078804,397.13583120859744,397.4554213537541,95.99999999999999,397.2956262811759,1.163195775775001,1,1.5383767444688012,0.19019732462063976
239.5,0.0,397.2899685954026,1.16370321787295,95.99999999999999,386.953261889359,400.0000000000011,520539.8369851579,260.1630148413641,1.5203884574142543,-4.7045209612406325e-06,1.4436240950480805e-08,1.3489209749195647e-14,2.498001805406602e-16,5.453201046172859,0.01371697771073421,-44.40047791098563,0.0,0.0,397.87892377701945,396.5642709508733,397.20482247265977,397.99166456200624,396.9911510898592,397.1303095796589,397.4496276111463,95.99999999999999,397.2899685954026,1.16370321787295,1,1.5383767444688012,0.19024845344823266
240.0,0.0,397.2843109096303,1.1642086253385846,95.99999999999999,386.94151563983905,400.0000000000011,520539.29384732386,260.7061526755091,1.5203661466776741,-4.730362036298175e-06,1.4515536587384877e-08,1.3559466049972708e-14,2.5110122314764283e-16,5.453171448037766,0.013716709346215168,-44.40047791098563,0.0,0.0,397.874503773819,396.55844448977,397.1989645381161,397.98604112714986,396.98468143902323,397.12478674544997,397.4438350738104,95.99999999999999,397.2843109096303,1.1642086253385846,1,1.5383767444688012,0.1902995211955021
240.5,0.0,397.27865322385867,1.1647116368311805,95.99999999999999,386.92975948549866,400.0000000000011,520538.7507094897,261.2492905095743,1.52034383504352,-4.756316911880276e-06,1.4595181431319033e-08,1.4191772756966254e-14,2.6281060661048627e-16,5.4531416658302945,0.013716441248595486,-44.40047791098563,0.0,0.0,397.870144068296,396.55261764676624,397.1929471191693,397.98041352090684,396.9782016834186,397.1192635009575,397.43804294676,95.99999999999999,397.27865322385867,1.1647116368311805,1,1.5383767444688012,0.1903505385848795
241.0,0.0,397.272995538088,1.1652163438121772,95.99999999999999,386.91798863022336,400.0000000000011,520538.20757165574,261.79242834356126,1.520321522760975,-4.78203816101086e-06,1.4674109371709913e-08,1.2692971673722293e-14,2.3505503099485736e-16,5.453111700306443,0.01371617341738204,-44.40047791098563,0.0,0.0,397.86582831477295,396.5467918175241,397.1867466369693,397.9747850234588,396.9717177888865,397.113740433465,397.4322506427111,95.99999999999999,397.272995538088,1.1652163438121772,1,1.5383767444688012,0.19040151638651495
241.5,0.0,397.26733785231806,1.165721707901327,95.99999999999999,386.90619916235477,400.0000000000011,520537.66443382186,262.3355661774765,1.52029921022404,-4.807701543541043e-06,1.4752859743291293e-08,1.3512628516121334e-14,2.502338614096544e-16,5.453081552373162,0.01371590585257278,-44.40047791098563,0.0,0.0,397.86154088989633,396.5409594930154,397.1804464604339,397.9691592664689,396.9652355827082,397.1082176292973,397.42645807533887,95.99999999999999,397.26733785231806,1.165721707901327,1,1.5383767444688012,0.19045245813536077
242.0,0.0,397.2616801665488,1.16622572269452,95.99999999999999,386.8943880841624,400.0000000000011,520537.121295988,262.87870401133193,1.5202768979610877,-4.833364926071226e-06,1.4831610114872671e-08,1.3208184546087404e-14,2.445960101127298e-16,5.453051222805464,0.01371563855533328,-44.40047791098563,0.0,0.0,397.8572666752724,396.53510780237673,397.17414026250896,397.9635258962372,396.9587585274413,397.1026949980185,397.42066533507915,95.99999999999999,397.2616801665488,1.16622572269452,1,1.5383767444688012,0.1905033709076676
242.5,0.0,397.2560224807801,1.1667364270170923,95.99999999999999,386.8825544250799,400.0000000000011,520536.57815815415,263.421841845127,1.5202545864683823,-4.858968964072119e-06,1.4910178382488315e-08,1.2435365237539737e-14,2.3028454143592114e-16,5.453020712572576,0.013715371528579816,-44.40047791098563,0.0,0.0,397.8529947081399,396.5292340346849,397.1679071991591,397.9578966304441,396.9522855656227,397.09717181414123,397.41487314741886,95.99999999999999,397.2560224807801,1.1667364270170923,1,1.5383767444688012,0.19055426441096496
243.0,0.0,397.2503647950119,1.1672474807840043,95.99999999999999,386.870698548211,400.0000000000011,520536.03502032044,263.9649796788717,1.5202322761134819,-4.884461475285207e-06,1.4988404420237313e-08,1.2763227974499353e-14,2.3635607360183997e-16,5.452990022581912,0.013715104775683551,-44.40047791098563,0.0,0.0,397.84880998776487,396.52333781550055,397.1617814948231,397.95228085477123,396.94582233292954,397.0916478281067,397.40908176191715,95.99999999999999,397.2503647950119,1.1672474807840043,1,1.5383767444688012,0.1906051458670739
243.5,0.0,397.24470710924413,1.1677584861521306,95.99999999999999,386.8588213681627,400.0000000000011,520535.4918824868,264.5081175125689,1.5202099671580631,-4.909890890303359e-06,1.5066436841700902e-08,1.2575877839093858e-14,2.3288662664988635e-16,5.452959153651818,0.013714838299477818,-44.40047791098563,0.0,0.0,397.84465424625444,396.51741900602536,397.1557587864174,397.9466817367125,396.9393749606572,397.0861227979565,397.4032914205319,95.99999999999999,397.24470710924413,1.1677584861521306,1,1.5383767444688012,0.19065601670234605
244.0,0.0,397.23904942347696,1.1682691243762546,95.99999999999999,386.8469239108218,400.0000000000011,520534.9487446531,265.05125534622687,1.5201876598467827,-4.935380104598153e-06,1.5144652762562917e-08,1.0327676214227918e-14,1.9125326322644298e-16,5.452928106575959,0.013714572101987238,-44.40047791098563,0.0,0.0,397.8404997449485,396.51147614896365,397.1498197546104,397.9411018542911,396.9329490910676,397.08059680123574,397.39750204571817,95.99999999999999,397.23904942347696,1.1682691243762546,1,1.5383767444688012,0.19070688058251542
244.5,0.0,397.23339173771006,1.1687644289517614,95.99999999999999,386.83500685099324,400.0000000000011,520534.40560681943,265.5943931798443,1.520165354183302,-4.960812589160923e-06,1.5222694603197148e-08,1.1639127162066384e-14,2.1553939189011828e-16,5.45289688226647,0.013714306184856381,-44.40047791098563,0.0,0.0,397.8363233075736,396.50550763274913,397.14393756184245,397.93554273728535,396.92655017228134,397.0750699821175,397.3917134933027,95.99999999999999,397.23339173771006,1.1687644289517614,1,1.5383767444688012,0.19075774592781147
245.0,0.0,397.2277340519436,1.1692314750748958,95.99999999999999,386.82307154117996,400.0000000000011,520533.8624689859,266.13753101343093,1.5201430504662559,-4.986125929917762e-06,1.5300370840467218e-08,1.44727979600745e-14,2.680147770384167e-16,5.452865481656579,0.013714040548525772,-44.40047791098563,0.0,0.0,397.83205604124504,396.4995110754933,397.1380865555705,397.9300076603164,396.9201834933509,397.0695431197601,397.385924984127,95.99999999999999,397.2277340519436,1.1692314750748958,1,1.5383767444688012,0.19080862066806129
245.5,0.0,397.2220763661772,1.1696848409765295,95.99999999999999,386.8111174585911,400.0000000000011,520533.31933115236,266.6806688469944,1.520120749009193,-5.011442226532381e-06,1.5378056148049757e-08,1.2927159342979162e-14,2.393918396847994e-16,5.452833905477111,0.013713775194430355,-44.40047791098563,0.0,0.0,397.82752955314504,396.49348428276494,397.1322470756333,397.9244989552261,396.9138540772063,397.0640173438527,397.3801353885019,95.99999999999999,397.2220763661772,1.1696848409765295,1,1.5383767444688012,0.19085951178240013
246.0,0.0,397.2164186804112,1.1701348721135527,95.99999999999999,386.79914350360656,400.0000000000011,520532.7761933188,267.22380668053984,1.5200984500268566,-5.036814002323808e-06,1.5455911698420187e-08,1.3114509478384657e-14,2.42861286636753e-16,5.452802154376293,0.013713510123985868,-44.40047791098563,0.0,0.0,397.82266616350523,396.4874246202583,397.1264063903846,397.9190190018419,396.90756655437224,397.0584931535599,397.37434420726237,95.99999999999999,397.2164186804112,1.1701348721135527,1,1.5383767444688012,0.19091042650317339
246.5,0.0,397.21076099464506,1.1705826532244175,95.99999999999999,386.78714904439556,400.0000000000011,520532.23305548524,267.7669445140792,1.5200761536587564,-5.062126888333296e-06,1.553358654025757e-08,1.2365108936762676e-14,2.2898349882893854e-16,5.452770228938027,0.013713245337972316,-44.40047791098563,0.0,0.0,397.8175190490893,396.48132901998,397.1205577258354,397.91357416149725,396.90132494235513,397.0529706939525,397.36855129533774,95.99999999999999,397.21076099464506,1.1705826532244175,1,1.5383767444688012,0.19096137070768573
247.0,0.0,397.2051033088792,1.171029419454365,95.99999999999999,386.7751341951432,400.0000000000011,520531.6899176517,268.31008234761055,1.5200538599935587,-5.087443184947915e-06,1.561127184784011e-08,1.2458784004465424e-14,2.3071822230491534e-16,5.452738129703512,0.013712980836488009,-44.40047791098563,0.0,0.0,397.8121489049248,396.4751940561768,397.1146987708848,397.9081626812795,396.8951327641711,397.0474498796724,397.3627567380859,95.99999999999999,397.2051033088792,1.171029419454365,1,1.5383767444688012,0.19101234944021267
247.5,0.0,397.19944562311343,1.1714745009022363,95.99999999999999,386.7631011370977,400.0000000000011,520531.1467798182,268.85322018112186,1.5200315690857775,-5.112700364406919e-06,1.568877574917326e-08,1.540954863710197e-14,2.8536201179818477e-16,5.452705857170224,0.013712716619022064,-44.40047791098563,0.0,0.0,397.8066264241321,396.4690215457072,397.1088302353784,397.90278713607864,396.88899303500386,397.04193049299016,397.35696075323676,95.99999999999999,397.19944562311343,1.1714745009022363,1,1.5383767444688012,0.19106333964716155
248.0,0.0,397.1937879373479,1.171914775516452,95.99999999999999,386.75105351148005,400.0000000000011,520530.6036419847,269.396358014609,1.52000928096998,-5.138014842032135e-06,1.5766455475025047e-08,1.3044253177607596e-14,2.415602440297704e-16,5.452673411802914,0.013712452684556417,-44.40047791098563,0.0,0.0,397.80102187774963,396.46281340087825,397.1029546808982,397.8974512651613,396.8829084872875,397.036410054833,397.35116581986273,95.99999999999999,397.1937879373479,1.171914775516452,1,1.5383767444688012,0.19111433461408103
248.5,0.0,397.18813025158283,1.1723525041945886,95.99999999999999,386.73899597959394,400.00000000000114,520530.0605041513,269.93949584806603,1.5199869956710867,-5.163215178072278e-06,1.584378494727224e-08,1.2833484275276414e-14,2.3765711620882257e-16,5.4526407940434805,0.01371218903168294,-44.40047791098563,0.0,0.0,397.79539744896994,396.4565641238544,397.09707256787874,397.8921584238019,396.87688077520625,397.03088989797584,397.34537060518966,95.99999999999999,397.18813025158283,1.1723525041945886,1,1.5383767444688012,0.19116533362335097
249.0,0.0,397.182472565818,1.1727866703245728,95.99999999999999,386.7269341193637,400.00000000000114,520529.5173663178,270.4826336814901,1.5199647132116054,-5.188470765915554e-06,1.592128396459098e-08,1.3957585087709385e-14,2.5847379792054426e-16,5.452608004318441,0.013711925658714989,-44.40047791098563,0.0,0.0,397.7898022377067,396.45026816237873,397.0911859095903,397.886910400615,396.8709111846589,397.0253702736592,397.3395748579767,95.99999999999999,397.182472565818,1.1727866703245728,1,1.5383767444688012,0.1912163433875937
249.5,0.0,397.1768148800534,1.1732188078639538,95.99999999999999,386.71487472373246,400.0000000000012,520528.97422848444,271.0257715148769,1.5199424336187015,-5.213611757426406e-06,1.5998431332872434e-08,1.2084083733654435e-14,2.237793284010081e-16,5.45257504305015,0.013711662563786111,-44.40047791098563,0.0,0.0,397.7842695555068,396.44392063071143,397.0852978982933,397.88174648927077,396.8650001745018,397.01985070501297,397.33377905509406,95.99999999999999,397.1768148800534,1.1732188078639538,1,1.5383767444688012,0.19126737297571153
250.0,0.0,397.1711571942895,1.1736480997941336,95.99999999999999,386.7028251382825,400.0000000000012,520528.4310906511,271.56890934822513,1.5199201569571825,-5.238749338332127e-06,1.6075568235408733e-08,1.1639127162066384e-14,2.1553939189011828e-16,5.452541910716285,0.013711399744935276,-44.40047791098563,0.0,0.0,397.7788161813563,396.437518381304,397.0794121160795,397.87662678175985,396.85914749185497,397.0143306312691,397.3279837573099,95.99999999999999,397.1711571942895,1.1736480997941336,1,1.5383767444688012,0.19131842287345704
250.5,0.0,397.165499508526,1.1740728546721213,95.99999999999999,386.69079332661096,400.00000000000114,520527.8879528178,272.112047181521,1.519897883268525,-5.263831894808391e-06,1.6152536290589826e-08,1.1498614560512263e-14,2.1293730667615307e-16,5.452508607829678,0.01371113720016815,-44.40047791098563,0.0,0.0,397.77344376629225,396.4310606677774,397.0735322740671,397.87154158424437,396.85335100435196,397.0088094248176,397.32218959223434,95.99999999999999,397.165499508526,1.1740728546721213,1,1.5383767444688012,0.19136949219037253
251.0,0.0,397.1598418221986,1.174492310363222,95.99999999999999,386.67878919170437,400.00000000000114,520527.3448149304,272.6551850689535,1.5198756125674033,-5.3429893682732654e-06,1.6395438037523245e-08,1.3653141117675456e-14,2.5283594662361963e-16,5.45247513732502,0.013710874927505308,-44.40047791098563,0.0,0.0,397.7681588895253,396.42454905538943,397.06766200540073,397.86649404893734,396.84760790104326,397.00328637469335,397.31639726970377,95.99999999999999,397.1598418221986,1.174492310363222,1,1.5383767444688012,0.1914205816202651
251.5,0.0,397.1541841358738,1.1749057590737724,95.99999999999999,386.6668250503222,400.00000000000114,520526.8016770432,273.19832295613475,1.5198533448918694,-5.4219694902712945e-06,1.663779556570848e-08,1.2646134139870919e-14,2.3418766925686896e-16,5.452441502980638,0.013710612924670615,-44.40047791098563,0.0,0.0,397.7629803360644,396.41798726461127,397.06180467978936,397.86148533146365,396.84191664530294,396.9977610433512,397.3106072283963,95.99999999999999,397.1541841358738,1.1749057590737724,1,1.5383767444688012,0.1914716961026417
252.0,0.0,397.14852644955164,1.175315524214927,95.99999999999999,386.65489919281794,400.0000000000012,520526.2585391563,273.74146084305505,1.5198310803067088,-5.50065789184373e-06,1.6879257923824598e-08,1.3325278380715839e-14,2.467644144577008e-16,5.452407703832738,0.013710351189288041,-44.40047791098563,0.0,0.0,397.7578641007638,396.4113806594979,397.0559632289067,397.8565154619779,396.8362757141508,396.9922331067147,397.3048197923886,95.99999999999999,397.14852644955164,1.175315524214927,1,1.5383767444688012,0.19152283238726853
252.5,0.0,397.1428687632323,1.175721981036498,95.99999999999999,386.6430150109831,400.0000000000012,520525.7154012696,274.2845987297146,1.5198088188823333,-5.579114485954051e-06,1.7120008960128194e-08,1.1404939492809515e-14,2.1120258320017626e-16,5.452373739428595,0.013710089719672566,-44.40047791098563,0.0,0.0,397.75276163976264,396.4047356416496,397.05013998079943,397.85158469086065,396.8306828936604,396.9867023363064,397.2990351901582,95.99999999999999,397.1428687632323,1.175721981036498,1,1.5383767444688012,0.1915739939921472
253.0,0.0,397.13721107691555,1.176125043216557,95.99999999999999,386.63117568744684,400.0000000000012,520525.1722633832,274.8277366161177,1.5197865606957646,-5.657284020799125e-06,1.735987912954772e-08,1.4402541659297438e-14,2.667137344314341e-16,5.452339609560439,0.01370982851428513,-44.40047791098563,0.0,0.0,397.74762589782415,396.3980589882799,397.0443365203105,397.8466925289321,396.8251358412001,396.98116860164714,397.29325355218407,95.99999999999999,397.13721107691555,1.176125043216557,1,1.5383767444688012,0.19162518767312448
253.5,0.0,397.1315533906014,1.176524583999125,95.99999999999999,386.6193847784083,400.0000000000012,520524.6291254971,275.3708745022729,1.5197643058313766,-5.735222430303111e-06,1.759904007030375e-08,1.2622715372945232e-14,2.3375398838787476e-16,5.452305314155985,0.013709567571706776,-44.40047791098563,0.0,0.0,397.74241474188676,396.39135727121715,397.0385535914126,397.84183847305513,396.81963228197304,396.97563187803013,397.2874749031728,95.99999999999999,397.1315533906014,1.176524583999125,1,1.5383767444688012,0.19167641422411535
254.0,0.0,397.12589570428986,1.1769200158513966,95.99999999999999,386.60764592612486,400.0000000000012,520524.08598761115,275.91401238818867,1.5197420543818045,-5.8129251669925e-06,1.7837477828069414e-08,1.2669552906796606e-14,2.3462135012586316e-16,5.4522708532461115,0.01370930689070796,-44.40047791098563,0.0,0.0,397.73709333237986,396.3846363896829,397.03278992317996,397.8370219801468,396.8141700780299,396.9700922349603,397.28169917361936,95.99999999999999,397.12589570428986,1.1769200158513966,1,1.5383767444688012,0.19172767308421393
254.5,0.0,397.12023801798057,1.1773139972223197,95.99999999999999,386.59596242867065,400.00000000000136,520523.54284972546,276.45715027387627,1.519719806452904,-5.8903964372802875e-06,1.8075205310597073e-08,1.1756220996694819e-14,2.177077962350893e-16,5.452236226933034,0.013709046470185351,-44.40047791098563,0.0,0.0,397.7316355858635,396.377901256801,397.0270448650402,397.83224241297876,396.80874724855175,396.9645498265544,397.2759262094067,95.99999999999999,397.12023801798057,1.1773139972223197,1,1.5383767444688012,0.19177896839015784
255.0,0.0,397.11458033167344,1.1777082894356556,95.99999999999999,386.5843370883131,400.0000000000013,520522.99971183995,277.00028815935246,1.5196975621744087,-5.967691720343282e-06,1.8312392760674614e-08,1.084288908659303e-14,2.0079424234431542e-16,5.45220143531557,0.013708786309057955,-44.40047791098563,0.0,0.0,397.72602517262266,396.371155633502,397.02132044322013,397.82753618096143,396.8033620202889,396.9590045755809,397.27015608776617,95.99999999999999,397.11458033167344,1.1777082894356556,1,1.5383767444688012,0.19183030302887272
255.5,0.0,397.10892264536847,1.178101916416873,95.99999999999999,386.57277200715,400.0000000000012,520522.45657395467,277.5434260446306,1.519675321673039,-6.044755082257325e-06,1.854886854008146e-08,1.3746816185378203e-14,2.5457067009959644e-16,5.452166478776021,0.013708526406585002,-44.40047791098563,0.0,0.0,397.7202835833566,396.3644025160121,397.01561517596906,397.82291437570774,396.79801286813233,396.95345683206267,397.2643884586744,95.99999999999999,397.10892264536847,1.178101916416873,1,1.5383767444688012,0.191881680602226
256.0,0.0,397.1032649590655,1.1784938190958592,95.99999999999999,386.5612691082126,400.0000000000012,520521.9134360696,278.086563929722,1.5196530850735006,-6.121587546203955e-06,1.878463578854116e-08,1.3723397418452516e-14,2.5413698923060224e-16,5.45213135760159,0.013708266762122178,-44.40047791098563,0.0,0.0,397.7144105924066,396.3576438360234,397.0099258342946,397.81837957424057,396.7926984942342,396.9479067915569,397.2586231265741,95.99999999999999,397.1032649590655,1.1784938190958592,1,1.5383767444688012,0.19193310393311339
256.5,0.0,397.09760727276426,1.1788826873069516,95.99999999999999,386.54982975193826,400.0000000000012,520521.3702981847,278.62970181464055,1.5196308525009325,-6.198303140081407e-06,1.9020044410800135e-08,1.1568870861289323e-14,2.1423834928313568e-16,5.4520960721347995,0.013708007375021267,-44.40047791098563,0.0,0.0,397.70840607196044,396.3508805448838,397.0042477221082,397.8139368984015,396.78741780769406,396.9423548037164,397.2528597418121,95.99999999999999,397.09760727276426,1.1788826873069516,1,1.5383767444688012,0.191984575333124
257.0,0.0,397.0919495864647,1.1792730553518886,95.99999999999999,386.53845506844414,400.00000000000114,520520.82716029993,279.1728396993917,1.5196086240785518,-6.274841723552527e-06,1.9254909860885447e-08,1.3442372215344273e-14,2.489328188026718e-16,5.4520606229936295,0.013707748244709042,-44.40047791098563,0.0,0.0,397.70227568781434,396.3441129359925,396.9985752226876,397.80960002728415,396.7821698703002,396.9368012970583,397.2470978758713,95.99999999999999,397.0919495864647,1.1792730553518886,1,1.5383767444688012,0.1920360970701599
257.5,0.0,397.08629190016705,1.179669086856972,95.99999999999999,386.52714478449724,400.00000000000114,520520.28402241535,279.7159775839757,1.519586399928436,-6.351204547172529e-06,1.948923597623699e-08,1.2013827432877374e-14,2.224782857940255e-16,5.452025010931031,0.013707489370679851,-44.40047791098563,0.0,0.0,397.6960332474385,396.33734081618735,396.9929025307239,397.8053724719388,396.7769539917774,396.9312465874133,397.2413372129207,95.99999999999999,397.08629190016705,1.179669086856972,1,1.5383767444688012,0.19208766025837068
258.0,0.0,397.080634213871,1.1800643407801308,95.99999999999999,386.51589749967013,400.00000000000114,520519.7408845309,280.25911546839063,1.5195641801770579,-6.427451751278568e-06,1.97232073028277e-08,1.2154340034431496e-14,2.250803710079907e-16,5.451989236227712,0.013707230752442913,-44.40047791098563,0.0,0.0,397.6897054939094,396.3305606808202,396.9872245072582,397.8012549891256,396.7717694874626,396.9256909306507,397.23557749709136,95.99999999999999,397.080634213871,1.1800643407801308,1,1.5383767444688012,0.19213926406927678
258.5,0.0,397.07497652757695,1.1804543360931163,95.99999999999999,386.5051170886428,400.0000000000011,520519.1977466467,280.8022533526248,1.519541964952396,-6.5034071212721756e-06,1.9956283110491118e-08,1.3278440846864465e-14,2.458970527197124e-16,5.4519532992740825,0.01370697238950504,-44.40047791098563,0.0,0.0,397.68331784123944,396.32379265426596,396.98153701540207,397.797247115694,396.7666157334689,396.92013444025844,397.2298186148954,95.99999999999999,397.07497652757695,1.1804543360931163,1,1.5383767444688012,0.1921909091833086
259.0,0.0,397.06931884128505,1.1808337793433286,95.99999999999999,386.4955277751211,400.00000000000114,520518.6546087627,281.3453912366384,1.5195197543811734,-6.579188095656718e-06,2.0188823769718827e-08,1.2047654540658938e-14,2.1033522146218786e-16,5.45191720067787,0.013706714281416702,-44.40047791098563,0.0,0.0,397.6768960668928,396.31705062641544,396.97583697698434,397.79335047111164,396.76149238865395,396.9145770291951,397.2240606533752,95.99999999999999,397.06931884128505,1.1808337793433286,1,1.5383767444688012,0.1922425958539964
259.5,0.0,397.06366115499566,1.181210230987383,95.99999999999999,386.4858700146841,400.00000000000114,520518.1114708789,281.88852912042273,1.5194975485940634,-6.6547945607453585e-06,2.0420828931652653e-08,1.2341690169836991e-14,2.2854981795994433e-16,5.45188094086683,0.013706456427754928,-44.40047791098563,0.0,0.0,397.6704652813293,396.3103459567259,396.97012216807445,397.7895689255535,396.7563992476358,396.90901852488173,397.21830378510964,95.99999999999999,397.06366115499566,1.181210230987383,1,1.5383767444688012,0.19229432404159177
260.0,0.0,397.05800346870853,1.1815855006512015,95.99999999999999,386.4760378880579,400.00000000000114,520517.56833299535,282.43166700398115,1.5194753477234464,-6.73010953278208e-06,2.065193962123371e-08,1.4777241930108428e-14,2.736526283353413e-16,5.4518445202147685,0.01370619882813618,-44.40047791098563,0.0,0.0,397.6640489520585,396.30369423302346,396.96439146624186,397.78590615221367,396.75133617178744,396.9034590572743,397.2125478801429,95.99999999999999,397.05800346870853,1.1815855006512015,1,1.5383767444688012,0.19234609386956614
260.5,0.0,397.0523457824238,1.1819558025582786,95.99999999999999,386.4660307971887,400.00000000000114,520517.025195112,282.97480488732225,1.5194531519026178,-6.805251132391277e-06,2.08825183021026e-08,1.2435365237539737e-14,2.3028454143592114e-16,5.45180793915041,0.013705941482224055,-44.40047791098563,0.0,0.0,397.65766818337676,396.2970836724563,396.95864467657543,397.7823623006483,396.7463030625608,396.89789851118763,397.2067930536599,95.99999999999999,397.0523457824238,1.1819558025582786,1,1.5383767444688012,0.1923979055047052
261.0,0.0,397.0466880961413,1.1823211856392586,95.99999999999999,386.4558781138791,400.00000000000114,520516.4820572289,283.51794277045286,1.5194309612656374,-6.88009851046445e-06,2.111219413802259e-08,1.587792397561571e-14,2.940356291780688e-16,5.451771198122848,0.013705684389717249,-44.40047791098563,0.0,0.0,397.65134118192236,396.29050331399065,396.9528821401154,397.7789178551661,396.74129982643456,396.89233652166905,397.20103967061334,95.99999999999999,397.0466880961413,1.1823211856392586,1,1.5383767444688012,0.19244975819152715
261.5,0.0,397.04103040986075,1.1826848610002494,95.99999999999999,386.44560761185784,400.00000000000114,520515.93891934596,284.0610806533788,1.51940877594706,-6.954834475436655e-06,2.1341528092934108e-08,1.248220277139111e-14,2.3115190317390955e-16,5.451734297588787,0.013705427550347182,-44.40047791098563,0.0,0.0,397.64508145193827,396.28393907365023,396.9471026114141,397.77556384646624,396.7363263957226,396.8867729355045,397.195287884217,95.99999999999999,397.04103040986075,1.1826848610002494,1,1.5383767444688012,0.19250164984518361
262.0,0.0,397.0353727235822,1.183057901193627,95.99999999999999,386.4338223462707,400.0000000000011,520515.3957814632,284.6042185361231,1.5193865960816193,-7.0293921794473135e-06,2.157031503823207e-08,1.3512628516121334e-14,2.502338614096544e-16,5.451697238008815,0.013705170963874875,-44.40047791098563,0.0,0.0,397.63890323421504,396.27737828074737,396.9413051536511,397.77370177589455,396.7313827383018,396.8812077017121,397.1895377454523,95.99999999999999,397.0353727235822,1.183057901193627,1,1.5383767444688012,0.19255357998547534
262.5,0.0,397.0297150373053,1.1834353963041304,95.99999999999999,386.4218956146732,400.0000000000011,520514.85264358064,285.14735641870465,1.5193644218113873,-7.103718189682695e-06,2.1798391010575686e-08,1.1311264425106768e-14,2.0946785972419946e-16,5.4516600198129055,0.013704914630086973,-44.40047791098563,0.0,0.0,397.63290092093854,396.270807813721,396.93549026650163,397.7726438310386,396.7264688139579,396.8756408914145,397.1837891831961,95.99999999999999,397.0297150373053,1.1834353963041304,1,1.5383767444688012,0.19260554778484135
263.0,0.0,397.02405735103,1.1838137399188038,95.99999999999999,386.41011917252865,400.0000000000011,520514.30950569815,285.69049430113,1.5193422532909917,-7.177986901751865e-06,2.202629115840066e-08,1.3184765779161718e-14,2.441623292437356e-16,5.4516226433481085,0.013704658549735882,-44.40047791098563,0.0,0.0,397.6270482201751,396.2641986752003,396.9296588902493,397.77172313392913,396.721584598543,396.87007208640705,397.17804261565294,95.99999999999999,397.02405735103,1.1838137399188038,1,1.5383767444688012,0.1926575488609975
263.5,0.0,397.0183996647563,1.1841933162180007,95.99999999999999,386.39855903036704,400.0000000000011,520513.7663678159,286.2336321834024,1.5193200906740505,-7.252020623127464e-06,2.2253470216384292e-08,1.1966989899026e-14,2.216109240560371e-16,5.451585108945316,0.013704402725612623,-44.40047791098563,0.0,0.0,397.62131715884954,396.25754979002994,396.92381204720067,397.77093629996745,396.7167300897526,396.8645010847065,397.17229824480626,95.99999999999999,397.0183996647563,1.1841933162180007,1,1.5383767444688012,0.1927095804150053
264.0,0.0,397.01274197848426,1.1845757057221433,95.99999999999999,386.38722626513885,400.0000000000011,520513.2232299338,286.7767700655203,1.5192979341215722,-7.325880062580836e-06,2.2480114474790392e-08,1.2622715372945232e-14,2.3375398838787476e-16,5.451547416987607,0.013704147160318014,-44.40047791098563,0.0,0.0,397.6156806215676,396.2508680383948,396.9179506014889,397.7702772513288,396.711905287671,396.85892758370414,397.16655637326437,95.99999999999999,397.01274197848426,1.1845757057221433,1,1.5383767444688012,0.19276164187585265
264.5,0.0,397.0070842922139,1.1849628999570967,95.99999999999999,386.3760953973539,400.0000000000011,520512.68009205186,287.31990794747185,1.5192757837932271,-7.399625246762298e-06,2.270640813073372e-08,1.2833484275276414e-14,2.3765711620882257e-16,5.451509567899264,0.013703891854997692,-44.40047791098563,0.0,0.0,397.6100055655568,396.2441650154457,396.9118951484431,397.76973833990644,396.7071103354763,396.85335167473346,397.1608169096943,95.99999999999999,397.0070842922139,1.1849628999570967,1,1.5383767444688012,0.19281373205940405
265.0,0.0,397.0014266059453,1.1853526473811624,95.99999999999999,386.3651146104937,400.0000000000011,520512.13695417007,287.8630458292545,1.5192536398498564,-7.473198195384612e-06,2.2932173266546606e-08,1.084288908659303e-14,2.0079424234431542e-16,5.451471562060492,0.013703636809941298,-44.40047791098563,0.0,0.0,397.60427071697166,396.2374547823792,396.9054275265594,397.76931215595846,396.70234556817314,396.8477744013608,397.15507881052986,95.99999999999999,397.0014266059453,1.1853526473811624,1,1.5383767444688012,0.19286584968048204
265.5,0.0,396.99576891967837,1.1857468614072386,95.99999999999999,386.354233614752,400.0000000000011,520511.59381628846,288.4061837108801,1.5192315025050336,-7.546591177742812e-06,2.315738615987336e-08,1.3418953448418587e-14,2.484991379336776e-16,5.451433399711543,0.01370338202559098,-44.40047791098563,0.0,0.0,397.59851532759694,396.2307518325478,396.89904892811694,397.768991809836,396.6976115505056,396.8421958259583,397.1493420133985,95.99999999999999,396.99576891967837,1.1857468614072386,1,1.5383767444688012,0.19291799330177262
266.0,0.0,396.99011123341285,1.1861423599128584,95.99999999999999,386.34341484632756,400.0000000000012,520511.05067840696,288.9493215923726,1.5192093719442874,-7.619871951192181e-06,2.338225473018444e-08,1.189673359824894e-14,2.203098814490545e-16,5.451395082987081,0.0137032057706167,-44.40047791098563,0.0,0.0,397.5927800651915,396.2240691231974,396.892807270908,397.76877836177573,396.6929262951837,396.83661490784726,397.1436075589785,95.99999999999999,396.99011123341285,1.1861423599128584,1,1.5383767444688012,0.19297015886380808
266.5,0.0,396.9844535471489,1.1865382250293655,95.99999999999999,386.3326265312983,400.0000000000012,520510.50754052564,289.49245947370946,1.5191872483505597,-7.69297560054838e-06,2.3606579779463685e-08,1.3817072486155264e-14,2.5587171270657905e-16,5.451356612270124,0.013703243821071924,-44.40047791098563,0.0,0.0,397.58710062982465,396.21768094832225,396.88668064281444,397.76839135389633,396.68826974920546,396.83103297561263,397.1378741186852,95.99999999999999,396.9844535471489,1.1865382250293655,1,1.5383767444688012,0.19302234285239586
267.0,0.0,396.9787958608865,1.1869285264833278,95.99999999999999,386.32184135296325,400.0000000000012,520509.96440264443,290.0355973549039,1.519165131888879,-7.76596488094583e-06,2.383055387742199e-08,1.2505621538316798e-14,2.3158558404290375e-16,5.4513179872084745,0.013703281678460074,-44.40047791098563,0.0,0.0,397.5815032799572,396.2116958048339,396.88064945481443,397.76668115557635,396.68365437490553,396.8254511590426,397.1321405627305,95.99999999999999,396.9787958608865,1.1869285264833278,1,1.5383767444688012,0.19307454393524162
267.5,0.0,396.9731381746269,1.1873170432798443,95.99999999999999,386.31103660187205,400.0000000000012,520509.4212647635,290.5787352358319,1.5191430227026257,-7.838659257686231e-06,2.405362303728236e-08,1.2248015102134243e-14,2.2681509448396753e-16,5.451279207796755,0.013703319340490025,-44.40047791098563,0.0,0.0,397.5759998931665,396.205833151694,396.87469213608904,397.76480294228577,396.6790751933465,396.8198677030034,397.1264086462503,95.99999999999999,396.9731381746269,1.1873170432798443,1,1.5383767444688012,0.19312676062093742
268.0,0.0,396.96748048837185,1.1877079378528035,95.99999999999999,386.30019070273687,400.0000000000012,520508.87812688306,291.12187311630976,1.5191209209130898,-7.910887973139324e-06,2.427526327407059e-08,1.128784565818108e-14,2.0903417885520525e-16,5.451240274338124,0.013703356805609669,-44.40047791098563,0.0,0.0,397.57059299135545,396.20006026727503,396.86878731108385,397.76300379500316,396.6745325869452,396.8142821343953,397.1206788423485,95.99999999999999,396.96748048837185,1.1877079378528035,1,1.5383767444688012,0.19317899127401533
268.5,0.0,396.9618228021212,1.1881029005012238,95.99999999999999,386.2892777471238,400.00000000000114,520508.3349890029,291.6650109963646,1.51909882660418,-7.982828833519306e-06,2.4496020201967548e-08,1.3208184546087404e-14,2.445960101127298e-16,5.451201186877898,0.01370339407341546,-44.40047791098563,0.0,0.0,397.565274177224,396.1943368876201,396.8629338411083,397.7612747124133,396.6700282838119,396.80869391994116,397.11495168430145,95.99999999999999,396.9618228021212,1.1881029005012238,1,1.5383767444688012,0.1932312342843562
269.0,0.0,396.95616511587434,1.1884655057170526,95.99999999999999,386.27826795016676,400.00000000000125,520507.7918511232,292.2081488760688,1.5190767398334903,-8.054300508320011e-06,2.4715337392189038e-08,1.3044253177607596e-14,2.415602440297704e-16,5.451161945051698,0.013703431143834374,-44.40047791098563,0.0,0.0,397.56002748161245,396.18862750126493,396.8572072615688,397.7594899405766,396.6655643079903,396.8031025241337,397.1092277076152,95.99999999999999,396.95616511587434,1.1884655057170526,1,1.5383767444688012,0.19328348298888204
269.5,0.0,396.9505074296296,1.1888065412284825,95.99999999999999,386.26713165833763,400.00000000000125,520507.24871324375,292.7512867555718,1.5190546606788806,-8.12554094409279e-06,2.4933945004888858e-08,1.2013827432877374e-14,2.224782857940255e-16,5.451122549252704,0.013703468016702601,-44.40047791098563,0.0,0.0,397.5548327019443,396.18289773061974,396.8514101293222,397.75746258538663,396.66114279377257,396.79750761608244,397.10350724317675,95.99999999999999,396.9505074296296,1.1888065412284825,1,1.5383767444688012,0.19333573549940336
270.0,0.0,396.94484974338457,1.1891538618182633,95.99999999999999,386.255828742365,400.0000000000012,520506.7055753643,293.29442463509287,1.5190325892408783,-8.196780697744543e-06,2.515255052443965e-08,1.2950578109904849e-14,2.398255205537936e-16,5.45108300048696,0.013703504692142704,-44.40047791098563,0.0,0.0,397.5496674433638,396.17714151760373,396.84553660017264,397.75564087446105,396.6567658679496,396.7919094705272,397.0977900162419,95.99999999999999,396.94484974338457,1.1891538618182633,1,1.5383767444688012,0.19338799097587372
270.5,0.0,396.9391920571373,1.1895049093320325,95.99999999999999,386.2443101193034,400.000000000001,520506.1624374845,293.83756251482754,1.5190105256348245,-8.268371743724856e-06,2.5372234015741643e-08,1.2505621538316798e-14,2.3158558404290375e-16,5.45104329973075,0.013703541170643227,-44.40047791098563,0.0,0.0,397.5445086323426,396.1713575091798,396.83958965802714,397.7538936581904,396.65243555594054,396.78630794649587,397.09207616777877,95.99999999999999,396.9391920571373,1.1895049093320325,1,1.5383767444688012,0.19344024840839597
271.0,0.0,396.93353437088615,1.1898590703247318,95.99999999999999,386.2325410964015,400.000000000001,520505.6192996044,294.38070039493675,1.5189884699827534,-8.340256670180679e-06,2.559281930541802e-08,1.2505621538316798e-14,2.3158558404290375e-16,5.451003447725142,0.013703577453122272,-44.40047791098563,0.0,0.0,397.5393354849868,396.16552263370954,396.83357758343135,397.75218944685054,396.64815373939143,396.7807029415271,397.0863658002453,95.99999999999999,396.93353437088615,1.1898590703247318,1,1.5383767444688012,0.19349250685974465
271.5,0.0,396.9278766846288,1.1902177578191102,95.99999999999999,386.2204993536315,400.0000000000011,520505.0761617237,294.923838275642,1.518966422415367,-8.412718898398452e-06,2.581517609689135e-08,1.302083441068191e-14,2.411265631607762e-16,5.45096344525413,0.013703613540116295,-44.40047791098563,0.0,0.0,397.5341298298381,396.15961081978776,396.82751273920763,397.7505153610331,396.6439220914267,396.77509409517177,397.080659274086,95.99999999999999,396.9278766846288,1.1902177578191102,1,1.5383767444688012,0.19354476221149708
272.0,0.0,396.92221899836346,1.1905870988843072,95.99999999999999,386.2081608943407,400.00000000000097,520504.53302384214,295.4669761571215,1.5189443830512142,-8.486057197387709e-06,2.6040221189437418e-08,1.0678957718113236e-14,1.97758476261356e-16,5.450923293026315,0.013703649432079737,-44.40047791098563,0.0,0.0,397.52887686427016,396.152894337717,396.82140824509725,397.7488625560054,396.6397420371687,396.76947624853534,397.0749617481914,95.99999999999999,396.92221899836346,1.1905870988843072,1,1.5383767444688012,0.19359701156095976
272.5,0.0,396.9165613120898,1.190973899174055,95.99999999999999,386.1955098326009,400.00000000000097,520503.9898859599,296.0101140393827,1.5189223520056403,-8.560092851439549e-06,2.6267406178009976e-08,1.2505621538316798e-14,2.3158558404290375e-16,5.450882991751795,0.013703685129426466,-44.40047791098563,0.0,0.0,397.52356838453613,396.1456191649343,396.8152768662927,397.7472234766482,396.6356147346036,396.7638494999168,397.069273124263,95.99999999999999,396.9165613120898,1.190973899174055,1,1.5383767444688012,0.19364924447904402
273.0,0.0,396.9109036258045,1.1913725069831491,95.99999999999999,386.18253813769644,400.00000000000097,520503.4467480766,296.5532519227735,1.518900329378916,-8.63517635707467e-06,2.649780659235302e-08,1.278664674142504e-14,2.3678975447083417e-16,5.450842541835923,0.013703720632549859,-44.40047791098563,0.0,0.0,397.51821540552044,396.1382167607458,396.80913006754076,397.74559037232655,396.6315411603425,396.7582165813206,397.0635906702885,95.99999999999999,396.9109036258045,1.1913725069831491,1,1.5383767444688012,0.19370144113510238
273.5,0.0,396.9052459400384,1.1917747327521933,95.99999999999999,386.1692482915734,400.00000000000097,520502.903610243,297.09638975632396,1.518878315245158,-8.660549383421312e-06,2.6575665980163344e-08,1.2903740576053475e-14,2.389581588158052e-16,5.450801943271515,0.013703755941525023,-44.40047791098563,0.0,0.0,397.5128339217031,396.1307368638578,396.80297750407937,397.7439558102624,396.6275221162855,396.75257975924364,397.0579121208332,95.99999999999999,396.9052459400384,1.1917747327521933,1,1.5383767444688012,0.19375359664721695
274.0,0.0,396.89958825426834,1.1921774820443476,95.99999999999999,386.1556585517656,400.000000000001,520502.36047240905,297.6395275902552,1.518856309715166,-8.686271542046597e-06,2.66545967114196e-08,1.3184765779161718e-14,2.441623292437356e-16,5.450761196273817,0.013703791055798754,-44.40047791098563,0.0,0.0,397.507438207536,396.1232256945606,396.7968270668337,397.74231549504674,396.6235578420649,396.7469398014971,397.05223670703947,95.99999999999999,396.89958825426834,1.1921774820443476,1,1.5383767444688012,0.19380571377687172
274.5,0.0,396.89393056849536,1.192574690924774,95.99999999999999,386.14180088492486,400.000000000001,520501.8173345749,298.18266542445133,1.518834312915813,-8.712227099749725e-06,2.6734243648502785e-08,1.1803058530546192e-14,2.185751579730777e-16,5.450720301577799,0.013703825975616677,-44.40047791098563,0.0,0.0,397.5020425838252,396.1157797191904,396.79068526447577,397.74056645228933,396.61964826992187,396.7412964976219,397.04656463936897,95.99999999999999,396.89393056849536,1.192574690924774,1,1.5383767444688012,0.19385779512776116
275.0,0.0,396.88827288272114,1.1929668129867628,95.99999999999999,386.12771689992957,400.000000000001,520501.27419674053,298.7258032587833,1.5188123249808285,-8.738357280435594e-06,2.6814426431738025e-08,1.1545452094363636e-14,2.1380466841414147e-16,5.450679260275853,0.013703860701476835,-44.40047791098563,0.0,0.0,397.4966639348832,396.10852195937696,396.7845578340706,397.7386303031169,396.6157929224297,396.73564950088354,397.0408962645587,95.99999999999999,396.88827288272114,1.1929668129867628,1,1.5383767444688012,0.1939098429637583
275.5,0.0,396.8826151969466,1.1933560299758406,95.99999999999999,386.1134540350007,400.000000000001,520500.7310589062,299.26894109313906,1.5187903460250385,-8.764489734858216e-06,2.6894616192136702e-08,1.1685964695917758e-14,2.1640675362810669e-16,5.450638073294607,0.013703895234093048,-44.40047791098563,0.0,0.0,397.4913107819775,396.1015658261521,396.7784501862258,397.7365059674255,396.6119905435614,396.72999832172945,397.03523207216364,95.99999999999999,396.8826151969466,1.1933560299758406,1,1.5383767444688012,0.1939618589433893
276.0,0.0,396.8769575111726,1.1937451237760333,95.99999999999999,386.0990619501885,400.00000000000097,520500.1879210719,299.8120789274468,1.5187683761566295,-8.790560912075307e-06,2.697461791798072e-08,1.2248015102134243e-14,2.2681509448396753e-16,5.4505967413687815,0.013703929574143457,-44.40047791098563,0.0,0.0,397.4859851135316,396.09500871840635,396.77236743133795,397.73419064396785,396.6082395184561,396.7243425186763,397.0295725036688,95.99999999999999,396.8769575111726,1.1937451237760333,1,1.5383767444688012,0.19401384443744243
276.5,0.0,396.87129982539943,1.1941361150200716,95.99999999999999,386.0845899717092,400.00000000000097,520499.64478323766,300.3552167616617,1.518746415482355,-8.816572858449945e-06,2.705443788871717e-08,1.3559466049972708e-14,2.5110122314764283e-16,5.450555265145095,0.013703963722196552,-44.40047791098563,0.0,0.0,397.48068301020686,396.08884932262373,396.76631505911377,397.7316821053246,396.6045372571716,396.7186816521041,397.0239179986948,95.99999999999999,396.87129982539943,1.1941361150200716,1,1.5383767444688012,0.19406579780239736
277.0,0.0,396.86564213962725,1.1945309650174214,95.99999999999999,386.07008489382,400.00000000000097,520499.10164540354,300.89835459579353,1.518724464107691,-8.842471117986861e-06,2.7133909001281714e-08,1.33955346814929e-14,2.480654570646834e-16,5.45051364520942,0.013703997678756161,-44.40047791098563,0.0,0.0,397.4753956287705,396.0830390522725,396.7602990179945,397.7289786376266,396.60088277229875,396.71301580580007,397.01826847345444,95.99999999999999,396.86564213962725,1.1945309650174214,1,1.5383767444688012,0.19411772028103005
277.5,0.0,396.85998445385576,1.1949296216513268,95.99999999999999,386.05558892443213,400.00000000000097,520498.5585075694,301.44149242985645,1.518702522137139,-8.868368126968562e-06,2.7213376276406367e-08,1.2810065508350727e-14,2.3722343533982837e-16,5.4504718821102465,0.01370403144427204,-44.40047791098563,0.0,0.0,397.47011080524135,396.07751894150294,396.75432546542,397.7260789249372,396.59727164305536,396.7073449278694,397.01262397984215,95.99999999999999,396.85998445385576,1.1949296216513268,1,1.5383767444688012,0.19416961312023476
278.0,0.0,396.8543267680848,1.195330474471642,95.99999999999999,386.0411393214927,400.000000000001,520498.0153697354,301.9846302638748,1.5186805896738955,-8.894150766991515e-06,2.729249260021008e-08,9.016225266389452e-15,1.6696713456276768e-16,5.4504299763713355,0.013704065019153664,-44.40047791098563,0.0,0.0,397.46481441794674,396.07219701933934,396.74840043655337,397.7229820281132,396.5937024651683,396.70166890063535,397.00698463553414,95.99999999999999,396.8543267680848,1.195330474471642,1,1.5383767444688012,0.19422147732255615
278.5,0.0,396.8486690823139,1.1957357682771648,95.99999999999999,386.026767563542,400.000000000001,520497.4722319014,302.52776809787514,1.518658666820612,-8.919932497519767e-06,2.7371606133148416e-08,1.2435365237539737e-14,2.3028454143592114e-16,5.450387928533622,0.013704098403781421,-44.40047791098563,0.0,0.0,397.4594918676736,396.06696807356735,396.7425294497504,397.7196872819738,396.59017300594627,396.69598792539705,397.00135023923076,95.99999999999999,396.8486690823139,1.1957357682771648,1,1.5383767444688012,0.19427331231427802
279.0,0.0,396.8430113965429,1.1961486472622345,95.99999999999999,386.01249942806675,400.00000000000114,520496.9290940674,303.0709059318857,1.5186367536788992,-8.945713318553317e-06,2.7450716875221377e-08,1.1264426891255394e-14,2.0860049798621105e-16,5.450345739089814,0.013704131598567686,-44.40047791098563,0.0,0.0,397.4541295878553,396.0617325780736,396.73671795898366,397.71619445553887,396.586680859436,396.69030229246266,396.9957205006233,95.99999999999999,396.8430113965429,1.1961486472622345,1,1.5383767444688012,0.19432511918590484
279.5,0.0,396.83735371077165,1.1965592849124538,95.99999999999999,385.9983550705763,400.0000000000012,520496.38595623337,303.614043765931,1.518614850339972,-8.971555075731885e-06,2.753001460527448e-08,1.2692971673722293e-14,2.3505503099485736e-16,5.450303408598298,0.013704164603855902,-44.40047791098563,0.0,0.0,397.44871617659027,396.05641033152324,396.73102786781067,397.7125035793417,396.58322351344435,396.6846154236948,396.9900919978485,95.99999999999999,396.83735371077165,1.1965592849124538,1,1.5383767444688012,0.1943768984134593
280.0,0.0,396.8316960249999,1.196953270434901,95.99999999999999,385.9843493094646,400.0000000000012,520495.8428183993,304.1571816000202,1.518592956907619,-8.99739353599216e-06,2.7609302218440602e-08,1.1873314831323253e-14,2.198762005800603e-16,5.450260937517636,0.013704197420056236,-44.40047791098563,0.0,0.0,397.44324254104754,396.0509483277715,396.7254660926396,397.70861490756516,396.57979835232914,396.67892887816674,396.984463171833,95.99999999999999,396.8316960249999,1.196953270434901,1,1.5383767444688012,0.1944286502058317
280.5,0.0,396.82603833922656,1.197328236325474,95.99999999999999,385.9704921472411,400.0000000000012,520495.299680565,304.7003194342553,1.5185710734827855,-9.023463803714549e-06,2.7689301153419244e-08,1.2599296606019545e-14,2.3332030751888055e-16,5.450218326316668,0.013704230047474406,-44.40047791098563,0.0,0.0,397.4376463853739,396.04532329743677,396.7199275191211,397.70452896213624,396.5764026168846,396.6732403703768,396.97883630807644,95.99999999999999,396.82603833922656,1.197328236325474,1,1.5383767444688012,0.1944803745673989
281.0,0.0,396.82038065344716,1.1976851455210282,95.99999999999999,385.9567893843033,400.0000000000012,520494.75654273026,305.24345726907427,1.5185492001646073,-9.05000246120835e-06,2.7770737384066152e-08,1.1943571132100314e-14,2.211772431870429e-16,5.450175575475531,0.013704262486423232,-44.40047791098563,0.0,0.0,397.43185096814295,396.039539596329,396.7143934879807,397.7002465209919,396.57303337630907,396.6675489472453,396.97321235964915,95.99999999999999,396.82038065344716,1.1976851455210282,1,1.5383767444688012,0.19453207133446004
281.5,0.0,396.8147229676591,1.1980341086411237,95.99999999999999,385.94324330402895,400.0000000000012,520494.2134048946,305.7865951047231,1.518527337050798,-9.077472441276768e-06,2.7855031460857342e-08,1.1381520725883828e-14,2.1076890233118206e-16,5.4501326854819,0.013704294737234154,-44.40047791098563,0.0,0.0,397.4258574920995,396.0336229828325,396.70888059589663,397.6957685203842,396.5696875331836,396.6618548979423,396.9675910373761,95.99999999999999,396.8147229676591,1.1980341086411237,1,1.5383767444688012,0.19458374024344297
282.0,0.0,396.8090652818605,1.1983841413798648,95.99999999999999,385.9298532598252,400.00000000000114,520493.67026705795,306.32973294139765,1.518505484237928,-9.105872720738262e-06,2.7942180244069266e-08,1.2927159342979162e-14,2.393918396847994e-16,5.450089656829057,0.013704326800254952,-44.40047791098563,0.0,0.0,397.4196999116556,396.02761248418415,396.70340616279,397.69109620162885,396.56636184581635,396.6561584444347,396.96197211928626,95.99999999999999,396.8090652818605,1.1983841413798648,1,1.5383767444688012,0.19463538127272842
282.5,0.0,396.80340759604934,1.1987355518867853,95.99999999999999,385.91661627423036,400.00000000000114,520493.12712922005,306.87287077926953,1.5184836418216778,-9.135553000305663e-06,2.8033256821438718e-08,1.1803058530546192e-14,2.185751579730777e-16,5.45004649001494,0.013704358675846203,-44.40047791098563,0.0,0.0,397.41342370173805,396.02155099307504,396.69798301139457,397.6862310925865,396.56305288252815,396.6504596109763,396.95635558112235,95.99999999999999,396.80340759604934,1.1987355518867853,1,1.5383767444688012,0.19468699413684815
283.0,0.0,396.79774991022424,1.1990876954602687,95.99999999999999,385.903527546507,400.00000000000114,520492.5839913809,307.4160086184745,1.5184618098966618,-9.166515553715726e-06,2.8128268170129133e-08,1.3489209749195647e-14,2.498001805406602e-16,5.450003185540999,0.013704390364378434,-44.40047791098563,0.0,0.0,397.40707621552,396.0154791085257,396.6926206984245,397.6811748967536,396.5597570127857,396.64475833156035,396.9507414888881,95.99999999999999,396.79774991022424,1.1990876954602687,1,1.5383767444688012,0.19473857840551684
283.5,0.0,396.7920922243841,1.1994444821226113,95.99999999999999,385.89058064880305,400.00000000000114,520492.0408535402,307.9591464591334,1.5184399885569317,-9.198991278935864e-06,2.822792282108766e-08,1.2552459072168171e-14,2.3245294578089215e-16,5.449959743911877,0.01370442186623147,-44.40047791098563,0.0,0.0,397.4007014684433,396.00942420861657,396.6873259670736,397.67593475105684,396.5564727697222,396.63905444222115,396.94513000654695,95.99999999999999,396.7920922243841,1.1994444821226113,1,1.5383767444688012,0.19479013352436908
284.0,0.0,396.7864345385276,1.1998067656106073,95.99999999999999,385.8777681170037,400.00000000000114,520491.497715698,308.5022843013527,1.5184181778733248,-9.232980744400265e-06,2.8332222518605163e-08,1.2903740576053475e-14,2.389581588158052e-16,5.449916165296399,0.013704453181791766,-44.40047791098563,0.0,0.0,397.3943362905312,396.0034008010827,396.68220987227966,397.670508192656,396.5532295607527,396.6333474385718,396.93952163848337,95.99999999999999,396.7864345385276,1.1998067656106073,1,1.5383767444688012,0.19484165884339735
284.5,0.0,396.78077685265373,1.2001651914255762,95.99999999999999,385.8650818840926,400.00000000000114,520490.95457785414,309.04542214524577,1.5183963779319898,-9.268595590583573e-06,2.844150984140645e-08,1.121758935740402e-14,2.0773313624822265e-16,5.449872449718848,0.01370448431129389,-44.40047791098563,0.0,0.0,397.3880078630946,395.99741310102274,396.67730331696134,397.6641273157539,396.5500243710589,396.6276368056641,396.93391689964335,95.99999999999999,396.78077685265373,1.2001651914255762,1,1.5383767444688012,0.19489315363888984
285.0,0.0,396.775119166761,1.2005235885517065,95.99999999999999,385.8525143075134,400.00000000000114,520490.4114400084,309.58855999094726,1.5183745888327216,-9.30613049376916e-06,2.8556689029873117e-08,1.2177758801357183e-14,2.255140518769849e-16,5.449828597795987,0.013704515254826188,-44.40047791098563,0.0,0.0,397.38165207530517,395.9914513043014,396.67249840791317,397.65762024428835,396.54685592756084,396.6219223859819,396.9283159475401,95.99999999999999,396.775119166761,1.2005235885517065,1,1.5383767444688012,0.19494461321435655
285.5,0.0,396.769461480848,1.2008812725249447,95.99999999999999,385.8400560034185,400.00000000000114,520489.8683021607,310.13169783859,1.518352810676246,-9.345590115117375e-06,2.8677774387190206e-08,1.302083441068191e-14,2.411265631607762e-16,5.449784610687095,0.013704546012757486,-44.40047791098563,0.0,0.0,397.3752897972144,395.9854947441047,396.66766404113963,397.6509597088241,396.5437197889021,396.6162041006362,396.92271886105993,95.99999999999999,396.769461480848,1.2008812725249447,1,1.5383767444688012,0.1949960376341116
286.0,0.0,396.763803794916,1.20123906799246,95.99999999999999,385.82769826395065,400.0000000000012,520489.3251643113,310.67483568807353,1.5183310435548774,-9.386795511545643e-06,2.8804216810595135e-08,1.128784565818108e-14,2.0903417885520525e-16,5.449740489204581,0.013704576585721561,-44.40047791098563,0.0,0.0,397.36895548868904,395.97952030017524,396.6627257350977,397.6441477193905,396.5406096952357,396.61048184864535,396.9171257411866,95.99999999999999,396.763803794916,1.20123906799246,1,1.5383767444688012,0.195047417224341
286.5,0.0,396.7581461089692,1.2015959470243527,95.99999999999999,385.8154329613216,400.00000000000114,520488.7820264603,311.2179735389692,1.51830928755425,-9.429574333807977e-06,2.8935487431099292e-08,1.1662545928992071e-14,2.1597307275911248e-16,5.449696233799496,0.013704606974311128,-44.40047791098563,0.0,0.0,397.3626732708341,395.9735141572032,396.6576095238972,397.63719273846834,396.5375183853241,396.60475548554047,396.91153673239774,95.99999999999999,396.7581461089692,1.2015959470243527,1,1.5383767444688012,0.1950987504093587
287.0,0.0,396.75248842300545,1.2019495088560725,95.99999999999999,385.8032523817822,400.00000000000114,520488.2388886078,311.76111139148463,1.5182875427675746,-9.473809484461526e-06,2.9071226924785604e-08,1.1920152365174627e-14,2.207435623180487e-16,5.449651844982723,0.013704637179078728,-44.40047791098563,0.0,0.0,397.35645491884816,395.96745184978187,396.6523066915939,397.63010179439334,396.5344379252556,396.59902482350486,396.905952022506,95.99999999999999,396.75248842300545,1.2019495088560725,1,1.5383767444688012,0.1951500365382022
287.5,0.0,396.74683073701914,1.2022933632697728,95.99999999999999,385.791149103913,400.00000000000114,520487.69575075316,312.30424924616966,1.5182658092938257,-9.520255275674572e-06,2.9213749965624692e-08,1.0374513748079292e-14,1.9212062496443139e-16,5.449607323275041,0.013704667200551395,-44.40047791098563,0.0,0.0,397.3503010339622,395.9613284233939,396.64684822981656,397.6231312426614,396.5313598766453,396.59328968492423,396.90037178911405,95.99999999999999,396.74683073701914,1.2022933632697728,1,1.5383767444688012,0.1952012734624166
288.0,0.0,396.7411730510012,1.2026480130994504,95.99999999999999,385.7791028798195,400.00000000000136,520487.1526128954,312.8473871038927,1.5182440872327108,-9.569784026552952e-06,2.936573334236962e-08,1.3957585087709385e-14,2.5847379792054426e-16,5.449562669183032,0.013704697039176046,-44.40047791098563,0.0,0.0,397.34420308740437,395.9551528393373,396.6412842172566,397.616558171408,396.52827545733277,396.5875500595049,396.89479604249755,95.99999999999999,396.7411730510012,1.2026480130994504,1,1.5383767444688012,0.19525245178543452
288.5,0.0,396.735515364937,1.203013009462232,95.99999999999999,385.76712888721477,400.00000000000136,520486.60947503324,313.3905249660545,1.5182223766829885,-9.6237333764293e-06,2.9531281720271067e-08,1.0678957718113221e-14,1.97758476261356e-16,5.449517883094899,0.013704726695384147,-44.40047791098563,0.0,0.0,397.3381458175806,395.94893466063024,396.63566852123836,397.6092807610685,396.5251757225922,396.5818056759677,396.88922505390633,95.99999999999999,396.735515364937,1.203013009462232,1,1.5383767444688012,0.19530355398631588
289.0,0.0,396.7298576788074,1.2033970110875671,95.99999999999999,385.7551969335377,400.00000000000125,520486.06633716484,313.9336628345048,1.5182006777407926,-9.683914811375871e-06,2.971595380544024e-08,1.2927159342979162e-14,2.393918396847994e-16,5.449472965380722,0.013704756169489464,-44.40047791098563,0.0,0.0,397.3321110019318,395.94270458208234,396.63004830266175,397.60167025880304,396.5220517551077,396.5760534338881,396.88366192372666,95.99999999999999,396.7298576788074,1.2033970110875671,1,1.5383767444688012,0.19535458378883436
289.5,0.0,396.72419999258034,1.2037983255037794,95.99999999999999,385.7432709620933,400.00000000000125,520485.52319928707,314.47680071229536,1.5181789904977452,-9.753465519679594e-06,2.992937633913097e-08,9.718788274160059e-15,1.7997756063259374e-16,5.449427916555069,0.0137047854618805,-44.40047791098563,0.0,0.0,397.3261114132548,395.9365046932122,396.62445850357796,397.59387296331477,396.51889487438007,396.57029247199966,396.87810751316107,95.99999999999999,396.72419999258034,1.2037983255037794,1,1.5383767444688012,0.195405540639435
290.0,0.0,396.71854230708055,1.2042025097197544,95.99999999999999,385.7313202167096,400.00000000000114,520484.98006147903,315.01993852028136,1.5181573150436336,-9.75328458707736e-06,2.992882113135038e-08,1.2950578109904849e-14,2.398255205537936e-16,5.4493827371045365,0.013704814573217382,-44.40047791098563,0.0,0.0,397.3201975602698,395.9303767759632,396.61892055788394,397.585898190419,396.51569681586477,396.5645249956779,396.8725596184832,95.99999999999999,396.71854230708055,1.2042025097197544,1,1.5383767444688012,0.19545642126880972
290.5,0.0,396.7128846215808,1.2046052953906476,95.99999999999999,385.7193187279619,400.00000000000114,520484.4369236711,315.563076328252,1.5181356514666462,-9.752985874911246e-06,2.992790450650369e-08,1.152203332743795e-14,2.1337098754514727e-16,5.449337427486753,0.013704843504048844,-44.40047791098563,0.0,0.0,397.31437949340227,395.9243557559818,396.6134439782587,397.5777539857504,396.5124498901065,396.5587519836295,396.86701725953213,95.99999999999999,396.7128846215808,1.2046052953906476,1,1.5383767444688012,0.19550722926609654
291.0,0.0,396.70722693608116,1.2050063934983863,95.99999999999999,385.70724372876373,400.00000000000114,520483.8937858631,316.1062141362144,1.518113999851574,-9.752750827374257e-06,2.992718324223327e-08,1.1428358259735202e-14,2.1163626406917047e-16,5.449291988166325,0.013704872255214802,-44.40047791098563,0.0,0.0,397.3086043159871,395.9184663209157,396.6080339592743,397.56944854292954,396.50914710694025,396.55297367946105,396.8614801927014,95.99999999999999,396.70722693608116,1.2050063934983863,1,1.5383767444688012,0.19555796846370868
291.5,0.0,396.70156925058177,1.205407878105936,95.99999999999999,385.6950756498463,400.00000000000114,520483.35064805514,316.6493519441692,1.5180923602832668,-9.75251464296889e-06,2.992645848938113e-08,1.1030239221998525e-14,2.0426368929626904e-16,5.4492464204417494,0.013704900828979127,-44.40047791098563,0.0,0.0,397.30281623135375,395.91274161985854,396.6026824719791,397.5609909558699,396.5057822771345,396.5471904268759,396.8559480742875,95.99999999999999,396.70156925058177,1.205407878105936,1,1.5383767444688012,0.19560864114639578
292.0,0.0,396.6959115650821,1.205808279389896,95.99999999999999,385.6827984143135,400.00000000000114,520482.8075102472,317.1924897521272,1.5180707328466019,-9.752218659286882e-06,2.992555023713056e-08,1.2037246199803061e-14,2.229119666630197e-16,5.4492007247078,0.013704929227013775,-44.40047791098563,0.0,0.0,397.29691948157125,395.9071820499338,396.5973809912563,397.5523931064982,396.5023500959999,396.54140280770577,396.85042032245843,95.99999999999999,396.6959115650821,1.205808279389896,1,1.5383767444688012,0.1956592502732375
292.5,0.0,396.6902538795824,1.2062041739253753,95.99999999999999,385.6703990576204,400.00000000000114,520482.2643724392,317.7356275601007,1.5180491175855892,-9.75203965936089e-06,2.992500095993889e-08,1.248220277139111e-14,2.3115190317390955e-16,5.449154900511757,0.01370495744949314,-44.40047791098563,0.0,0.0,397.29082547548387,395.9017722657937,396.59212218271534,397.54366673097326,396.49884620363974,396.5356113879394,396.8448963712254,95.99999999999999,396.6902538795824,1.2062041739253753,1,1.5383767444688012,0.1957097928968139
293.0,0.0,396.6845961940824,1.2066007640039271,95.99999999999999,385.6578675515587,400.00000000000114,520481.72123463126,318.27876536809845,1.5180275145794069,-9.751744016739394e-06,2.992409375426284e-08,1.1943571132100314e-14,2.211772431870429e-16,5.449108948115017,0.013704985496166028,-44.40047791098563,0.0,0.0,397.2845652861003,395.89648568820235,396.5869009815503,397.5348251813894,396.49526717683534,396.52981642832725,396.8393759598376,95.99999999999999,396.6845961940824,1.2066007640039271,1,1.5383767444688012,0.1957602705138925
293.5,0.0,396.67893850858223,1.2069985786207256,95.99999999999999,385.64519674405864,400.00000000000114,520481.17809682316,318.82190317611855,1.5180059238875392,-9.751623792908504e-06,2.9923724836746045e-08,1.316134701223603e-14,2.437286483747414e-16,5.44906286839643,0.01370501336664298,-44.40047791098563,0.0,0.0,397.27813829276033,395.89129052949403,396.5817145963278,397.5258846247421,396.4916104933764,396.52401873613155,396.8338582810328,95.99999999999999,396.67893850858223,1.2069985786207256,1,1.5383767444688012,0.1958106853392219
294.0,0.0,396.67328082308177,1.207397450417263,95.99999999999999,385.6323827489498,400.00000000000114,520480.6349590152,319.36504098416526,1.5179843455868705,-9.7513874948163e-06,2.992299973503573e-08,1.114733305662696e-14,2.0643209364124004e-16,5.449016662121733,0.013705041060903585,-44.40047791098563,0.0,0.0,397.27154905840536,395.8861546141662,396.5765635009897,397.51685384872883,396.4878744766093,396.51821898317473,396.82834266298875,95.99999999999999,396.67328082308177,1.207397450417263,1,1.5383767444688012,0.19586103935511648
294.5,0.0,396.66762313758096,1.2077961071869492,95.99999999999999,385.61942451224286,400.00000000000125,520480.0918212071,319.90817879224585,1.5179627797864987,-9.751267612045922e-06,2.9922631864093456e-08,1.1779639763620505e-14,2.181414771040835e-16,5.448970329944225,0.013705068579060297,-44.40047791098563,0.0,0.0,397.26480984984124,395.881049233119,396.5714478395918,397.507741478933,396.4840582166137,396.51241774450637,396.8228285306555,95.99999999999999,396.66762313758096,1.2077961071869492,1,1.5383767444688012,0.19591133434994795
295.0,0.0,396.6619654528245,1.208190759578937,95.99999999999999,385.6063238365231,400.00000000000125,520479.54868347046,320.4513165288557,1.5179412265903371,-9.679666220563377e-06,2.9702916626697818e-08,1.2950578109904849e-14,2.398255205537936e-16,5.448923872460387,0.01370509592130138,-44.40047791098563,0.0,0.0,397.2579389291821,395.875951179436,396.5663673909087,397.49855630597176,396.48016147588453,396.50661559578145,396.8173153098676,95.99999999999999,396.6619654528245,1.208190759578937,1,1.5383767444688012,0.19596156801579995
295.5,0.0,396.65630776797275,1.2085669639385024,95.99999999999999,385.5930862382064,400.00000000000125,520479.00554572465,320.9944542746215,1.5179196860950694,-9.617261525818321e-06,2.9511422271118786e-08,1.2739809207573667e-14,2.3592239273284576e-16,5.448877290224983,0.013705123087884559,-44.40047791098563,0.0,0.0,397.25095829629004,395.87084369633067,396.56132149084806,397.4880958092108,396.4761845625909,396.5008130492118,396.81180248673377,95.99999999999999,396.65630776797275,1.2085669639385024,1,1.5383767444688012,0.19601174007791883
296.0,0.0,396.65065008305464,1.2089324161938326,95.99999999999999,385.5797171754843,400.00000000000125,520478.46240797255,321.5375920267658,1.5178981583902924,-9.561143713199272e-06,2.933921977244634e-08,1.1779639763620505e-14,2.181414771040835e-16,5.4488305837992534,0.013705150079115724,-44.40047791098563,0.0,0.0,397.24389220244973,395.86571879439157,396.5563091720069,397.4774887160258,396.4721282354069,396.4950105720943,396.8062895940148,95.99999999999999,396.65065008305464,1.2089324161938326,1,1.5383767444688012,0.19606185205585225
296.5,0.0,396.6449923981027,1.2092938960247903,95.99999999999999,385.566160775887,400.00000000000136,520477.9192702172,322.0807297821465,1.517876643560217,-9.508287234893942e-06,2.9177024968151457e-08,1.1006820455072838e-14,2.0383000842727483e-16,5.448783753688286,0.013705176895387224,-44.40047791098563,0.0,0.0,397.23676541254656,395.8605898558487,396.5513293171197,397.46694996828757,396.46799359498124,396.48920854485993,396.8007762513455,95.99999999999999,396.6449923981027,1.2092938960247903,1,1.5383767444688012,0.19611190392893055
297.0,0.0,396.639334713138,1.2096547260552752,95.99999999999999,385.5524194390425,400.00000000000136,520477.37613246054,322.6238675387623,1.517855141684211,-9.456707346089388e-06,2.9018747492268942e-08,1.3044253177607596e-14,2.415602440297704e-16,5.448736800361036,0.013705203537083117,-44.40047791098563,0.0,0.0,397.22960278165476,395.85546752547776,396.546380782414,397.45649355855124,396.46378195128904,396.4834073349262,396.7952620913496,95.99999999999999,396.639334713138,1.2096547260552752,1,1.5383767444688012,0.19616189430853587
297.5,0.0,396.63367702819073,1.2100141011059367,95.99999999999999,385.5385206509572,400.0000000000012,520476.83299470565,323.1670052937021,1.5178336528381413,-9.403386457051965e-06,2.8855127602341808e-08,1.189673359824894e-14,2.203098814490545e-16,5.448689724525213,0.013705230004568783,-44.40047791098563,0.0,0.0,397.22242769142224,395.8503534120542,396.5414625015321,397.4461319083964,396.45949468882907,396.47760723691385,396.7897468194676,95.99999999999999,396.63367702819073,1.2100141011059367,1,1.5383767444688012,0.19621182375860335
298.0,0.0,396.6280193433097,1.2103742004766724,95.99999999999999,385.5244955993317,400.0000000000012,520476.28985695704,323.7101430422847,1.517812177097833,-9.343780504877941e-06,2.8672221437238842e-08,1.2130921267505809e-14,2.246466901389965e-16,5.448642526766058,0.013705256298320614,-44.40047791098563,0.0,0.0,397.21525965189306,395.8452452052166,396.5365735824698,397.4358767098287,396.45513313064225,396.4718081727259,396.78423051389336,95.99999999999999,396.6280193433097,1.2103742004766724,1,1.5383767444688012,0.19626169401448038
298.5,0.0,396.6223616578054,1.2107345358653616,95.99999999999999,385.5103757693796,400.0000000000012,520475.7467191486,324.25328085069873,1.5177907145362988,-9.344007821709965e-06,2.8672918979153575e-08,1.1756220996694819e-14,2.177077962350893e-16,5.4485952075348205,0.013705282418817445,-44.40047791098563,0.0,0.0,397.2081145474737,395.84013614305627,396.53171333378714,397.42573809818333,396.45069841113303,396.4660104380628,396.7787128775479,95.99999999999999,396.6223616578054,1.2107345358653616,1,1.5383767444688012,0.19631150649812515
299.0,0.0,396.6167039723005,1.2110950497729909,95.99999999999999,385.49619187395854,400.0000000000012,520475.20358134015,324.7964186591653,1.517769265470107,-9.344233319552586e-06,2.8673610939337556e-08,1.3418953448418587e-14,2.484991379336776e-16,5.448547766764283,0.01370530836650792,-44.40047791098563,0.0,0.0,397.201004466744,395.8350217122251,396.5268812704704,397.4157264270675,396.446191309185,396.4602142443166,396.7731937002844,95.99999999999999,396.6167039723005,1.2110950497729909,1,1.5383767444688012,0.19636126302872137
299.5,0.0,396.6110462862835,1.2114379169055187,95.99999999999999,385.4819770198282,400.0000000000012,520474.6604434826,325.33955651679526,1.5177478299456897,-9.393590516992845e-06,2.882506788910107e-08,1.1826477297471879e-14,2.190088388420719e-16,5.448500204703196,0.013705334142650284,-44.40047791098563,0.0,0.0,397.1939376870181,395.8297889581857,396.522077172648,397.40585131094565,396.4416121124316,396.45441962927504,396.767672943292,95.99999999999999,396.6110462862835,1.2114379169055187,1,1.5383767444688012,0.19641096557407245
300.0,0.0,396.60538860057477,1.2117620204269075,95.99999999999999,385.4676495155026,400.00000000000114,520474.11730565445,325.88269434483703,1.5177264079855703,-9.413493955889862e-06,2.8886143361402665e-08,1.1826477297471879e-14,2.190088388420719e-16,5.448452522123293,0.013705359751054972,-44.40047791098563,0.0,0.0,397.1869354939043,395.82410856660414,396.517301102514,397.39612175223,396.4369605608546,396.4486265904248,396.76215061072463,95.99999999999999,396.60538860057477,1.2117620204269075,0,0.0,0.19646061521548774
